INCP Business Total Personal Income (weekly),"$1-$149 ($1-$7,799)","$150-$299 ($7,800-$15,599)","$300-$399 ($15,600-$20,799)","$400-$499 ($20,800-$25,999)","$500-$649 ($26,000-$33,799)","$650-$799 ($33,800-$41,599)","$800-$999 ($41,600-$51,999)","$1,000-$1,249 ($52,000-$64,999)","$1,250-$1,499 ($65,000-$77,999)","$1,500-$1,749 ($78,000-$90,999)","$1,750-$1,999 ($91,000-$103,999)","$2,000-$2,999 ($104,000-$155,999)","$3,000-$3,499 ($156,000-$181,999)","$3,500 or more ($182,000 or more)",Total,Average,Round Down,Return Val
Braidwood,0,0,0,0,5,0,5,8,5,5,15,17,0,17,77,2081.168831,2081,"$2,000-$2,999 ($104,000-$155,999)"
Karabar,0,3,0,0,0,0,4,16,36,46,43,56,10,16,230,1945.76087,1945,"$1,750-$1,999 ($91,000-$103,999)"
Queanbeyan,0,0,0,0,3,6,12,28,47,51,39,104,14,22,326,1873.849693,1873,"$1,750-$1,999 ($91,000-$103,999)"
Queanbeyan - East,0,0,0,0,0,5,5,16,21,35,24,46,9,12,173,1903.901734,1903,"$1,750-$1,999 ($91,000-$103,999)"
Queanbeyan West - Jerrabomberra,0,0,0,6,10,8,18,31,68,81,84,171,46,99,622,2117.483923,2117,"$2,000-$2,999 ($104,000-$155,999)"
Googong,0,0,0,0,0,3,8,15,30,49,58,90,18,30,301,2074.335548,2074,"$2,000-$2,999 ($104,000-$155,999)"
Queanbeyan Surrounds,0,0,0,0,4,3,19,32,38,84,71,152,37,103,543,2190.745856,2190,"$2,000-$2,999 ($104,000-$155,999)"
Bombala,0,0,0,0,0,0,0,0,7,0,0,3,0,0,10,1525,1525,"$1,500-$1,749 ($78,000-$90,999)"
Cooma,0,8,0,3,4,3,12,8,11,3,12,17,3,6,90,1556.111111,1556,"$1,500-$1,749 ($78,000-$90,999)"
Cooma Surrounds,0,0,0,0,0,0,0,6,10,4,5,12,3,5,45,1983.333333,1983,"$1,750-$1,999 ($91,000-$103,999)"
Jindabyne - Berridale,0,0,3,3,5,10,16,21,28,36,33,73,20,74,322,2145.729814,2145,"$2,000-$2,999 ($104,000-$155,999)"
Batemans Bay,0,0,0,0,0,0,8,8,5,8,9,15,3,0,56,1722.321429,1722,"$1,500-$1,749 ($78,000-$90,999)"
Batemans Bay - South,0,0,0,0,0,3,18,11,15,20,4,20,4,9,104,1691.105769,1691,"$1,500-$1,749 ($78,000-$90,999)"
Bega - Tathra,0,0,6,0,4,6,10,19,16,12,4,12,3,0,92,1335.597826,1335,"$1,250-$1,499 ($65,000-$77,999)"
Bega-Eden Hinterland,0,3,5,0,3,3,9,15,8,8,3,14,3,3,77,1419.480519,1419,"$1,250-$1,499 ($65,000-$77,999)"
Broulee - Tomakin,0,0,0,0,3,4,4,14,10,7,7,11,6,5,71,1749.647887,1749,"$1,500-$1,749 ($78,000-$90,999)"
Deua - Wadbilliga,0,0,0,0,0,0,0,0,0,0,0,0,0,0,0,0,0,0
Eden,0,0,5,0,4,0,0,3,4,0,0,3,0,0,19,976.3157895,976,"$800-$999 ($41,600-$51,999)"
Eurobodalla Hinterland,0,0,0,0,0,0,4,6,10,0,6,4,4,5,39,1976.923077,1976,"$1,750-$1,999 ($91,000-$103,999)"
Merimbula - Tura Beach,0,0,3,0,9,10,10,20,15,19,14,37,11,12,160,1741.25,1741,"$1,500-$1,749 ($78,000-$90,999)"
Moruya - Tuross Head,0,0,0,5,3,4,6,12,9,17,6,13,0,10,85,1648.823529,1648,"$1,500-$1,749 ($78,000-$90,999)"
Narooma - Bermagui,0,0,0,6,6,7,6,20,9,13,3,16,0,3,89,1355.337079,1355,"$1,250-$1,499 ($65,000-$77,999)"
Goulburn,0,0,0,7,4,26,37,42,36,38,20,50,7,20,287,1577.003484,1577,"$1,500-$1,749 ($78,000-$90,999)"
Goulburn Surrounds,0,0,4,3,8,5,8,22,21,19,20,28,9,31,178,1926.544944,1926,"$1,750-$1,999 ($91,000-$103,999)"
Yass,0,0,0,0,0,7,3,14,15,22,27,50,6,4,148,1855.743243,1855,"$1,750-$1,999 ($91,000-$103,999)"
Yass Surrounds,0,0,0,0,6,5,12,25,32,46,61,132,35,78,432,2202.546296,2202,"$2,000-$2,999 ($104,000-$155,999)"
Young,0,0,0,0,0,4,15,25,23,10,8,16,6,8,115,1651.304348,1651,"$1,500-$1,749 ($78,000-$90,999)"
Young Surrounds,0,5,0,0,4,4,5,4,8,10,9,7,0,11,67,1741.791045,1741,"$1,500-$1,749 ($78,000-$90,999)"
Avoca Beach - Copacabana,0,0,0,3,8,11,5,17,23,29,20,49,14,65,244,2176.946721,2176,"$2,000-$2,999 ($104,000-$155,999)"
Box Head - MacMasters Beach,0,0,3,0,3,3,11,19,37,27,29,62,23,55,272,2157.996324,2157,"$2,000-$2,999 ($104,000-$155,999)"
Calga - Kulnura,0,0,0,0,5,5,4,11,0,10,7,18,6,13,79,1961.708861,1961,"$1,750-$1,999 ($91,000-$103,999)"
Erina - Green Point,3,3,0,7,4,16,10,32,22,43,39,71,31,56,337,2048.813056,2048,"$2,000-$2,999 ($104,000-$155,999)"
Gosford - Springfield,0,3,5,3,19,17,37,72,53,63,68,115,24,38,517,1766.344294,1766,"$1,750-$1,999 ($91,000-$103,999)"
Kariong,0,0,0,5,0,8,9,19,12,24,20,27,11,6,141,1775.886525,1775,"$1,750-$1,999 ($91,000-$103,999)"
Kincumber - Picketts Valley,0,0,0,6,4,4,7,12,14,15,13,29,5,10,119,1760.084034,1760,"$1,750-$1,999 ($91,000-$103,999)"
Narara,0,0,0,0,3,4,5,20,31,8,16,57,10,10,164,1839.176829,1839,"$1,750-$1,999 ($91,000-$103,999)"
Niagara Park - Lisarow,0,0,6,4,3,3,6,22,24,21,27,67,11,19,213,1880.046948,1880,"$1,750-$1,999 ($91,000-$103,999)"
Point Clare - Koolewong,5,0,5,4,4,3,13,12,17,34,19,55,16,25,212,1897.877358,1897,"$1,750-$1,999 ($91,000-$103,999)"
Saratoga - Davistown,0,0,0,3,5,9,8,13,14,10,17,43,7,16,145,1861.724138,1861,"$1,750-$1,999 ($91,000-$103,999)"
Terrigal - North Avoca,0,0,3,10,6,21,34,43,36,56,53,111,39,81,493,2017.393509,2017,"$2,000-$2,999 ($104,000-$155,999)"
Umina - Booker Bay - Patonga,5,3,4,4,4,17,28,33,44,52,54,145,37,77,507,2017.406312,2017,"$2,000-$2,999 ($104,000-$155,999)"
Wamberal - Forresters Beach,0,0,3,0,10,5,11,26,21,22,40,69,26,60,293,2177.730375,2177,"$2,000-$2,999 ($104,000-$155,999)"
Woy Woy - Blackwall,0,4,0,3,8,18,20,34,30,37,35,89,11,27,316,1778.955696,1778,"$1,750-$1,999 ($91,000-$103,999)"
Wyoming,0,0,0,3,5,4,5,19,21,25,20,45,12,11,170,1849.264706,1849,"$1,750-$1,999 ($91,000-$103,999)"
Bateau Bay - Killarney Vale,4,4,4,3,11,15,12,48,49,46,39,80,14,19,348,1688.433908,1688,"$1,500-$1,749 ($78,000-$90,999)"
Blue Haven - San Remo,0,0,0,0,0,3,4,11,11,16,12,13,7,0,77,1771.428571,1771,"$1,750-$1,999 ($91,000-$103,999)"
Budgewoi - Buff Point - Halekulani,0,0,0,3,0,0,9,14,12,10,9,23,6,4,90,1745.277778,1745,"$1,500-$1,749 ($78,000-$90,999)"
Chittaway Bay - Tumbi Umbi,0,0,0,0,14,0,21,37,36,46,27,51,12,29,273,1818.498168,1818,"$1,750-$1,999 ($91,000-$103,999)"
Gorokan - Kanwal - Charmhaven,0,0,3,9,5,13,19,35,32,28,30,37,6,0,217,1508.064516,1508,"$1,500-$1,749 ($78,000-$90,999)"
Jilliby - Yarramalong,0,0,0,0,5,4,9,6,8,6,10,17,3,11,79,1854.43038,1854,"$1,750-$1,999 ($91,000-$103,999)"
Lake Munmorah - Mannering Park,0,0,0,0,3,6,4,17,3,13,8,20,0,8,82,1701.829268,1701,"$1,500-$1,749 ($78,000-$90,999)"
Ourimbah - Fountaindale,0,0,0,7,0,5,8,10,4,21,7,22,3,13,100,1788.5,1788,"$1,750-$1,999 ($91,000-$103,999)"
Summerland Point - Gwandalan,0,0,0,0,4,4,3,9,11,6,10,20,0,9,76,1801.315789,1801,"$1,750-$1,999 ($91,000-$103,999)"
The Entrance,0,3,0,4,10,14,11,23,36,32,39,44,9,14,239,1731.799163,1731,"$1,500-$1,749 ($78,000-$90,999)"
Toukley - Norah Head,0,0,4,3,0,10,8,15,16,11,11,20,9,15,122,1809.016393,1809,"$1,750-$1,999 ($91,000-$103,999)"
Tuggerah - Kangy Angy,0,0,0,3,0,0,4,14,12,22,10,18,4,10,97,1852.57732,1852,"$1,750-$1,999 ($91,000-$103,999)"
Warnervale - Wadalba,0,0,3,3,10,4,32,38,43,45,33,95,18,19,343,1750.655977,1750,"$1,750-$1,999 ($91,000-$103,999)"
Wyong,0,0,0,0,0,7,12,15,14,16,15,26,9,11,125,1856,1856,"$1,750-$1,999 ($91,000-$103,999)"
Bathurst - East,0,0,0,4,9,10,11,24,28,35,27,35,6,8,197,1660.532995,1660,"$1,500-$1,749 ($78,000-$90,999)"
Bathurst Surrounds,0,0,0,4,0,0,6,13,15,14,11,27,12,6,108,1882.638889,1882,"$1,750-$1,999 ($91,000-$103,999)"
Oberon,0,0,0,0,3,3,8,4,4,6,7,10,0,5,50,1692,1692,"$1,500-$1,749 ($78,000-$90,999)"
Bathurst - South,0,4,0,5,0,5,16,17,22,28,11,19,0,9,136,1549.080882,1549,"$1,500-$1,749 ($78,000-$90,999)"
Bathurst - West,3,3,0,4,0,8,25,22,32,42,32,49,13,14,247,1745.445344,1745,"$1,500-$1,749 ($78,000-$90,999)"
Condobolin,0,0,0,0,0,5,0,6,8,8,10,10,0,0,47,1662.234043,1662,"$1,500-$1,749 ($78,000-$90,999)"
Cowra,0,0,0,4,7,3,5,12,24,8,7,7,6,0,83,1471.385542,1471,"$1,250-$1,499 ($65,000-$77,999)"
Cowra Surrounds,0,5,0,0,0,3,4,6,3,7,0,5,6,7,46,1794.021739,1794,"$1,750-$1,999 ($91,000-$103,999)"
Forbes,0,0,0,6,0,9,11,21,9,14,6,20,9,12,117,1723.290598,1723,"$1,500-$1,749 ($78,000-$90,999)"
Grenfell,0,0,0,0,0,3,0,3,4,5,0,6,0,0,21,1448.809524,1448,"$1,250-$1,499 ($65,000-$77,999)"
Parkes (NSW),0,0,0,0,10,7,10,3,23,27,10,33,4,5,132,1636.931818,1636,"$1,500-$1,749 ($78,000-$90,999)"
Parkes Surrounds,0,0,0,0,3,3,0,0,5,4,0,5,0,0,20,1332.5,1332,"$1,250-$1,499 ($65,000-$77,999)"
West Wyalong,0,0,0,0,0,0,5,4,5,7,9,7,0,0,37,1699.324324,1699,"$1,500-$1,749 ($78,000-$90,999)"
Lithgow,0,4,0,0,3,3,16,10,14,16,15,15,0,5,101,1572.524752,1572,"$1,500-$1,749 ($78,000-$90,999)"
Lithgow Surrounds,0,0,3,0,3,0,5,12,11,3,16,27,0,15,95,1935.789474,1935,"$1,750-$1,999 ($91,000-$103,999)"
Mudgee,0,0,0,0,0,8,7,20,23,18,19,29,9,17,150,1907.333333,1907,"$1,750-$1,999 ($91,000-$103,999)"
Mudgee Surrounds - East,0,0,0,0,3,0,0,0,0,0,0,5,0,0,8,1387.5,1387,"$1,250-$1,499 ($65,000-$77,999)"
Mudgee Surrounds - West,0,0,0,0,6,0,12,12,7,7,5,14,9,12,84,1889.880952,1889,"$1,750-$1,999 ($91,000-$103,999)"
Wollangambe - Wollemi,0,0,0,0,0,0,0,0,0,0,0,0,0,0,0,0,0,0
Blayney,0,3,0,0,0,7,9,11,11,9,8,21,0,3,82,1534.756098,1534,"$1,500-$1,749 ($78,000-$90,999)"
Orange,0,0,0,4,6,15,23,33,35,49,35,64,20,19,303,1784.488449,1784,"$1,750-$1,999 ($91,000-$103,999)"
Orange - North,0,3,7,7,7,12,19,41,55,63,50,124,27,30,445,1821.292135,1821,"$1,750-$1,999 ($91,000-$103,999)"
Orange Surrounds,0,0,0,4,3,4,7,13,33,27,19,56,12,30,208,1986.057692,1986,"$1,750-$1,999 ($91,000-$103,999)"
Grafton,0,0,0,0,4,3,16,27,24,23,20,30,4,8,159,1678.459119,1678,"$1,500-$1,749 ($78,000-$90,999)"
Grafton Surrounds,0,5,5,6,0,3,6,22,14,15,12,17,0,0,105,1365.714286,1365,"$1,250-$1,499 ($65,000-$77,999)"
Maclean - Yamba - Iluka,3,0,3,5,7,6,15,32,20,21,10,35,10,18,185,1671.081081,1671,"$1,500-$1,749 ($78,000-$90,999)"
Bellingen,0,0,3,0,3,0,3,13,3,7,11,16,0,7,66,1781.818182,1781,"$1,750-$1,999 ($91,000-$103,999)"
Coffs Harbour - North,0,0,8,3,8,10,19,35,33,36,23,32,4,17,228,1606.798246,1606,"$1,500-$1,749 ($78,000-$90,999)"
Coffs Harbour - South,0,0,0,0,5,7,8,26,21,16,9,26,4,3,125,1552.2,1552,"$1,500-$1,749 ($78,000-$90,999)"
Coramba - Nana Glen - Bucca,0,0,4,0,0,5,0,9,6,0,6,14,5,3,52,1757.692308,1757,"$1,750-$1,999 ($91,000-$103,999)"
Dorrigo,0,0,0,0,0,0,0,5,5,5,0,7,0,9,31,2104.83871,2104,"$2,000-$2,999 ($104,000-$155,999)"
Korora - Emerald Beach,0,3,5,3,6,11,13,20,19,26,17,40,14,38,215,1924.534884,1924,"$1,750-$1,999 ($91,000-$103,999)"
Sawtell - Boambee,5,5,0,0,4,11,26,25,20,32,28,51,10,18,235,1718.829787,1718,"$1,500-$1,749 ($78,000-$90,999)"
Urunga,0,0,0,0,0,0,5,0,11,10,8,6,0,4,44,1843.75,1843,"$1,750-$1,999 ($91,000-$103,999)"
Woolgoolga - Arrawarra,0,0,0,6,3,12,11,23,23,24,9,31,5,4,151,1525.827815,1525,"$1,500-$1,749 ($78,000-$90,999)"
Bourke - Brewarrina,0,0,0,0,0,4,3,4,3,3,5,0,0,0,22,1436.363636,1436,"$1,250-$1,499 ($65,000-$77,999)"
Cobar,0,0,0,0,0,0,5,0,3,0,3,6,0,0,17,1610.294118,1610,"$1,500-$1,749 ($78,000-$90,999)"
Coonamble,0,0,0,0,5,0,0,5,7,3,0,6,0,0,26,1317.307692,1317,"$1,250-$1,499 ($65,000-$77,999)"
Nyngan - Warren,0,0,0,0,3,0,5,7,3,9,8,4,3,0,42,1669.047619,1669,"$1,500-$1,749 ($78,000-$90,999)"
Walgett - Lightning Ridge,0,0,0,0,0,4,8,0,3,0,3,3,0,0,21,1302.380952,1302,"$1,250-$1,499 ($65,000-$77,999)"
Broken Hill,0,0,0,3,4,5,9,14,22,21,18,30,0,0,126,1561.507937,1561,"$1,500-$1,749 ($78,000-$90,999)"
Far West,0,0,4,0,0,0,0,5,0,0,0,0,0,0,9,780.5555556,780,"$650-$799 ($33,800-$41,599)"
Coonabarabran,0,0,0,0,0,0,3,6,3,4,0,4,0,3,23,1655.434783,1655,"$1,500-$1,749 ($78,000-$90,999)"
Dubbo - East,0,0,3,3,5,4,17,24,19,28,15,34,14,5,171,1674.561404,1674,"$1,500-$1,749 ($78,000-$90,999)"
Dubbo - South,0,0,0,0,7,11,30,36,44,53,44,68,11,18,322,1746.506211,1746,"$1,500-$1,749 ($78,000-$90,999)"
Dubbo - West,0,0,0,4,0,5,16,14,27,18,19,36,7,14,160,1804.375,1804,"$1,750-$1,999 ($91,000-$103,999)"
Dubbo Surrounds,0,0,0,0,0,3,0,9,10,6,11,20,4,8,71,1997.183099,1997,"$1,750-$1,999 ($91,000-$103,999)"
Gilgandra,0,0,0,0,0,0,0,6,0,3,0,0,0,0,9,1291.666667,1291,"$1,250-$1,499 ($65,000-$77,999)"
Narromine,0,0,0,0,0,6,4,4,0,13,5,6,0,6,44,1780.113636,1780,"$1,750-$1,999 ($91,000-$103,999)"
Wellington,0,0,0,0,4,0,8,5,9,10,13,6,5,5,65,1865.384615,1865,"$1,750-$1,999 ($91,000-$103,999)"
Branxton - Greta - Pokolbin,3,5,0,4,5,4,18,20,25,16,11,50,5,23,189,1724.867725,1724,"$1,500-$1,749 ($78,000-$90,999)"
Cessnock,3,3,6,3,4,11,16,18,16,18,11,36,8,10,163,1573.773006,1573,"$1,500-$1,749 ($78,000-$90,999)"
Cessnock Surrounds,0,0,0,0,3,7,9,15,8,19,16,24,8,17,126,1937.698413,1937,"$1,750-$1,999 ($91,000-$103,999)"
Dungog,0,3,0,0,4,5,8,15,7,21,20,26,9,19,137,1962.956204,1962,"$1,750-$1,999 ($91,000-$103,999)"
Kurri Kurri - Abermain,0,0,0,6,5,12,16,26,28,24,22,29,4,5,177,1555.367232,1555,"$1,500-$1,749 ($78,000-$90,999)"
Singleton,0,0,0,0,0,8,9,24,22,43,16,55,19,17,213,1903.286385,1903,"$1,750-$1,999 ($91,000-$103,999)"
Singleton Surrounds,0,4,0,0,0,0,0,9,11,0,0,7,10,14,55,2195.909091,2195,"$2,000-$2,999 ($104,000-$155,999)"
Maitland,0,0,4,0,0,9,6,18,19,13,9,15,7,9,109,1703.669725,1703,"$1,500-$1,749 ($78,000-$90,999)"
Maitland - North,3,0,0,0,3,0,11,20,21,19,16,61,7,21,182,1894.093407,1894,"$1,750-$1,999 ($91,000-$103,999)"
East Maitland - Metford,0,0,0,0,7,16,14,37,46,44,36,56,9,16,281,1725.44484,1725,"$1,500-$1,749 ($78,000-$90,999)"
Rutherford (North) - Aberglasslyn,0,9,4,0,3,7,16,27,28,27,30,55,10,8,224,1678.571429,1678,"$1,500-$1,749 ($78,000-$90,999)"
Rutherford (South) - Telarah,0,0,0,0,0,8,10,14,6,14,9,12,0,0,73,1459.589041,1459,"$1,250-$1,499 ($65,000-$77,999)"
Tenambit - East Maitland,0,0,0,0,0,0,4,20,22,21,23,44,5,12,151,1912.086093,1912,"$1,750-$1,999 ($91,000-$103,999)"
Thornton - Millers Forest,0,3,0,6,4,15,18,47,31,39,38,83,10,19,313,1729.233227,1729,"$1,500-$1,749 ($78,000-$90,999)"
Anna Bay,3,0,0,0,5,13,9,4,7,8,7,17,4,9,86,1646.802326,1646,"$1,500-$1,749 ($78,000-$90,999)"
Lemon Tree Passage - Tanilba Bay,0,0,5,0,5,0,0,6,6,9,11,8,3,4,57,1763.157895,1763,"$1,750-$1,999 ($91,000-$103,999)"
Nelson Bay Peninsula,0,0,6,3,10,23,21,38,32,36,34,73,28,36,340,1849.705882,1849,"$1,750-$1,999 ($91,000-$103,999)"
Raymond Terrace,0,0,0,0,7,6,11,30,11,24,17,18,0,0,124,1470.967742,1470,"$1,250-$1,499 ($65,000-$77,999)"
Seaham - Woodville,0,0,0,0,4,9,7,6,17,9,9,22,4,17,104,1885.817308,1885,"$1,750-$1,999 ($91,000-$103,999)"
Tea Gardens - Hawks Nest,0,0,0,4,0,3,0,4,9,0,5,8,0,11,44,1973.863636,1973,"$1,750-$1,999 ($91,000-$103,999)"
Williamtown - Medowie - Karuah,5,0,6,0,7,12,15,20,19,22,20,31,7,12,176,1624.715909,1624,"$1,500-$1,749 ($78,000-$90,999)"
Muswellbrook,0,0,4,0,3,7,5,9,9,6,6,13,0,6,68,1548.897059,1548,"$1,500-$1,749 ($78,000-$90,999)"
Muswellbrook Surrounds,0,0,0,3,0,3,3,0,4,6,7,7,4,9,46,2100,2100,"$2,000-$2,999 ($104,000-$155,999)"
Scone,0,0,0,0,0,0,4,9,5,8,5,18,5,8,62,2001.612903,2001,"$2,000-$2,999 ($104,000-$155,999)"
Scone Surrounds,0,0,0,0,3,4,7,11,3,10,5,12,5,8,68,1807.720588,1807,"$1,750-$1,999 ($91,000-$103,999)"
Dapto - Avondale,0,0,4,6,10,12,26,38,27,42,39,57,7,12,280,1640,1640,"$1,500-$1,749 ($78,000-$90,999)"
Horsley - Kembla Grange,0,0,5,0,9,13,12,31,36,43,20,47,20,4,240,1660.520833,1660,"$1,500-$1,749 ($78,000-$90,999)"
Port Kembla Industrial,0,0,0,0,0,0,0,0,0,0,0,0,0,0,0,0,0,0
Unanderra - Mount Kembla,3,3,0,5,9,15,24,40,42,48,32,63,15,23,322,1704.736025,1704,"$1,500-$1,749 ($78,000-$90,999)"
Berkeley - Lake Heights - Cringila,0,0,0,0,4,8,11,23,23,18,16,21,4,5,133,1613.721805,1613,"$1,500-$1,749 ($78,000-$90,999)"
Port Kembla - Warrawong,0,0,0,0,4,5,9,10,17,19,8,21,4,5,102,1660.784314,1660,"$1,500-$1,749 ($78,000-$90,999)"
Windang - Primbee,0,0,0,6,0,0,0,4,14,4,5,9,4,4,50,1786.5,1786,"$1,750-$1,999 ($91,000-$103,999)"
Illawarra Catchment Reserve,0,0,0,0,0,0,0,0,0,0,0,0,0,0,0,0,0,0
Albion Park - Macquarie Pass,0,5,0,3,7,8,26,49,51,59,27,63,11,10,319,1608.777429,1608,"$1,500-$1,749 ($78,000-$90,999)"
Albion Park Rail,0,0,0,0,0,5,8,3,13,5,6,12,4,0,56,1619.642857,1619,"$1,500-$1,749 ($78,000-$90,999)"
Kiama,3,0,0,5,5,14,6,21,28,25,20,40,12,19,198,1788.636364,1788,"$1,750-$1,999 ($91,000-$103,999)"
Kiama Downs - Minnamurra,0,3,0,0,0,0,11,16,16,15,19,21,7,14,122,1914.54918,1914,"$1,750-$1,999 ($91,000-$103,999)"
Kiama Hinterland - Gerringong,0,5,7,0,6,4,11,15,22,23,16,35,17,43,204,2037.745098,2037,"$2,000-$2,999 ($104,000-$155,999)"
Shellharbour - Flinders,0,5,4,3,12,12,32,44,62,40,40,96,27,41,418,1816.447368,1816,"$1,750-$1,999 ($91,000-$103,999)"
Shellharbour - Oak Flats,0,0,0,4,3,4,14,12,20,29,12,26,5,7,136,1666.544118,1666,"$1,500-$1,749 ($78,000-$90,999)"
Warilla,0,0,0,5,9,13,19,12,26,31,17,31,10,7,180,1617.777778,1617,"$1,500-$1,749 ($78,000-$90,999)"
Balgownie - Fairy Meadow,0,4,4,0,13,17,43,59,67,69,66,115,28,40,525,1796.285714,1796,"$1,750-$1,999 ($91,000-$103,999)"
Corrimal - Tarrawanna - Bellambi,0,0,5,4,7,12,31,37,36,33,44,79,9,33,330,1793.333333,1793,"$1,750-$1,999 ($91,000-$103,999)"
Figtree - Keiraville,0,0,11,7,10,23,44,62,60,76,50,127,28,33,531,1722.033898,1722,"$1,500-$1,749 ($78,000-$90,999)"
Helensburgh,0,0,4,0,6,3,11,21,29,20,28,62,27,50,261,2152.969349,2152,"$2,000-$2,999 ($104,000-$155,999)"
Thirroul - Austinmer - Coalcliff,0,0,0,9,7,11,20,28,45,39,31,89,31,95,405,2144.259259,2144,"$2,000-$2,999 ($104,000-$155,999)"
Woonona - Bulli - Russell Vale,3,7,4,4,14,14,23,55,62,66,66,135,33,54,540,1875.277778,1875,"$1,750-$1,999 ($91,000-$103,999)"
Wollongong - East,0,5,7,11,14,24,38,72,67,76,53,122,24,32,545,1680.825688,1680,"$1,500-$1,749 ($78,000-$90,999)"
Wollongong - West,0,5,5,6,20,13,32,56,51,63,32,79,13,9,384,1543.424479,1543,"$1,500-$1,749 ($78,000-$90,999)"
Bulahdelah - Stroud,0,0,0,0,0,7,4,6,3,10,3,12,3,4,52,1722.115385,1722,"$1,500-$1,749 ($78,000-$90,999)"
Forster,0,0,3,5,13,8,16,18,12,17,13,23,6,11,145,1579.137931,1579,"$1,500-$1,749 ($78,000-$90,999)"
Forster-Tuncurry Surrounds,0,4,0,0,0,6,3,13,8,12,8,20,5,24,103,2046.84466,2046,"$2,000-$2,999 ($104,000-$155,999)"
Tuncurry,0,0,0,0,0,0,10,3,8,10,3,7,0,6,47,1728.723404,1728,"$1,500-$1,749 ($78,000-$90,999)"
Kempsey,0,0,6,0,6,6,9,28,11,11,9,9,5,4,104,1462.740385,1462,"$1,250-$1,499 ($65,000-$77,999)"
Kempsey Surrounds,0,0,0,7,0,5,7,11,18,13,10,25,4,5,105,1654.285714,1654,"$1,500-$1,749 ($78,000-$90,999)"
Macksville - Scotts Head,0,0,4,0,0,0,4,5,4,9,4,9,0,4,43,1665.697674,1665,"$1,500-$1,749 ($78,000-$90,999)"
Nambucca Heads,0,0,0,0,0,3,8,9,11,11,0,5,0,6,53,1563.679245,1563,"$1,500-$1,749 ($78,000-$90,999)"
Nambucca Heads Surrounds,0,0,3,0,4,7,11,11,6,4,8,9,5,9,77,1689.285714,1689,"$1,500-$1,749 ($78,000-$90,999)"
South West Rocks,0,0,0,0,4,4,0,9,8,3,6,9,0,0,43,1466.860465,1466,"$1,250-$1,499 ($65,000-$77,999)"
Lord Howe Island,0,0,0,0,0,0,0,0,0,0,0,0,0,0,0,0,0,0
Laurieton - Bonny Hills,0,0,0,4,3,10,24,26,17,23,12,42,9,9,179,1630.586592,1630,"$1,500-$1,749 ($78,000-$90,999)"
Port Macquarie - West,0,0,3,7,6,13,27,34,36,29,31,49,9,11,255,1621.078431,1621,"$1,500-$1,749 ($78,000-$90,999)"
Port Macquarie Surrounds,0,0,0,4,6,0,0,5,14,9,4,13,0,0,55,1438.636364,1438,"$1,250-$1,499 ($65,000-$77,999)"
Wauchope,0,0,5,0,0,8,16,15,17,17,20,19,5,8,130,1690,1690,"$1,500-$1,749 ($78,000-$90,999)"
Port Macquarie - East,0,0,3,5,8,3,13,35,24,23,16,51,19,26,226,1857.964602,1857,"$1,750-$1,999 ($91,000-$103,999)"
Port Macquarie - South,0,3,5,3,11,17,21,30,40,44,36,56,18,23,307,1744.543974,1744,"$1,500-$1,749 ($78,000-$90,999)"
Gloucester,0,0,0,0,4,4,4,5,4,9,5,3,0,9,47,1790.957447,1790,"$1,750-$1,999 ($91,000-$103,999)"
Old Bar - Manning Point - Red Head,0,3,0,0,7,3,15,21,18,16,15,33,8,11,150,1724.166667,1724,"$1,500-$1,749 ($78,000-$90,999)"
Taree,0,0,5,4,0,5,7,16,12,26,15,22,10,3,125,1695.8,1695,"$1,500-$1,749 ($78,000-$90,999)"
Taree Surrounds,0,0,3,0,0,5,19,19,17,16,9,21,7,16,132,1766.287879,1766,"$1,750-$1,999 ($91,000-$103,999)"
Wingham,0,0,0,0,0,4,9,0,6,0,6,6,0,0,31,1467.741935,1467,"$1,250-$1,499 ($65,000-$77,999)"
Albury - East,0,3,4,0,17,15,27,67,47,74,43,76,14,19,406,1648.460591,1648,"$1,500-$1,749 ($78,000-$90,999)"
Albury - North,0,0,3,3,9,9,18,25,25,28,22,14,6,4,166,1524.39759,1524,"$1,500-$1,749 ($78,000-$90,999)"
Albury - South,0,4,0,4,3,5,15,28,38,43,27,61,13,16,257,1771.595331,1771,"$1,750-$1,999 ($91,000-$103,999)"
Albury Surrounds,0,6,0,0,7,4,12,17,10,22,10,26,12,3,129,1635.271318,1635,"$1,500-$1,749 ($78,000-$90,999)"
Lavington,0,0,0,3,0,8,20,35,26,14,20,16,6,4,152,1556.085526,1556,"$1,500-$1,749 ($78,000-$90,999)"
Hay,0,0,0,0,4,0,0,0,3,0,0,4,0,0,11,1265.909091,1265,"$1,250-$1,499 ($65,000-$77,999)"
Wentworth - Buronga,0,0,0,0,0,4,3,15,9,11,8,10,0,7,67,1730.970149,1730,"$1,500-$1,749 ($78,000-$90,999)"
Wentworth-Balranald Region,0,0,0,0,0,0,0,0,4,4,0,4,0,0,12,1625,1625,"$1,500-$1,749 ($78,000-$90,999)"
Corowa,0,0,0,0,3,3,6,0,3,9,3,13,4,0,44,1657.386364,1657,"$1,500-$1,749 ($78,000-$90,999)"
Corowa Surrounds,0,0,0,0,3,3,3,11,9,4,6,9,0,0,48,1452.604167,1452,"$1,250-$1,499 ($65,000-$77,999)"
Deniliquin,0,0,0,0,0,8,12,12,21,8,12,17,6,8,104,1743.75,1743,"$1,500-$1,749 ($78,000-$90,999)"
Deniliquin Surrounds,0,0,0,0,0,5,0,13,0,15,6,10,5,8,62,1945.564516,1945,"$1,750-$1,999 ($91,000-$103,999)"
Moama,0,0,0,3,0,7,8,13,13,17,11,17,0,3,92,1561.141304,1561,"$1,500-$1,749 ($78,000-$90,999)"
Tocumwal - Finley - Jerilderie,0,0,3,0,3,10,3,12,10,19,5,12,0,0,77,1374.675325,1374,"$1,250-$1,499 ($65,000-$77,999)"
Armidale,0,0,0,9,10,10,34,60,52,73,47,76,17,31,419,1739.916468,1739,"$1,500-$1,749 ($78,000-$90,999)"
Armidale Surrounds - North,0,0,0,0,5,6,4,0,7,4,5,8,0,4,43,1591.860465,1591,"$1,500-$1,749 ($78,000-$90,999)"
Armidale Surrounds - South,0,0,0,4,0,4,8,9,9,9,9,13,4,0,69,1578.26087,1578,"$1,500-$1,749 ($78,000-$90,999)"
Walcha,0,3,0,0,0,0,5,4,3,0,5,3,0,3,26,1631.730769,1631,"$1,500-$1,749 ($78,000-$90,999)"
Glen Innes,0,0,0,0,0,5,6,10,11,0,5,5,4,3,49,1648.469388,1648,"$1,500-$1,749 ($78,000-$90,999)"
Inverell,0,0,0,0,7,13,11,32,23,13,3,19,0,13,134,1497.947761,1497,"$1,250-$1,499 ($65,000-$77,999)"
Inverell Surrounds - East,0,0,0,0,0,0,3,4,3,0,0,3,0,0,13,1303.846154,1303,"$1,250-$1,499 ($65,000-$77,999)"
Inverell Surrounds - West,0,0,0,0,0,8,5,7,6,5,3,7,0,0,41,1345.731707,1345,"$1,250-$1,499 ($65,000-$77,999)"
Tenterfield,0,0,0,0,7,3,6,4,4,9,3,7,0,0,43,1322.093023,1322,"$1,250-$1,499 ($65,000-$77,999)"
Moree,0,0,0,0,6,3,11,21,16,15,12,29,8,10,131,1762.59542,1762,"$1,750-$1,999 ($91,000-$103,999)"
Moree Surrounds,0,0,0,0,4,5,3,13,3,3,6,9,3,0,49,1507.653061,1507,"$1,500-$1,749 ($78,000-$90,999)"
Narrabri,0,0,0,0,4,4,6,12,13,8,5,13,3,5,73,1631.506849,1631,"$1,500-$1,749 ($78,000-$90,999)"
Narrabri Surrounds,0,0,0,0,3,0,3,5,5,4,6,3,0,0,29,1518.965517,1518,"$1,500-$1,749 ($78,000-$90,999)"
Gunnedah,0,0,4,0,3,5,5,12,13,16,9,19,3,6,95,1657.894737,1657,"$1,500-$1,749 ($78,000-$90,999)"
Gunnedah Surrounds,0,0,0,0,0,0,7,3,0,8,0,3,0,4,25,1692,1692,"$1,500-$1,749 ($78,000-$90,999)"
Quirindi,0,0,0,0,4,4,8,7,9,13,8,12,3,3,71,1641.197183,1641,"$1,500-$1,749 ($78,000-$90,999)"
Tamworth - East,0,0,8,3,4,18,20,60,46,38,33,62,9,5,306,1553.921569,1553,"$1,500-$1,749 ($78,000-$90,999)"
Tamworth - North,0,4,4,5,6,15,31,38,26,33,18,38,11,22,251,1625.099602,1625,"$1,500-$1,749 ($78,000-$90,999)"
Tamworth - West,0,0,0,0,0,5,3,5,5,8,6,3,0,0,35,1498.571429,1498,"$1,250-$1,499 ($65,000-$77,999)"
Tamworth Surrounds,0,0,4,0,3,13,25,36,31,28,22,57,5,21,245,1695.102041,1695,"$1,500-$1,749 ($78,000-$90,999)"
Belmont - Bennetts Green,0,0,0,6,8,17,19,29,47,52,33,78,16,22,327,1762.155963,1762,"$1,750-$1,999 ($91,000-$103,999)"
Belmont South - Blacksmiths,0,0,0,4,0,9,4,6,15,12,4,15,7,9,85,1778.529412,1778,"$1,750-$1,999 ($91,000-$103,999)"
Charlestown - Dudley,0,3,5,5,13,22,27,58,83,91,78,154,27,51,617,1830.875203,1830,"$1,750-$1,999 ($91,000-$103,999)"
Glendale - Cardiff - Hillsborough,0,0,4,4,8,8,33,69,66,83,66,118,25,21,505,1757.524752,1757,"$1,750-$1,999 ($91,000-$103,999)"
Mount Hutton - Windale,0,0,0,0,3,5,7,20,20,18,17,36,4,3,133,1687.218045,1687,"$1,500-$1,749 ($78,000-$90,999)"
Redhead,0,0,0,0,0,0,0,8,12,16,8,23,8,14,89,2130.617978,2130,"$2,000-$2,999 ($104,000-$155,999)"
Swansea - Caves Beach,0,0,3,0,12,8,16,22,22,16,22,52,9,35,217,1905.069124,1905,"$1,750-$1,999 ($91,000-$103,999)"
Valentine - Eleebana,0,0,3,0,11,13,17,29,29,42,41,95,24,35,339,1929.129794,1929,"$1,750-$1,999 ($91,000-$103,999)"
Warners Bay - Boolaroo,0,0,0,0,13,12,18,37,33,50,38,82,28,30,341,1892.595308,1892,"$1,750-$1,999 ($91,000-$103,999)"
Bolton Point - Teralba,0,0,0,0,4,11,9,9,18,20,11,23,10,4,119,1704.831933,1704,"$1,500-$1,749 ($78,000-$90,999)"
Bonnells Bay - Silverwater,0,3,0,5,3,9,8,23,10,18,17,20,5,11,132,1681.818182,1681,"$1,500-$1,749 ($78,000-$90,999)"
Edgeworth - Cameron Park,3,0,0,0,6,14,10,31,40,44,34,60,10,0,252,1643.650794,1643,"$1,500-$1,749 ($78,000-$90,999)"
Morisset - Cooranbong,3,0,9,3,9,15,14,22,41,10,23,44,4,10,207,1539.855072,1539,"$1,500-$1,749 ($78,000-$90,999)"
Toronto - Awaba,0,0,3,3,4,5,13,32,31,33,36,49,13,14,236,1802.542373,1802,"$1,750-$1,999 ($91,000-$103,999)"
Wangi Wangi - Rathmines,0,3,0,4,5,4,16,11,16,14,25,24,6,13,141,1789.184397,1789,"$1,750-$1,999 ($91,000-$103,999)"
West Wallsend - Barnsley - Killingworth,0,0,0,0,0,0,3,13,11,17,15,11,4,0,74,1772.972973,1772,"$1,750-$1,999 ($91,000-$103,999)"
Adamstown - Kotara,0,0,3,4,3,17,28,32,69,64,53,164,26,44,507,1884.566075,1884,"$1,750-$1,999 ($91,000-$103,999)"
Beresfield - Hexham,0,0,0,0,6,4,4,15,10,12,6,11,0,3,71,1495.774648,1495,"$1,250-$1,499 ($65,000-$77,999)"
Hamilton - Broadmeadow,0,0,4,10,5,14,19,28,46,42,46,100,13,37,364,1849.656593,1849,"$1,750-$1,999 ($91,000-$103,999)"
Lambton - New Lambton,0,0,6,4,8,9,20,50,59,62,64,118,32,55,487,1948.459959,1948,"$1,750-$1,999 ($91,000-$103,999)"
Maryland - Fletcher - Minmi,0,3,0,4,6,11,21,41,33,41,45,76,15,12,308,1742.451299,1742,"$1,500-$1,749 ($78,000-$90,999)"
Mayfield - Warabrook,0,0,6,9,8,5,32,40,54,64,58,80,11,14,381,1695.997375,1695,"$1,500-$1,749 ($78,000-$90,999)"
Merewether - The Junction,0,0,12,6,8,21,37,44,51,70,45,129,40,89,552,1973.324275,1973,"$1,750-$1,999 ($91,000-$103,999)"
Newcastle - Cooks Hill,0,0,0,3,8,13,37,38,67,72,59,132,33,56,518,1928.185328,1928,"$1,750-$1,999 ($91,000-$103,999)"
Newcastle Port - Kooragang,0,0,0,0,0,0,0,0,0,0,0,0,0,0,0,0,0,0
Shortland - Jesmond,0,0,3,4,8,10,16,22,27,22,11,14,0,0,137,1317.335766,1317,"$1,250-$1,499 ($65,000-$77,999)"
Stockton - Fullerton Cove,0,0,0,0,0,3,4,18,26,27,16,48,9,9,160,1852.5,1852,"$1,750-$1,999 ($91,000-$103,999)"
Wallsend - Elermore Vale,4,0,0,5,8,12,23,41,41,67,50,65,14,19,349,1738.681948,1738,"$1,500-$1,749 ($78,000-$90,999)"
Waratah - North Lambton,0,4,0,3,10,13,17,30,38,34,26,65,13,8,261,1651.724138,1651,"$1,500-$1,749 ($78,000-$90,999)"
Wickham - Carrington - Tighes Hill,0,3,0,3,3,3,24,44,25,49,46,67,20,17,304,1829.440789,1829,"$1,750-$1,999 ($91,000-$103,999)"
Ballina,0,3,4,3,0,14,31,28,30,33,26,41,3,25,241,1688.692946,1688,"$1,500-$1,749 ($78,000-$90,999)"
Ballina Surrounds,0,3,5,8,5,12,21,37,22,36,32,59,8,31,279,1763.44086,1763,"$1,750-$1,999 ($91,000-$103,999)"
Bangalow,0,4,0,0,4,7,11,22,11,30,14,39,15,38,195,2034.230769,2034,"$2,000-$2,999 ($104,000-$155,999)"
Brunswick Heads - Ocean Shores,0,6,0,8,4,13,14,20,18,16,25,19,15,12,170,1714.117647,1714,"$1,500-$1,749 ($78,000-$90,999)"
Byron Bay,0,7,7,4,11,18,19,34,35,26,32,50,16,45,304,1822.944079,1822,"$1,750-$1,999 ($91,000-$103,999)"
Evans Head,0,0,0,0,0,3,3,7,5,9,0,5,0,0,32,1363.28125,1363,"$1,250-$1,499 ($65,000-$77,999)"
Lennox Head - Skennars Head,0,0,0,0,5,14,15,19,20,22,23,46,10,49,223,2057.847534,2057,"$2,000-$2,999 ($104,000-$155,999)"
Mullumbimby,0,3,3,4,11,9,19,24,20,14,8,16,7,25,163,1662.423313,1662,"$1,500-$1,749 ($78,000-$90,999)"
Casino,0,4,0,3,4,4,15,22,16,7,8,5,0,0,88,1232.386364,1232,"$1,000-$1,249 ($52,000-$64,999)"
Casino Surrounds,0,0,0,0,6,0,5,12,8,3,0,3,0,4,41,1389.02439,1389,"$1,250-$1,499 ($65,000-$77,999)"
Goonellabah,0,0,0,0,8,12,17,36,34,27,21,27,4,8,194,1566.237113,1566,"$1,500-$1,749 ($78,000-$90,999)"
Kyogle,0,0,0,0,12,0,9,8,6,6,7,15,0,5,68,1545.955882,1545,"$1,500-$1,749 ($78,000-$90,999)"
Lismore,0,0,0,4,5,8,21,32,32,16,12,15,3,10,158,1507.911392,1507,"$1,500-$1,749 ($78,000-$90,999)"
Lismore Surrounds,0,0,0,0,4,14,11,14,23,39,19,45,8,13,190,1770.921053,1770,"$1,750-$1,999 ($91,000-$103,999)"
Kingscliff - Fingal Head,0,7,6,14,12,21,24,28,26,36,35,61,27,44,341,1827.199413,1827,"$1,750-$1,999 ($91,000-$103,999)"
Murwillumbah,0,0,6,0,6,3,0,13,20,10,7,24,0,0,89,1444.94382,1444,"$1,250-$1,499 ($65,000-$77,999)"
Murwillumbah Surrounds,0,3,0,5,0,8,7,18,14,11,18,15,3,8,110,1666.136364,1666,"$1,500-$1,749 ($78,000-$90,999)"
Pottsville,0,4,0,3,6,13,16,21,36,21,16,36,11,15,198,1679.419192,1679,"$1,500-$1,749 ($78,000-$90,999)"
Tweed Heads,0,0,0,8,7,11,25,34,40,28,32,46,10,13,254,1657.874016,1657,"$1,500-$1,749 ($78,000-$90,999)"
Banora Point,0,0,0,5,7,8,13,20,25,25,14,32,8,11,168,1671.279762,1671,"$1,500-$1,749 ($78,000-$90,999)"
Terranora - North Tumbulgum,0,0,3,0,3,6,3,4,9,10,6,16,3,0,63,1550.793651,1550,"$1,500-$1,749 ($78,000-$90,999)"
Tweed Heads South,0,0,0,0,4,6,8,12,14,14,10,11,0,0,79,1455.379747,1455,"$1,250-$1,499 ($65,000-$77,999)"
Griffith (NSW),0,0,0,0,7,21,34,45,44,37,29,60,12,14,303,1630.693069,1630,"$1,500-$1,749 ($78,000-$90,999)"
Griffith Surrounds,0,0,0,0,0,0,16,29,19,17,12,23,8,4,128,1671.09375,1671,"$1,500-$1,749 ($78,000-$90,999)"
Leeton,0,0,4,0,0,3,6,16,24,15,5,12,3,3,91,1534.065934,1534,"$1,500-$1,749 ($78,000-$90,999)"
Narrandera,0,0,0,0,0,4,0,5,10,9,0,3,0,0,31,1371.774194,1371,"$1,250-$1,499 ($65,000-$77,999)"
Tumbarumba,0,0,0,0,0,0,0,3,3,3,0,0,0,0,9,1375,1375,"$1,250-$1,499 ($65,000-$77,999)"
Tumut,0,0,0,0,3,3,3,8,5,7,10,7,0,4,50,1719.5,1719,"$1,500-$1,749 ($78,000-$90,999)"
Tumut Surrounds,0,0,0,0,0,0,4,5,4,0,5,10,0,5,33,1923.484848,1923,"$1,750-$1,999 ($91,000-$103,999)"
Cootamundra,0,0,0,0,0,0,6,9,17,11,4,15,7,5,74,1826.351351,1826,"$1,750-$1,999 ($91,000-$103,999)"
Gundagai,0,0,0,0,0,0,0,3,0,3,8,5,0,0,19,1980.263158,1980,"$1,750-$1,999 ($91,000-$103,999)"
Junee,0,0,0,0,0,0,0,0,9,7,6,6,3,6,37,2182.432432,2182,"$2,000-$2,999 ($104,000-$155,999)"
Temora,0,0,0,0,5,4,3,13,4,6,9,15,5,4,68,1753.308824,1753,"$1,750-$1,999 ($91,000-$103,999)"
Wagga Wagga - East,0,0,0,3,11,8,15,35,49,43,37,66,11,31,309,1825.566343,1825,"$1,750-$1,999 ($91,000-$103,999)"
Wagga Wagga - North,0,0,0,0,5,0,12,11,21,34,23,25,3,3,137,1713.868613,1713,"$1,500-$1,749 ($78,000-$90,999)"
Wagga Wagga - South,0,6,5,0,9,9,28,38,61,77,54,83,17,24,411,1755.778589,1755,"$1,750-$1,999 ($91,000-$103,999)"
Wagga Wagga - West,0,0,0,5,13,30,31,52,37,42,37,53,14,16,330,1607.19697,1607,"$1,500-$1,749 ($78,000-$90,999)"
Wagga Wagga Surrounds,0,0,7,3,5,11,18,29,26,40,40,48,11,28,266,1834.492481,1834,"$1,750-$1,999 ($91,000-$103,999)"
Berry - Kangaroo Valley,0,0,0,3,11,11,9,21,16,18,19,35,13,40,196,2010.204082,2010,"$2,000-$2,999 ($104,000-$155,999)"
Callala Bay - Currarong,0,0,0,0,0,0,3,7,8,9,11,9,4,8,59,2060.59322,2060,"$2,000-$2,999 ($104,000-$155,999)"
Culburra Beach,0,0,0,0,3,3,3,10,9,8,11,17,0,8,72,1813.888889,1813,"$1,750-$1,999 ($91,000-$103,999)"
Ettrema - Sassafras - Budawang,0,0,0,0,0,0,3,0,0,0,0,3,0,0,6,1387.5,1387,"$1,250-$1,499 ($65,000-$77,999)"
Huskisson - Vincentia,0,0,0,0,7,3,6,10,4,9,12,20,4,19,94,2021.010638,2021,"$2,000-$2,999 ($104,000-$155,999)"
North Nowra - Bomaderry,0,0,5,3,10,7,13,25,22,24,16,35,8,13,181,1658.149171,1658,"$1,500-$1,749 ($78,000-$90,999)"
Nowra,0,0,0,3,0,4,14,30,19,26,15,29,0,6,146,1588.013699,1588,"$1,500-$1,749 ($78,000-$90,999)"
St Georges Basin - Erowal Bay,0,4,6,8,3,0,14,20,16,17,16,19,7,4,134,1533.022388,1533,"$1,500-$1,749 ($78,000-$90,999)"
Sussex Inlet - Berrara,0,0,0,0,0,0,4,0,0,3,6,4,0,0,17,1822.058824,1822,"$1,750-$1,999 ($91,000-$103,999)"
Tomerong - Wandandian - Woollamia,0,0,0,0,0,3,9,3,8,12,3,16,5,3,62,1748.387097,1748,"$1,500-$1,749 ($78,000-$90,999)"
Ulladulla,0,0,3,9,12,10,18,17,13,18,14,38,6,28,186,1749.731183,1749,"$1,500-$1,749 ($78,000-$90,999)"
Ulladulla Surrounds,0,0,0,0,3,5,9,8,5,7,0,14,12,11,74,1952.027027,1952,"$1,750-$1,999 ($91,000-$103,999)"
Bowral,0,3,3,11,11,18,17,37,31,34,28,85,25,102,405,2095,2095,"$2,000-$2,999 ($104,000-$155,999)"
Hill Top - Colo Vale,0,0,0,0,3,3,4,7,8,11,14,10,5,3,68,1834.558824,1834,"$1,750-$1,999 ($91,000-$103,999)"
Mittagong,0,0,3,0,6,4,10,26,21,19,27,40,19,45,220,2123.409091,2123,"$2,000-$2,999 ($104,000-$155,999)"
Moss Vale - Berrima,0,0,0,5,0,8,9,13,11,21,19,52,11,22,171,1975.292398,1975,"$1,750-$1,999 ($91,000-$103,999)"
Robertson - Fitzroy Falls,0,0,0,0,0,6,0,6,9,10,6,17,0,32,86,2309.302326,2309,"$2,000-$2,999 ($104,000-$155,999)"
Southern Highlands,0,0,4,0,0,7,3,12,10,13,9,21,10,44,133,2300.18797,2300,"$2,000-$2,999 ($104,000-$155,999)"
