"INCP Design, Engineering, Science and Transport Total Personal Income (weekly)","$1-$149 ($1-$7,799)","$150-$299 ($7,800-$15,599)","$300-$399 ($15,600-$20,799)","$400-$499 ($20,800-$25,999)","$500-$649 ($26,000-$33,799)","$650-$799 ($33,800-$41,599)","$800-$999 ($41,600-$51,999)","$1,000-$1,249 ($52,000-$64,999)","$1,250-$1,499 ($65,000-$77,999)","$1,500-$1,749 ($78,000-$90,999)","$1,750-$1,999 ($91,000-$103,999)","$2,000-$2,999 ($104,000-$155,999)","$3,000-$3,499 ($156,000-$181,999)","$3,500 or more ($182,000 or more)",Total,Average,Round Down,Return Val
Braidwood,0,0,4,0,0,0,3,0,3,10,7,17,0,11,55,2042.727273,2042,"$2,000-$2,999 ($104,000-$155,999)"
Karabar,0,0,0,0,0,0,0,5,3,17,9,18,0,0,52,1800.480769,1800,"$1,750-$1,999 ($91,000-$103,999)"
Queanbeyan,0,0,0,4,3,3,7,15,19,21,23,37,4,6,142,1760.56338,1760,"$1,750-$1,999 ($91,000-$103,999)"
Queanbeyan - East,0,0,0,0,0,0,0,8,10,15,9,21,3,5,71,1919.014085,1919,"$1,750-$1,999 ($91,000-$103,999)"
Queanbeyan West - Jerrabomberra,6,0,0,0,0,0,6,7,5,13,20,63,25,22,167,2204.191617,2204,"$2,000-$2,999 ($104,000-$155,999)"
Googong,0,0,0,0,0,0,8,0,6,12,8,36,15,10,95,2170.526316,2170,"$2,000-$2,999 ($104,000-$155,999)"
Queanbeyan Surrounds,3,5,3,4,3,7,4,10,17,42,25,76,26,42,267,2074.812734,2074,"$2,000-$2,999 ($104,000-$155,999)"
Bombala,0,0,0,0,0,0,0,0,4,0,3,0,4,0,11,2363.636364,2363,"$2,000-$2,999 ($104,000-$155,999)"
Cooma,0,0,0,0,0,0,0,5,12,11,14,60,26,14,142,2260.56338,2260,"$2,000-$2,999 ($104,000-$155,999)"
Cooma Surrounds,0,0,0,0,0,0,0,7,10,8,11,25,4,7,72,2034.722222,2034,"$2,000-$2,999 ($104,000-$155,999)"
Jindabyne - Berridale,0,3,6,3,9,7,8,17,7,29,21,72,14,24,220,1883.863636,1883,"$1,750-$1,999 ($91,000-$103,999)"
Batemans Bay,0,7,0,0,0,6,0,5,3,9,0,14,5,6,55,1705.454545,1705,"$1,500-$1,749 ($78,000-$90,999)"
Batemans Bay - South,0,0,0,6,0,0,8,9,9,13,6,10,3,4,68,1632.720588,1632,"$1,500-$1,749 ($78,000-$90,999)"
Bega - Tathra,0,0,0,0,3,6,0,13,8,18,14,11,4,3,80,1750.9375,1750,"$1,750-$1,999 ($91,000-$103,999)"
Bega-Eden Hinterland,0,4,0,3,12,6,10,8,10,15,12,17,4,3,104,1490.384615,1490,"$1,250-$1,499 ($65,000-$77,999)"
Broulee - Tomakin,0,0,0,0,0,0,4,3,6,9,0,6,0,6,34,1826.470588,1826,"$1,750-$1,999 ($91,000-$103,999)"
Deua - Wadbilliga,0,0,0,0,0,0,0,0,0,0,0,0,0,0,0,0,0,0
Eden,0,0,0,0,0,0,0,6,3,0,0,5,4,0,18,1847.222222,1847,"$1,750-$1,999 ($91,000-$103,999)"
Eurobodalla Hinterland,0,0,5,0,0,6,0,3,4,0,5,5,4,4,36,1773.611111,1773,"$1,750-$1,999 ($91,000-$103,999)"
Merimbula - Tura Beach,0,0,0,0,0,3,8,11,6,3,13,22,5,5,76,1873.355263,1873,"$1,750-$1,999 ($91,000-$103,999)"
Moruya - Tuross Head,0,0,0,0,0,6,5,13,12,10,7,18,3,0,74,1584.121622,1584,"$1,500-$1,749 ($78,000-$90,999)"
Narooma - Bermagui,0,0,6,5,4,4,3,6,8,10,8,13,3,5,75,1571.666667,1571,"$1,500-$1,749 ($78,000-$90,999)"
Goulburn,0,0,0,4,6,4,5,15,17,25,17,33,7,9,142,1775.704225,1775,"$1,750-$1,999 ($91,000-$103,999)"
Goulburn Surrounds,0,6,3,4,0,3,11,6,7,13,6,26,13,10,108,1803.472222,1803,"$1,750-$1,999 ($91,000-$103,999)"
Yass,3,0,0,0,0,8,3,7,7,12,3,29,0,0,72,1494.444444,1494,"$1,250-$1,499 ($65,000-$77,999)"
Yass Surrounds,0,7,4,6,4,8,11,9,12,26,23,54,15,16,195,1825.897436,1825,"$1,750-$1,999 ($91,000-$103,999)"
Young,3,0,0,0,0,5,0,8,7,8,4,9,0,3,47,1550,1550,"$1,500-$1,749 ($78,000-$90,999)"
Young Surrounds,0,0,0,0,0,3,4,6,6,7,9,10,3,7,55,1957.272727,1957,"$1,750-$1,999 ($91,000-$103,999)"
Avoca Beach - Copacabana,0,5,5,0,7,5,0,15,12,15,9,31,8,18,130,1830,1830,"$1,750-$1,999 ($91,000-$103,999)"
Box Head - MacMasters Beach,0,0,0,0,13,3,11,14,21,17,21,41,5,14,160,1790.15625,1790,"$1,750-$1,999 ($91,000-$103,999)"
Calga - Kulnura,0,0,0,0,0,5,7,0,11,8,5,25,3,8,72,1877.430556,1877,"$1,750-$1,999 ($91,000-$103,999)"
Erina - Green Point,0,7,0,0,6,3,0,16,16,16,17,38,9,22,150,1954.666667,1954,"$1,750-$1,999 ($91,000-$103,999)"
Gosford - Springfield,4,0,0,3,6,13,12,41,33,47,34,69,17,16,295,1758.728814,1758,"$1,750-$1,999 ($91,000-$103,999)"
Kariong,0,0,0,0,0,4,6,6,10,6,0,19,10,0,61,1748.770492,1748,"$1,500-$1,749 ($78,000-$90,999)"
Kincumber - Picketts Valley,0,0,0,0,3,0,4,4,11,3,7,22,3,10,67,1989.925373,1989,"$1,750-$1,999 ($91,000-$103,999)"
Narara,0,0,0,0,0,5,4,4,10,12,15,20,4,3,77,1863.311688,1863,"$1,750-$1,999 ($91,000-$103,999)"
Niagara Park - Lisarow,0,0,3,3,0,0,6,4,11,7,7,34,6,3,84,1786.309524,1786,"$1,750-$1,999 ($91,000-$103,999)"
Point Clare - Koolewong,0,0,0,0,0,5,6,14,12,12,17,43,9,11,129,1950.775194,1950,"$1,750-$1,999 ($91,000-$103,999)"
Saratoga - Davistown,0,3,0,0,3,4,4,9,4,9,14,21,5,5,81,1818.209877,1818,"$1,750-$1,999 ($91,000-$103,999)"
Terrigal - North Avoca,4,0,0,0,0,4,10,11,20,19,23,43,8,27,169,2021.153846,2021,"$2,000-$2,999 ($104,000-$155,999)"
Umina - Booker Bay - Patonga,6,0,3,6,4,12,14,15,22,31,16,63,10,23,225,1761.888889,1761,"$1,750-$1,999 ($91,000-$103,999)"
Wamberal - Forresters Beach,0,4,0,0,4,3,7,10,11,12,13,34,15,16,129,2004.263566,2004,"$2,000-$2,999 ($104,000-$155,999)"
Woy Woy - Blackwall,0,0,3,0,5,3,4,17,14,18,11,33,3,8,119,1718.067227,1718,"$1,500-$1,749 ($78,000-$90,999)"
Wyoming,0,0,0,0,3,5,4,13,12,11,10,17,10,0,85,1733.235294,1733,"$1,500-$1,749 ($78,000-$90,999)"
Bateau Bay - Killarney Vale,0,3,0,3,6,5,11,17,27,17,14,41,9,3,156,1631.410256,1631,"$1,500-$1,749 ($78,000-$90,999)"
Blue Haven - San Remo,0,0,0,0,0,6,0,3,5,4,5,7,0,0,30,1557.5,1557,"$1,500-$1,749 ($78,000-$90,999)"
Budgewoi - Buff Point - Halekulani,0,0,4,0,3,4,3,5,8,7,8,10,0,6,58,1663.362069,1663,"$1,500-$1,749 ($78,000-$90,999)"
Chittaway Bay - Tumbi Umbi,4,0,0,0,0,7,6,6,12,12,20,45,6,4,122,1814.754098,1814,"$1,750-$1,999 ($91,000-$103,999)"
Gorokan - Kanwal - Charmhaven,0,3,6,3,0,3,7,11,11,12,10,6,5,0,77,1455.844156,1455,"$1,250-$1,499 ($65,000-$77,999)"
Jilliby - Yarramalong,0,0,0,0,0,0,6,6,5,0,5,12,4,5,43,1965.697674,1965,"$1,750-$1,999 ($91,000-$103,999)"
Lake Munmorah - Mannering Park,0,0,0,0,4,3,3,3,10,0,4,11,4,0,42,1617.261905,1617,"$1,500-$1,749 ($78,000-$90,999)"
Ourimbah - Fountaindale,0,0,0,0,3,0,11,7,8,3,7,13,0,0,52,1485.576923,1485,"$1,250-$1,499 ($65,000-$77,999)"
Summerland Point - Gwandalan,0,0,0,0,0,0,5,4,5,4,0,6,5,4,33,1935.606061,1935,"$1,750-$1,999 ($91,000-$103,999)"
The Entrance,0,0,0,0,6,5,9,14,13,12,17,29,0,10,115,1740.652174,1740,"$1,500-$1,749 ($78,000-$90,999)"
Toukley - Norah Head,0,0,0,5,3,0,3,5,8,3,3,29,0,0,59,1526.271186,1526,"$1,500-$1,749 ($78,000-$90,999)"
Tuggerah - Kangy Angy,0,0,0,0,0,0,9,5,3,4,9,13,0,0,43,1656.395349,1656,"$1,500-$1,749 ($78,000-$90,999)"
Warnervale - Wadalba,0,0,0,3,8,3,12,9,15,5,14,31,12,9,121,1829.958678,1829,"$1,750-$1,999 ($91,000-$103,999)"
Wyong,0,0,0,4,0,0,3,4,4,10,4,14,0,0,43,1558.139535,1558,"$1,500-$1,749 ($78,000-$90,999)"
Bathurst - East,0,0,0,3,4,4,6,7,9,12,10,25,4,5,89,1731.179775,1731,"$1,500-$1,749 ($78,000-$90,999)"
Bathurst Surrounds,0,0,5,0,3,0,11,8,14,11,7,14,8,3,84,1663.690476,1663,"$1,500-$1,749 ($78,000-$90,999)"
Oberon,0,0,0,0,0,0,4,0,3,7,3,17,0,4,38,1907.236842,1907,"$1,750-$1,999 ($91,000-$103,999)"
Bathurst - South,0,0,0,0,4,6,10,18,15,10,13,31,5,3,115,1653.478261,1653,"$1,500-$1,749 ($78,000-$90,999)"
Bathurst - West,0,0,4,0,5,7,0,9,26,18,21,45,9,8,152,1832.894737,1832,"$1,750-$1,999 ($91,000-$103,999)"
Condobolin,0,0,0,0,0,4,0,6,3,4,3,3,5,4,32,1989.0625,1989,"$1,750-$1,999 ($91,000-$103,999)"
Cowra,0,5,0,0,0,4,0,6,9,6,5,17,3,0,55,1582.272727,1582,"$1,500-$1,749 ($78,000-$90,999)"
Cowra Surrounds,0,0,0,0,0,0,0,5,4,5,3,10,0,0,27,1685.185185,1685,"$1,500-$1,749 ($78,000-$90,999)"
Forbes,0,0,0,0,0,7,4,10,9,12,13,21,4,6,86,1833.430233,1833,"$1,750-$1,999 ($91,000-$103,999)"
Grenfell,0,0,0,0,4,0,0,5,0,0,0,3,0,0,12,1129.166667,1129,"$1,000-$1,249 ($52,000-$64,999)"
Parkes (NSW),0,0,0,0,3,0,7,9,14,20,20,45,15,13,146,2044.691781,2044,"$2,000-$2,999 ($104,000-$155,999)"
Parkes Surrounds,0,0,0,0,0,0,0,4,0,0,0,4,4,0,12,2083.333333,2083,"$2,000-$2,999 ($104,000-$155,999)"
West Wyalong,0,0,0,0,0,0,0,9,5,6,4,26,9,6,65,2088.461538,2088,"$2,000-$2,999 ($104,000-$155,999)"
Lithgow,0,0,0,3,0,5,0,13,13,13,15,25,5,7,99,1855.808081,1855,"$1,750-$1,999 ($91,000-$103,999)"
Lithgow Surrounds,0,0,3,3,4,0,7,10,13,5,5,12,8,11,81,1824.074074,1824,"$1,750-$1,999 ($91,000-$103,999)"
Mudgee,0,0,0,0,7,7,6,16,12,18,20,54,18,31,189,2097.883598,2097,"$2,000-$2,999 ($104,000-$155,999)"
Mudgee Surrounds - East,0,0,0,0,0,0,0,0,0,0,0,3,0,0,3,1875,1875,"$1,750-$1,999 ($91,000-$103,999)"
Mudgee Surrounds - West,0,0,0,3,5,4,4,9,13,16,4,13,4,15,90,1828.888889,1828,"$1,750-$1,999 ($91,000-$103,999)"
Wollangambe - Wollemi,0,0,0,0,0,0,0,0,0,0,0,0,0,0,0,0,0,0
Blayney,0,0,0,0,0,5,3,4,6,4,9,14,8,6,59,2056.355932,2056,"$2,000-$2,999 ($104,000-$155,999)"
Orange,0,6,7,5,5,9,13,16,25,32,28,71,29,29,275,1928.727273,1928,"$1,750-$1,999 ($91,000-$103,999)"
Orange - North,0,5,0,5,4,9,6,15,25,41,51,111,30,39,341,2067.741935,2067,"$2,000-$2,999 ($104,000-$155,999)"
Orange Surrounds,0,0,4,7,3,0,4,13,16,12,5,38,15,22,139,1982.014388,1982,"$1,750-$1,999 ($91,000-$103,999)"
Grafton,0,0,0,0,0,0,5,10,8,19,16,43,0,4,105,1830.952381,1830,"$1,750-$1,999 ($91,000-$103,999)"
Grafton Surrounds,0,0,0,0,6,5,5,15,12,12,9,28,0,0,92,1515.76087,1515,"$1,500-$1,749 ($78,000-$90,999)"
Maclean - Yamba - Iluka,0,0,4,4,6,13,11,10,13,21,17,37,6,7,149,1644.966443,1644,"$1,500-$1,749 ($78,000-$90,999)"
Bellingen,0,0,3,0,3,8,15,7,16,12,16,26,0,0,106,1511.320755,1511,"$1,500-$1,749 ($78,000-$90,999)"
Coffs Harbour - North,0,0,3,8,3,4,9,16,13,21,9,28,0,7,121,1544.421488,1544,"$1,500-$1,749 ($78,000-$90,999)"
Coffs Harbour - South,0,4,0,0,0,5,7,14,4,14,10,21,4,4,87,1680.45977,1680,"$1,500-$1,749 ($78,000-$90,999)"
Coramba - Nana Glen - Bucca,0,0,0,0,7,4,0,0,4,6,3,15,0,0,39,1482.051282,1482,"$1,250-$1,499 ($65,000-$77,999)"
Dorrigo,0,0,0,0,4,0,0,4,0,9,3,11,0,0,31,1598.387097,1598,"$1,500-$1,749 ($78,000-$90,999)"
Korora - Emerald Beach,0,3,0,7,5,5,8,17,9,17,15,46,18,15,165,1887.272727,1887,"$1,750-$1,999 ($91,000-$103,999)"
Sawtell - Boambee,4,0,0,0,3,8,9,13,20,27,25,39,0,8,156,1702.24359,1702,"$1,500-$1,749 ($78,000-$90,999)"
Urunga,0,0,0,0,0,0,0,4,6,4,0,7,0,0,21,1541.666667,1541,"$1,500-$1,749 ($78,000-$90,999)"
Woolgoolga - Arrawarra,0,0,0,3,6,4,6,19,13,22,12,29,3,3,120,1606.041667,1606,"$1,500-$1,749 ($78,000-$90,999)"
Bourke - Brewarrina,0,0,0,0,0,0,0,0,6,0,0,3,0,3,12,2031.25,2031,"$2,000-$2,999 ($104,000-$155,999)"
Cobar,0,0,0,0,0,0,0,0,3,9,10,22,11,7,62,2342.741935,2342,"$2,000-$2,999 ($104,000-$155,999)"
Coonamble,0,0,0,0,0,3,3,0,0,3,3,4,0,0,16,1546.875,1546,"$1,500-$1,749 ($78,000-$90,999)"
Nyngan - Warren,0,0,0,0,0,0,0,0,0,8,9,18,4,4,43,2238.372093,2238,"$2,000-$2,999 ($104,000-$155,999)"
Walgett - Lightning Ridge,0,0,0,0,0,0,0,3,4,0,3,0,0,0,10,1637.5,1637,"$1,500-$1,749 ($78,000-$90,999)"
Broken Hill,0,0,0,0,0,0,0,12,15,11,14,39,3,6,100,1908.75,1908,"$1,750-$1,999 ($91,000-$103,999)"
Far West,0,0,0,0,3,4,3,0,0,4,6,10,0,0,30,1585.833333,1585,"$1,500-$1,749 ($78,000-$90,999)"
Coonabarabran,0,0,0,0,4,6,0,8,5,4,5,5,0,3,40,1535,1535,"$1,500-$1,749 ($78,000-$90,999)"
Dubbo - East,0,0,0,0,5,3,0,15,13,8,11,33,3,4,95,1746.578947,1746,"$1,500-$1,749 ($78,000-$90,999)"
Dubbo - South,0,0,0,0,3,9,10,22,22,20,33,68,7,6,200,1792.5,1792,"$1,750-$1,999 ($91,000-$103,999)"
Dubbo - West,0,0,0,0,0,4,0,7,4,5,11,21,6,0,58,1909.913793,1909,"$1,750-$1,999 ($91,000-$103,999)"
Dubbo Surrounds,0,0,0,0,0,0,0,0,12,6,10,9,0,6,43,2072.674419,2072,"$2,000-$2,999 ($104,000-$155,999)"
Gilgandra,0,0,0,0,0,5,3,0,0,0,3,3,0,0,14,1389.285714,1389,"$1,250-$1,499 ($65,000-$77,999)"
Narromine,0,0,0,0,0,0,0,6,11,6,0,12,3,0,38,1680.921053,1680,"$1,500-$1,749 ($78,000-$90,999)"
Wellington,0,0,0,0,0,0,3,7,3,8,0,7,0,0,28,1458.035714,1458,"$1,250-$1,499 ($65,000-$77,999)"
Branxton - Greta - Pokolbin,0,0,0,0,6,3,10,12,19,19,15,41,20,22,167,2044.91018,2044,"$2,000-$2,999 ($104,000-$155,999)"
Cessnock,0,0,0,3,3,0,8,16,6,11,13,19,3,13,95,1871.315789,1871,"$1,750-$1,999 ($91,000-$103,999)"
Cessnock Surrounds,0,0,0,0,5,7,8,13,17,8,5,10,6,15,94,1802.12766,1802,"$1,750-$1,999 ($91,000-$103,999)"
Dungog,0,0,0,0,5,8,9,4,13,12,8,23,6,18,106,1927.122642,1927,"$1,750-$1,999 ($91,000-$103,999)"
Kurri Kurri - Abermain,0,0,0,4,6,3,3,4,13,17,8,25,6,3,92,1706.521739,1706,"$1,500-$1,749 ($78,000-$90,999)"
Singleton,0,0,0,0,0,0,3,7,19,14,19,99,32,49,242,2347.417355,2347,"$2,000-$2,999 ($104,000-$155,999)"
Singleton Surrounds,0,3,3,3,0,0,3,8,3,0,11,19,8,17,78,2147.75641,2147,"$2,000-$2,999 ($104,000-$155,999)"
Maitland,0,5,0,0,4,0,5,7,15,11,14,32,8,8,109,1865.137615,1865,"$1,750-$1,999 ($91,000-$103,999)"
Maitland - North,0,0,0,4,0,0,3,9,9,13,15,46,12,25,136,2193.933824,2193,"$2,000-$2,999 ($104,000-$155,999)"
East Maitland - Metford,0,0,0,0,6,0,12,13,23,19,22,70,21,15,201,1981.965174,1981,"$1,750-$1,999 ($91,000-$103,999)"
Rutherford (North) - Aberglasslyn,0,3,0,0,5,3,7,13,7,15,16,36,19,15,139,2031.654676,2031,"$2,000-$2,999 ($104,000-$155,999)"
Rutherford (South) - Telarah,5,0,3,0,0,5,0,5,7,9,7,13,0,4,58,1565.517241,1565,"$1,500-$1,749 ($78,000-$90,999)"
Tenambit - East Maitland,0,0,0,0,0,4,6,9,13,14,7,33,8,16,110,2003.863636,2003,"$2,000-$2,999 ($104,000-$155,999)"
Thornton - Millers Forest,0,0,0,0,0,3,8,18,31,16,24,60,13,18,191,1968.586387,1968,"$1,750-$1,999 ($91,000-$103,999)"
Anna Bay,0,4,0,0,0,3,3,7,8,14,8,25,4,10,86,1886.918605,1886,"$1,750-$1,999 ($91,000-$103,999)"
Lemon Tree Passage - Tanilba Bay,0,0,0,0,0,0,0,0,3,4,4,12,0,6,29,2211.206897,2211,"$2,000-$2,999 ($104,000-$155,999)"
Nelson Bay Peninsula,3,8,4,5,3,7,10,19,26,16,19,71,18,24,233,1835.729614,1835,"$1,750-$1,999 ($91,000-$103,999)"
Raymond Terrace,0,0,0,0,0,0,0,11,8,8,6,11,3,5,52,1908.653846,1908,"$1,750-$1,999 ($91,000-$103,999)"
Seaham - Woodville,0,0,0,5,0,0,8,5,3,12,8,23,7,14,85,2042.058824,2042,"$2,000-$2,999 ($104,000-$155,999)"
Tea Gardens - Hawks Nest,0,0,0,0,0,5,0,5,0,3,0,8,0,8,29,1969.827586,1969,"$1,750-$1,999 ($91,000-$103,999)"
Williamtown - Medowie - Karuah,0,4,4,0,0,0,7,10,6,16,15,42,18,23,145,2133.448276,2133,"$2,000-$2,999 ($104,000-$155,999)"
Muswellbrook,0,0,0,0,0,0,6,5,9,14,11,41,11,6,103,2012.378641,2012,"$2,000-$2,999 ($104,000-$155,999)"
Muswellbrook Surrounds,0,0,0,0,0,3,0,4,4,6,0,7,4,4,32,1939.0625,1939,"$1,750-$1,999 ($91,000-$103,999)"
Scone,0,0,0,3,0,0,3,12,8,10,7,28,5,9,85,1912.352941,1912,"$1,750-$1,999 ($91,000-$103,999)"
Scone Surrounds,0,0,3,0,4,0,3,10,6,8,6,14,6,6,66,1822.727273,1822,"$1,750-$1,999 ($91,000-$103,999)"
Dapto - Avondale,0,0,0,4,4,8,12,12,16,23,12,42,9,9,151,1742.218543,1742,"$1,500-$1,749 ($78,000-$90,999)"
Horsley - Kembla Grange,0,0,0,0,4,8,5,16,12,16,18,29,16,5,129,1875.775194,1875,"$1,750-$1,999 ($91,000-$103,999)"
Port Kembla Industrial,0,0,0,0,0,0,0,0,0,0,0,0,0,0,0,0,0,0
Unanderra - Mount Kembla,0,3,3,0,9,4,9,16,26,25,33,77,22,22,249,1958.433735,1958,"$1,750-$1,999 ($91,000-$103,999)"
Berkeley - Lake Heights - Cringila,0,0,4,0,0,6,4,12,21,10,12,29,3,3,104,1659.615385,1659,"$1,500-$1,749 ($78,000-$90,999)"
Port Kembla - Warrawong,0,0,0,0,0,4,0,7,5,12,13,16,9,3,69,2020.289855,2020,"$2,000-$2,999 ($104,000-$155,999)"
Windang - Primbee,0,0,0,0,0,0,0,0,4,3,5,5,0,4,21,2202.380952,2202,"$2,000-$2,999 ($104,000-$155,999)"
Illawarra Catchment Reserve,0,0,0,0,0,0,0,0,0,0,0,0,0,0,0,0,0,0
Albion Park - Macquarie Pass,4,0,0,3,9,3,8,12,21,19,19,54,13,13,178,1831.179775,1831,"$1,750-$1,999 ($91,000-$103,999)"
Albion Park Rail,0,0,0,0,0,0,0,7,3,7,4,6,5,0,32,1902.34375,1902,"$1,750-$1,999 ($91,000-$103,999)"
Kiama,0,0,0,0,4,5,3,11,18,21,16,41,23,15,157,2063.694268,2063,"$2,000-$2,999 ($104,000-$155,999)"
Kiama Downs - Minnamurra,0,0,0,0,0,0,9,10,13,9,4,36,3,13,97,1903.092784,1903,"$1,750-$1,999 ($91,000-$103,999)"
Kiama Hinterland - Gerringong,0,0,3,0,6,3,6,13,12,14,17,48,12,33,167,2113.473054,2113,"$2,000-$2,999 ($104,000-$155,999)"
Shellharbour - Flinders,0,3,3,5,5,5,12,19,18,31,19,88,28,28,264,1966.950758,1966,"$1,750-$1,999 ($91,000-$103,999)"
Shellharbour - Oak Flats,0,0,0,0,0,6,7,8,6,12,9,20,4,7,79,1834.177215,1834,"$1,750-$1,999 ($91,000-$103,999)"
Warilla,0,0,5,0,4,4,12,13,9,12,19,18,10,3,109,1729.357798,1729,"$1,500-$1,749 ($78,000-$90,999)"
Balgownie - Fairy Meadow,0,6,0,3,10,8,23,28,32,57,37,104,16,29,353,1824.575071,1824,"$1,750-$1,999 ($91,000-$103,999)"
Corrimal - Tarrawanna - Bellambi,0,0,0,4,3,6,11,20,21,31,30,59,15,11,211,1859.71564,1859,"$1,750-$1,999 ($91,000-$103,999)"
Figtree - Keiraville,0,3,4,8,15,14,33,46,47,45,43,109,30,30,427,1775.234192,1775,"$1,750-$1,999 ($91,000-$103,999)"
Helensburgh,4,0,0,0,8,5,7,20,21,28,11,62,15,14,195,1811.282051,1811,"$1,750-$1,999 ($91,000-$103,999)"
Thirroul - Austinmer - Coalcliff,0,0,3,3,5,14,11,20,31,38,35,72,20,46,298,2015.771812,2015,"$2,000-$2,999 ($104,000-$155,999)"
Woonona - Bulli - Russell Vale,0,0,4,3,15,16,19,27,30,49,40,104,33,51,391,1974.616368,1974,"$1,750-$1,999 ($91,000-$103,999)"
Wollongong - East,5,0,0,0,9,9,34,43,62,66,45,112,15,20,420,1725.714286,1725,"$1,500-$1,749 ($78,000-$90,999)"
Wollongong - West,0,0,9,6,6,9,21,36,44,53,19,84,21,24,332,1744.277108,1744,"$1,500-$1,749 ($78,000-$90,999)"
Bulahdelah - Stroud,0,0,0,0,0,3,4,0,0,0,0,12,0,4,23,1838.043478,1838,"$1,750-$1,999 ($91,000-$103,999)"
Forster,0,0,7,0,7,0,3,9,13,7,16,18,0,3,83,1600,1600,"$1,500-$1,749 ($78,000-$90,999)"
Forster-Tuncurry Surrounds,0,4,0,6,0,6,0,8,9,4,4,11,0,0,52,1277.884615,1277,"$1,250-$1,499 ($65,000-$77,999)"
Tuncurry,0,0,0,0,0,0,0,4,0,5,6,5,0,0,20,1850,1850,"$1,750-$1,999 ($91,000-$103,999)"
Kempsey,0,0,0,0,0,7,4,7,3,0,3,9,0,4,37,1595.945946,1595,"$1,500-$1,749 ($78,000-$90,999)"
Kempsey Surrounds,0,0,0,0,0,0,4,0,3,12,4,20,3,0,46,1836.413043,1836,"$1,750-$1,999 ($91,000-$103,999)"
Macksville - Scotts Head,0,0,0,3,0,0,0,0,0,4,0,4,4,3,18,2158.333333,2158,"$2,000-$2,999 ($104,000-$155,999)"
Nambucca Heads,0,0,0,6,4,0,0,3,3,6,0,4,0,0,26,1144.230769,1144,"$1,000-$1,249 ($52,000-$64,999)"
Nambucca Heads Surrounds,0,0,0,4,3,0,4,3,12,4,12,7,0,4,53,1709.90566,1709,"$1,500-$1,749 ($78,000-$90,999)"
South West Rocks,0,0,0,0,0,3,0,5,5,7,6,6,3,0,35,1772.857143,1772,"$1,750-$1,999 ($91,000-$103,999)"
Lord Howe Island,0,0,0,0,0,4,6,4,0,0,0,0,0,0,14,914.2857143,914,"$800-$999 ($41,600-$51,999)"
Laurieton - Bonny Hills,0,5,6,6,10,8,6,12,13,14,6,14,0,4,104,1271.634615,1271,"$1,250-$1,499 ($65,000-$77,999)"
Port Macquarie - West,0,5,6,3,9,8,0,19,27,13,15,38,11,15,169,1728.846154,1728,"$1,500-$1,749 ($78,000-$90,999)"
Port Macquarie Surrounds,0,7,0,0,0,0,0,3,0,3,4,3,0,0,20,1272.5,1272,"$1,250-$1,499 ($65,000-$77,999)"
Wauchope,0,0,0,0,0,0,3,4,4,4,4,11,0,5,35,1923.571429,1923,"$1,750-$1,999 ($91,000-$103,999)"
Port Macquarie - East,0,3,4,0,0,8,10,17,13,15,20,44,5,8,147,1734.693878,1734,"$1,500-$1,749 ($78,000-$90,999)"
Port Macquarie - South,3,0,3,0,0,7,16,21,14,19,19,59,7,15,183,1791.666667,1791,"$1,750-$1,999 ($91,000-$103,999)"
Gloucester,0,0,0,0,0,3,0,0,0,10,4,7,0,6,30,2085,2085,"$2,000-$2,999 ($104,000-$155,999)"
Old Bar - Manning Point - Red Head,0,0,0,0,3,4,8,15,13,13,17,15,3,0,91,1627.197802,1627,"$1,500-$1,749 ($78,000-$90,999)"
Taree,0,4,0,7,4,0,3,10,9,10,8,11,3,0,69,1439.130435,1439,"$1,250-$1,499 ($65,000-$77,999)"
Taree Surrounds,0,0,4,0,8,4,7,11,7,5,7,21,0,10,84,1633.333333,1633,"$1,500-$1,749 ($78,000-$90,999)"
Wingham,0,0,0,0,0,0,0,0,4,6,0,0,0,0,10,1525,1525,"$1,500-$1,749 ($78,000-$90,999)"
Albury - East,0,0,4,0,10,5,18,23,23,28,12,40,13,10,186,1678.629032,1678,"$1,500-$1,749 ($78,000-$90,999)"
Albury - North,0,0,0,0,3,4,8,13,6,16,9,14,0,5,78,1627.564103,1627,"$1,500-$1,749 ($78,000-$90,999)"
Albury - South,0,0,0,4,3,11,14,18,21,21,17,37,4,8,158,1646.993671,1646,"$1,500-$1,749 ($78,000-$90,999)"
Albury Surrounds,0,0,0,0,6,3,4,4,11,15,9,30,10,10,102,1955.637255,1955,"$1,750-$1,999 ($91,000-$103,999)"
Lavington,0,0,0,4,4,3,11,10,12,12,6,5,0,3,70,1404.285714,1404,"$1,250-$1,499 ($65,000-$77,999)"
Hay,0,0,0,0,0,0,0,0,0,3,0,3,3,0,9,2250,2250,"$2,000-$2,999 ($104,000-$155,999)"
Wentworth - Buronga,0,0,0,0,0,4,4,4,7,9,3,5,0,0,36,1447.916667,1447,"$1,250-$1,499 ($65,000-$77,999)"
Wentworth-Balranald Region,0,0,0,0,0,0,0,3,6,3,3,9,3,0,27,1875,1875,"$1,750-$1,999 ($91,000-$103,999)"
Corowa,0,0,0,0,0,0,9,0,4,4,3,4,3,0,27,1661.111111,1661,"$1,500-$1,749 ($78,000-$90,999)"
Corowa Surrounds,0,0,0,0,0,0,0,8,3,0,6,9,0,0,26,1730.769231,1730,"$1,500-$1,749 ($78,000-$90,999)"
Deniliquin,0,0,3,0,0,0,6,8,4,7,8,14,0,0,50,1571.5,1571,"$1,500-$1,749 ($78,000-$90,999)"
Deniliquin Surrounds,0,0,3,0,0,0,3,6,9,3,5,9,0,3,41,1649.390244,1649,"$1,500-$1,749 ($78,000-$90,999)"
Moama,0,0,0,4,0,0,3,0,7,7,12,15,3,0,51,1830.882353,1830,"$1,750-$1,999 ($91,000-$103,999)"
Tocumwal - Finley - Jerilderie,4,0,0,0,0,5,8,4,7,8,10,15,4,4,69,1715.57971,1715,"$1,500-$1,749 ($78,000-$90,999)"
Armidale,3,8,3,3,3,11,20,19,37,32,41,80,20,15,295,1784.322034,1784,"$1,750-$1,999 ($91,000-$103,999)"
Armidale Surrounds - North,0,0,0,0,0,0,4,3,7,0,0,9,5,5,33,2037.121212,2037,"$2,000-$2,999 ($104,000-$155,999)"
Armidale Surrounds - South,0,0,0,0,0,5,3,4,14,12,9,24,0,3,74,1723.986486,1723,"$1,500-$1,749 ($78,000-$90,999)"
Walcha,0,0,0,0,3,0,0,4,3,0,4,5,0,5,24,1967.708333,1967,"$1,750-$1,999 ($91,000-$103,999)"
Glen Innes,0,0,0,0,4,0,0,5,9,4,3,14,0,4,43,1733.72093,1733,"$1,500-$1,749 ($78,000-$90,999)"
Inverell,0,0,3,0,3,0,8,8,5,3,4,16,6,5,61,1765.983607,1765,"$1,750-$1,999 ($91,000-$103,999)"
Inverell Surrounds - East,0,0,0,0,4,3,0,0,4,3,0,0,0,4,18,1602.777778,1602,"$1,500-$1,749 ($78,000-$90,999)"
Inverell Surrounds - West,0,0,0,0,0,0,7,0,0,7,0,9,0,0,23,1502.173913,1502,"$1,500-$1,749 ($78,000-$90,999)"
Tenterfield,0,4,0,0,0,5,6,8,4,13,0,10,3,6,59,1611.016949,1611,"$1,500-$1,749 ($78,000-$90,999)"
Moree,0,0,0,0,0,0,3,14,5,10,10,21,12,9,84,2100.595238,2100,"$2,000-$2,999 ($104,000-$155,999)"
Moree Surrounds,0,0,0,0,0,0,0,0,3,5,3,4,0,7,22,2352.272727,2352,"$2,000-$2,999 ($104,000-$155,999)"
Narrabri,0,0,0,0,0,0,6,8,15,19,16,33,13,6,116,1991.594828,1991,"$1,750-$1,999 ($91,000-$103,999)"
Narrabri Surrounds,0,0,0,0,0,0,0,0,4,6,3,11,0,3,27,1995.37037,1995,"$1,750-$1,999 ($91,000-$103,999)"
Gunnedah,0,0,0,3,4,0,5,6,11,9,11,29,11,22,111,2155.630631,2155,"$2,000-$2,999 ($104,000-$155,999)"
Gunnedah Surrounds,0,0,0,0,0,0,0,6,6,4,0,13,4,9,42,2151.785714,2151,"$2,000-$2,999 ($104,000-$155,999)"
Quirindi,0,0,0,0,0,4,5,7,8,0,9,8,0,8,49,1872.959184,1872,"$1,750-$1,999 ($91,000-$103,999)"
Tamworth - East,0,0,4,3,0,3,8,12,10,10,10,36,4,9,109,1767.201835,1767,"$1,750-$1,999 ($91,000-$103,999)"
Tamworth - North,0,4,0,9,5,5,10,17,18,12,21,51,6,8,166,1683.433735,1683,"$1,500-$1,749 ($78,000-$90,999)"
Tamworth - West,0,0,0,0,0,0,0,3,4,5,0,0,3,0,15,1783.333333,1783,"$1,750-$1,999 ($91,000-$103,999)"
Tamworth Surrounds,0,0,0,0,4,0,14,12,15,14,9,38,3,10,119,1767.016807,1767,"$1,750-$1,999 ($91,000-$103,999)"
Belmont - Bennetts Green,0,0,0,0,9,5,8,25,17,22,30,66,23,27,232,2031.25,2031,"$2,000-$2,999 ($104,000-$155,999)"
Belmont South - Blacksmiths,0,0,0,0,0,0,7,7,3,3,6,9,3,3,41,1836.585366,1836,"$1,750-$1,999 ($91,000-$103,999)"
Charlestown - Dudley,4,7,3,7,9,18,21,35,55,61,70,173,44,43,550,1909.454545,1909,"$1,750-$1,999 ($91,000-$103,999)"
Glendale - Cardiff - Hillsborough,5,3,0,5,11,8,13,34,35,55,35,138,26,28,396,1847.537879,1847,"$1,750-$1,999 ($91,000-$103,999)"
Mount Hutton - Windale,0,0,0,0,0,0,5,6,8,18,10,15,4,3,69,1856.884058,1856,"$1,750-$1,999 ($91,000-$103,999)"
Redhead,0,3,0,0,0,0,4,3,9,9,8,22,11,16,85,2207.647059,2207,"$2,000-$2,999 ($104,000-$155,999)"
Swansea - Caves Beach,0,0,4,0,0,9,0,11,12,19,17,30,11,25,138,2099.094203,2099,"$2,000-$2,999 ($104,000-$155,999)"
Valentine - Eleebana,0,0,3,0,4,4,8,20,18,11,23,77,25,30,223,2092.825112,2092,"$2,000-$2,999 ($104,000-$155,999)"
Warners Bay - Boolaroo,0,3,0,0,6,3,9,15,25,17,21,78,21,34,232,2065.840517,2065,"$2,000-$2,999 ($104,000-$155,999)"
Bolton Point - Teralba,5,0,3,0,4,3,0,17,6,19,8,20,10,5,100,1716.5,1716,"$1,500-$1,749 ($78,000-$90,999)"
Bonnells Bay - Silverwater,0,0,0,0,0,0,3,10,11,5,9,22,3,4,67,1861.19403,1861,"$1,750-$1,999 ($91,000-$103,999)"
Edgeworth - Cameron Park,0,0,0,0,4,6,9,13,20,18,26,67,12,10,185,1895.945946,1895,"$1,750-$1,999 ($91,000-$103,999)"
Morisset - Cooranbong,3,0,0,3,10,0,14,10,9,19,13,29,8,9,127,1722.834646,1722,"$1,500-$1,749 ($78,000-$90,999)"
Toronto - Awaba,0,3,0,5,0,8,11,4,7,14,16,42,11,25,146,2037.671233,2037,"$2,000-$2,999 ($104,000-$155,999)"
Wangi Wangi - Rathmines,0,0,0,0,4,5,3,4,4,8,14,31,9,16,98,2142.857143,2142,"$2,000-$2,999 ($104,000-$155,999)"
West Wallsend - Barnsley - Killingworth,4,0,0,0,0,0,0,7,4,7,8,19,0,3,52,1753.365385,1753,"$1,750-$1,999 ($91,000-$103,999)"
Adamstown - Kotara,3,4,5,8,6,13,24,28,41,51,47,155,47,51,483,1969.099379,1969,"$1,750-$1,999 ($91,000-$103,999)"
Beresfield - Hexham,0,0,0,0,0,3,0,7,8,5,7,8,0,3,41,1760.365854,1760,"$1,750-$1,999 ($91,000-$103,999)"
Hamilton - Broadmeadow,0,3,3,7,5,15,15,37,34,33,33,79,27,44,335,1929.850746,1929,"$1,750-$1,999 ($91,000-$103,999)"
Lambton - New Lambton,0,9,3,0,12,15,22,21,24,42,36,139,40,51,414,1991.908213,1991,"$1,750-$1,999 ($91,000-$103,999)"
Maryland - Fletcher - Minmi,0,3,4,4,3,10,10,16,27,29,38,91,24,17,276,1910.235507,1910,"$1,750-$1,999 ($91,000-$103,999)"
Mayfield - Warabrook,0,0,4,6,5,15,16,31,42,57,48,95,12,18,349,1769.69914,1769,"$1,750-$1,999 ($91,000-$103,999)"
Merewether - The Junction,0,7,0,3,5,17,10,32,50,33,46,96,36,72,407,2087.223587,2087,"$2,000-$2,999 ($104,000-$155,999)"
Newcastle - Cooks Hill,4,0,7,0,7,14,21,54,54,89,56,123,27,34,490,1822.091837,1822,"$1,750-$1,999 ($91,000-$103,999)"
Newcastle Port - Kooragang,0,0,0,0,0,0,0,0,0,0,0,0,0,0,0,0,0,0
Shortland - Jesmond,0,0,0,8,8,4,8,25,36,28,20,28,5,5,175,1586.714286,1586,"$1,500-$1,749 ($78,000-$90,999)"
Stockton - Fullerton Cove,0,3,3,0,3,4,0,3,7,13,13,40,11,17,117,2078.846154,2078,"$2,000-$2,999 ($104,000-$155,999)"
Wallsend - Elermore Vale,0,0,4,6,4,10,20,25,33,50,47,90,15,22,326,1835.582822,1835,"$1,750-$1,999 ($91,000-$103,999)"
Waratah - North Lambton,0,4,4,0,3,3,17,32,38,46,35,75,13,12,282,1761.968085,1761,"$1,750-$1,999 ($91,000-$103,999)"
Wickham - Carrington - Tighes Hill,0,4,5,0,3,12,21,39,41,41,31,77,17,14,305,1721.229508,1721,"$1,500-$1,749 ($78,000-$90,999)"
Ballina,0,0,3,6,7,16,12,25,12,23,14,29,9,18,174,1688.505747,1688,"$1,500-$1,749 ($78,000-$90,999)"
Ballina Surrounds,3,7,4,10,8,8,12,21,24,24,23,44,11,8,207,1585.869565,1585,"$1,500-$1,749 ($78,000-$90,999)"
Bangalow,4,4,7,4,14,5,13,21,17,27,11,19,13,10,169,1538.905325,1538,"$1,500-$1,749 ($78,000-$90,999)"
Brunswick Heads - Ocean Shores,0,4,4,11,5,7,12,20,17,16,16,24,8,7,151,1545.529801,1545,"$1,500-$1,749 ($78,000-$90,999)"
Byron Bay,0,4,6,7,17,18,40,27,25,30,22,41,12,16,265,1529.622642,1529,"$1,500-$1,749 ($78,000-$90,999)"
Evans Head,0,0,0,4,3,7,0,3,0,8,0,9,0,0,34,1230.882353,1230,"$1,000-$1,249 ($52,000-$64,999)"
Lennox Head - Skennars Head,0,0,0,3,7,5,12,20,17,29,20,28,3,11,155,1700.322581,1700,"$1,500-$1,749 ($78,000-$90,999)"
Mullumbimby,0,5,0,12,9,17,9,13,14,14,8,13,0,3,117,1227.564103,1227,"$1,000-$1,249 ($52,000-$64,999)"
Casino,0,0,0,0,0,4,3,0,4,0,5,5,0,0,21,1570.238095,1570,"$1,500-$1,749 ($78,000-$90,999)"
Casino Surrounds,0,0,0,0,3,0,0,4,4,3,0,7,0,4,25,1749,1749,"$1,500-$1,749 ($78,000-$90,999)"
Goonellabah,0,0,0,0,6,5,10,20,18,13,17,10,0,3,102,1531.372549,1531,"$1,500-$1,749 ($78,000-$90,999)"
Kyogle,0,0,0,0,5,3,8,8,7,4,3,5,0,0,43,1261.627907,1261,"$1,250-$1,499 ($65,000-$77,999)"
Lismore,3,0,0,0,8,9,7,12,16,17,12,12,9,3,108,1602.083333,1602,"$1,500-$1,749 ($78,000-$90,999)"
Lismore Surrounds,0,0,9,7,8,12,17,28,17,19,22,33,4,10,186,1535.080645,1535,"$1,500-$1,749 ($78,000-$90,999)"
Kingscliff - Fingal Head,0,5,0,3,11,8,11,15,17,22,12,41,15,27,187,1875,1875,"$1,750-$1,999 ($91,000-$103,999)"
Murwillumbah,3,3,0,3,4,4,3,11,12,6,6,15,8,0,78,1511.538462,1511,"$1,500-$1,749 ($78,000-$90,999)"
Murwillumbah Surrounds,0,0,4,4,6,11,7,15,6,15,15,22,3,9,117,1627.564103,1627,"$1,500-$1,749 ($78,000-$90,999)"
Pottsville,0,3,9,10,0,12,16,25,18,13,18,36,4,14,178,1572.61236,1572,"$1,500-$1,749 ($78,000-$90,999)"
Tweed Heads,0,3,5,0,3,11,19,15,26,20,19,36,4,11,172,1632.848837,1632,"$1,500-$1,749 ($78,000-$90,999)"
Banora Point,0,0,0,0,5,13,4,3,10,14,5,18,3,7,82,1661.890244,1661,"$1,500-$1,749 ($78,000-$90,999)"
Terranora - North Tumbulgum,0,0,0,0,4,3,0,7,3,0,0,3,0,0,20,1105,1105,"$1,000-$1,249 ($52,000-$64,999)"
Tweed Heads South,0,0,0,4,0,0,3,7,6,5,10,4,0,0,39,1570.512821,1570,"$1,500-$1,749 ($78,000-$90,999)"
Griffith (NSW),0,0,0,0,5,5,12,25,21,23,22,38,8,7,166,1737.5,1737,"$1,500-$1,749 ($78,000-$90,999)"
Griffith Surrounds,0,0,4,5,3,7,8,11,13,19,11,16,8,3,108,1599.768519,1599,"$1,500-$1,749 ($78,000-$90,999)"
Leeton,0,0,0,0,0,0,0,3,9,8,9,20,5,5,59,2076.271186,2076,"$2,000-$2,999 ($104,000-$155,999)"
Narrandera,0,0,0,0,0,0,0,3,0,3,3,9,3,0,21,2017.857143,2017,"$2,000-$2,999 ($104,000-$155,999)"
Tumbarumba,0,0,0,0,0,3,6,3,5,3,5,12,0,0,37,1559.459459,1559,"$1,500-$1,749 ($78,000-$90,999)"
Tumut,0,3,0,0,3,0,0,5,19,14,10,31,4,8,97,1866.237113,1866,"$1,750-$1,999 ($91,000-$103,999)"
Tumut Surrounds,0,0,0,0,0,0,0,3,10,7,3,21,10,4,58,2101.293103,2101,"$2,000-$2,999 ($104,000-$155,999)"
Cootamundra,0,0,3,0,0,4,5,0,5,4,5,17,3,0,46,1651.086957,1651,"$1,500-$1,749 ($78,000-$90,999)"
Gundagai,0,0,0,0,0,0,4,3,0,6,0,5,0,0,18,1450,1450,"$1,250-$1,499 ($65,000-$77,999)"
Junee,0,0,0,0,0,3,0,3,6,4,9,12,5,4,46,2077.173913,2077,"$2,000-$2,999 ($104,000-$155,999)"
Temora,0,0,0,0,0,6,0,3,5,3,4,9,4,5,39,1970.512821,1970,"$1,750-$1,999 ($91,000-$103,999)"
Wagga Wagga - East,0,0,0,0,4,3,4,16,24,12,19,33,6,10,131,1850.763359,1850,"$1,750-$1,999 ($91,000-$103,999)"
Wagga Wagga - North,0,0,0,0,0,0,3,8,10,9,9,22,3,0,64,1774.609375,1774,"$1,750-$1,999 ($91,000-$103,999)"
Wagga Wagga - South,0,0,0,4,8,10,8,21,18,14,34,55,8,10,190,1795.263158,1795,"$1,750-$1,999 ($91,000-$103,999)"
Wagga Wagga - West,0,0,4,6,0,4,14,15,15,17,10,28,0,6,119,1539.705882,1539,"$1,500-$1,749 ($78,000-$90,999)"
Wagga Wagga Surrounds,0,0,0,3,8,8,8,14,20,28,18,45,10,8,170,1750.441176,1750,"$1,750-$1,999 ($91,000-$103,999)"
Berry - Kangaroo Valley,0,0,0,4,4,7,14,12,24,14,24,25,16,21,165,1960,1960,"$1,750-$1,999 ($91,000-$103,999)"
Callala Bay - Currarong,0,3,0,0,0,0,0,3,3,8,8,12,0,4,41,1894.512195,1894,"$1,750-$1,999 ($91,000-$103,999)"
Culburra Beach,0,0,0,0,0,0,3,0,9,5,3,16,4,3,43,1958.139535,1958,"$1,750-$1,999 ($91,000-$103,999)"
Ettrema - Sassafras - Budawang,0,0,0,0,0,0,0,0,0,0,0,0,0,0,0,0,0,0
Huskisson - Vincentia,0,0,0,0,6,0,6,9,7,21,15,34,11,11,120,1985.208333,1985,"$1,750-$1,999 ($91,000-$103,999)"
North Nowra - Bomaderry,0,4,4,3,10,7,5,20,19,26,26,51,14,17,206,1822.694175,1822,"$1,750-$1,999 ($91,000-$103,999)"
Nowra,0,3,0,0,3,7,3,17,25,32,30,46,5,6,177,1775,1775,"$1,750-$1,999 ($91,000-$103,999)"
St Georges Basin - Erowal Bay,0,4,0,4,5,3,5,6,10,21,17,20,0,3,98,1605.867347,1605,"$1,500-$1,749 ($78,000-$90,999)"
Sussex Inlet - Berrara,0,0,0,0,5,4,0,3,0,7,6,6,0,0,31,1508.870968,1508,"$1,500-$1,749 ($78,000-$90,999)"
Tomerong - Wandandian - Woollamia,0,0,0,0,4,0,3,3,4,3,6,8,0,4,35,1792.857143,1792,"$1,750-$1,999 ($91,000-$103,999)"
Ulladulla,0,5,7,0,3,6,14,13,17,18,21,23,0,11,138,1620.471014,1620,"$1,500-$1,749 ($78,000-$90,999)"
Ulladulla Surrounds,3,0,4,0,5,5,5,6,5,4,9,12,5,5,68,1639.705882,1639,"$1,500-$1,749 ($78,000-$90,999)"
Bowral,3,0,6,4,0,10,11,14,20,21,20,38,10,52,209,2078.4689,2078,"$2,000-$2,999 ($104,000-$155,999)"
Hill Top - Colo Vale,0,0,0,5,0,3,0,0,6,9,0,13,3,4,43,1754.069767,1754,"$1,750-$1,999 ($91,000-$103,999)"
Mittagong,5,3,6,0,4,11,3,7,19,15,13,36,11,17,150,1798.333333,1798,"$1,750-$1,999 ($91,000-$103,999)"
Moss Vale - Berrima,0,0,0,0,0,8,6,10,12,15,15,22,7,8,103,1872.087379,1872,"$1,750-$1,999 ($91,000-$103,999)"
Robertson - Fitzroy Falls,0,0,0,0,0,3,0,5,10,7,8,12,3,7,55,1994.090909,1994,"$1,750-$1,999 ($91,000-$103,999)"
Southern Highlands,0,3,4,0,3,5,0,14,11,10,12,37,5,20,124,1936.895161,1936,"$1,750-$1,999 ($91,000-$103,999)"
