INCP Education Total Personal Income (weekly),"$1-$149 ($1-$7,799)","$150-$299 ($7,800-$15,599)","$300-$399 ($15,600-$20,799)","$400-$499 ($20,800-$25,999)","$500-$649 ($26,000-$33,799)","$650-$799 ($33,800-$41,599)","$800-$999 ($41,600-$51,999)","$1,000-$1,249 ($52,000-$64,999)","$1,250-$1,499 ($65,000-$77,999)","$1,500-$1,749 ($78,000-$90,999)","$1,750-$1,999 ($91,000-$103,999)","$2,000-$2,999 ($104,000-$155,999)","$3,000-$3,499 ($156,000-$181,999)","$3,500 or more ($182,000 or more)",Total,Average,Round Down,Return Val
Braidwood,0,0,0,5,5,7,7,12,10,12,9,19,3,4,93,1560.483871,1560,"$1,500-$1,749 ($78,000-$90,999)"
Karabar,0,0,0,0,3,5,8,12,18,14,23,22,3,0,108,1685.648148,1685,"$1,500-$1,749 ($78,000-$90,999)"
Queanbeyan,0,0,5,3,4,11,16,17,24,34,31,53,4,0,202,1609.034653,1609,"$1,500-$1,749 ($78,000-$90,999)"
Queanbeyan - East,3,0,0,5,0,4,4,10,10,17,21,21,0,0,95,1615.526316,1615,"$1,500-$1,749 ($78,000-$90,999)"
Queanbeyan West - Jerrabomberra,9,5,8,0,10,7,13,19,30,36,35,105,5,9,291,1650.773196,1650,"$1,500-$1,749 ($78,000-$90,999)"
Googong,0,0,0,0,5,0,4,5,7,18,30,33,0,3,105,1889.047619,1889,"$1,750-$1,999 ($91,000-$103,999)"
Queanbeyan Surrounds,4,8,3,12,8,10,20,24,41,38,51,119,8,14,360,1692.083333,1692,"$1,500-$1,749 ($78,000-$90,999)"
Bombala,0,0,0,3,0,5,5,4,11,9,13,10,0,3,63,1674.206349,1674,"$1,500-$1,749 ($78,000-$90,999)"
Cooma,0,0,3,0,7,5,4,0,12,23,21,28,0,3,106,1713.915094,1713,"$1,500-$1,749 ($78,000-$90,999)"
Cooma Surrounds,0,0,0,3,0,0,4,3,4,0,16,14,0,0,44,1819.886364,1819,"$1,750-$1,999 ($91,000-$103,999)"
Jindabyne - Berridale,0,0,0,3,15,10,17,19,32,23,44,65,5,6,239,1692.050209,1692,"$1,500-$1,749 ($78,000-$90,999)"
Batemans Bay,0,0,0,0,4,5,7,6,13,16,12,20,5,0,88,1665.909091,1665,"$1,500-$1,749 ($78,000-$90,999)"
Batemans Bay - South,0,0,0,3,3,3,5,9,31,16,40,39,5,0,154,1804.383117,1804,"$1,750-$1,999 ($91,000-$103,999)"
Bega - Tathra,0,5,0,5,10,11,19,25,23,21,28,45,0,4,196,1512.5,1512,"$1,500-$1,749 ($78,000-$90,999)"
Bega-Eden Hinterland,0,0,3,9,9,11,19,15,19,25,33,34,0,0,177,1498.446328,1498,"$1,250-$1,499 ($65,000-$77,999)"
Broulee - Tomakin,0,0,5,5,7,5,10,7,8,24,26,25,0,0,122,1560.655738,1560,"$1,500-$1,749 ($78,000-$90,999)"
Deua - Wadbilliga,0,0,0,0,0,0,0,0,0,0,0,0,0,0,0,0,0,0
Eden,0,0,0,0,0,0,4,4,4,4,3,14,0,0,33,1631.818182,1631,"$1,500-$1,749 ($78,000-$90,999)"
Eurobodalla Hinterland,0,0,0,0,0,4,3,5,12,3,14,11,0,0,52,1696.634615,1696,"$1,500-$1,749 ($78,000-$90,999)"
Merimbula - Tura Beach,0,3,5,5,4,11,13,31,24,36,45,62,3,0,242,1617.871901,1617,"$1,500-$1,749 ($78,000-$90,999)"
Moruya - Tuross Head,0,0,0,3,10,9,6,10,16,20,24,34,4,0,136,1628.860294,1628,"$1,500-$1,749 ($78,000-$90,999)"
Narooma - Bermagui,0,3,0,4,3,7,5,24,23,14,30,30,0,5,148,1647.972973,1647,"$1,500-$1,749 ($78,000-$90,999)"
Goulburn,0,8,3,11,9,15,26,45,69,69,79,111,3,0,448,1607.700893,1607,"$1,500-$1,749 ($78,000-$90,999)"
Goulburn Surrounds,7,0,5,7,3,8,13,18,20,34,46,54,0,0,215,1599.534884,1599,"$1,500-$1,749 ($78,000-$90,999)"
Yass,0,0,0,0,3,9,13,15,24,21,27,41,0,0,153,1623.039216,1623,"$1,500-$1,749 ($78,000-$90,999)"
Yass Surrounds,7,0,6,0,10,10,17,18,25,36,42,90,6,3,270,1658.518519,1658,"$1,500-$1,749 ($78,000-$90,999)"
Young,0,3,0,0,10,10,13,13,34,42,36,48,0,3,212,1629.716981,1629,"$1,500-$1,749 ($78,000-$90,999)"
Young Surrounds,0,3,3,6,3,3,11,13,14,25,17,29,0,5,132,1568.939394,1568,"$1,500-$1,749 ($78,000-$90,999)"
Avoca Beach - Copacabana,6,5,0,4,7,10,17,17,36,30,53,96,0,4,285,1662.54386,1662,"$1,500-$1,749 ($78,000-$90,999)"
Box Head - MacMasters Beach,0,8,12,0,5,18,13,24,25,33,46,85,9,7,285,1672.807018,1672,"$1,500-$1,749 ($78,000-$90,999)"
Calga - Kulnura,3,4,0,5,4,0,9,7,5,12,8,8,4,0,69,1391.666667,1391,"$1,250-$1,499 ($65,000-$77,999)"
Erina - Green Point,0,13,6,10,7,10,19,30,46,31,50,82,5,6,315,1591.349206,1591,"$1,500-$1,749 ($78,000-$90,999)"
Gosford - Springfield,5,12,13,8,16,25,32,45,45,59,74,110,4,3,451,1530.986696,1530,"$1,500-$1,749 ($78,000-$90,999)"
Kariong,0,0,4,0,6,5,9,14,9,17,13,20,3,0,100,1520.75,1520,"$1,500-$1,749 ($78,000-$90,999)"
Kincumber - Picketts Valley,0,0,0,4,4,12,10,15,16,23,28,36,0,0,148,1591.554054,1591,"$1,500-$1,749 ($78,000-$90,999)"
Narara,3,0,0,6,14,12,15,4,21,15,27,28,0,0,145,1454.655172,1454,"$1,250-$1,499 ($65,000-$77,999)"
Niagara Park - Lisarow,3,5,3,6,3,11,11,8,29,27,37,39,0,4,186,1597.177419,1597,"$1,500-$1,749 ($78,000-$90,999)"
Point Clare - Koolewong,3,0,0,0,7,10,12,16,21,15,14,36,3,0,137,1502.189781,1502,"$1,500-$1,749 ($78,000-$90,999)"
Saratoga - Davistown,3,0,7,4,0,9,10,22,24,14,37,44,5,0,179,1629.888268,1629,"$1,500-$1,749 ($78,000-$90,999)"
Terrigal - North Avoca,8,7,8,15,20,28,32,43,56,61,70,142,5,3,498,1535.793173,1535,"$1,500-$1,749 ($78,000-$90,999)"
Umina - Booker Bay - Patonga,0,7,7,12,19,17,31,37,53,52,54,86,9,11,395,1578.670886,1578,"$1,500-$1,749 ($78,000-$90,999)"
Wamberal - Forresters Beach,6,0,0,11,4,15,28,19,29,41,64,88,3,8,316,1691.139241,1691,"$1,500-$1,749 ($78,000-$90,999)"
Woy Woy - Blackwall,3,3,7,4,8,21,16,20,30,24,32,39,4,0,211,1460.900474,1460,"$1,250-$1,499 ($65,000-$77,999)"
Wyoming,3,6,7,4,8,14,12,23,27,15,35,32,0,6,192,1496.09375,1496,"$1,250-$1,499 ($65,000-$77,999)"
Bateau Bay - Killarney Vale,8,13,12,8,14,20,36,61,65,94,124,130,11,0,596,1621.686242,1621,"$1,500-$1,749 ($78,000-$90,999)"
Blue Haven - San Remo,0,0,0,0,3,5,14,12,14,9,19,21,4,0,101,1635.643564,1635,"$1,500-$1,749 ($78,000-$90,999)"
Budgewoi - Buff Point - Halekulani,3,0,5,5,12,14,4,16,25,23,26,48,0,0,181,1489.640884,1489,"$1,250-$1,499 ($65,000-$77,999)"
Chittaway Bay - Tumbi Umbi,4,0,4,7,13,18,19,39,50,44,62,89,3,0,352,1585.866477,1585,"$1,500-$1,749 ($78,000-$90,999)"
Gorokan - Kanwal - Charmhaven,5,0,5,8,14,15,17,32,41,35,44,57,0,0,273,1487.454212,1487,"$1,250-$1,499 ($65,000-$77,999)"
Jilliby - Yarramalong,0,3,0,0,5,9,8,10,7,17,9,20,5,0,93,1527.150538,1527,"$1,500-$1,749 ($78,000-$90,999)"
Lake Munmorah - Mannering Park,0,0,0,0,6,4,3,15,22,18,25,28,0,0,121,1656.404959,1656,"$1,500-$1,749 ($78,000-$90,999)"
Ourimbah - Fountaindale,5,7,4,5,0,12,12,10,13,25,19,32,0,0,144,1405.208333,1405,"$1,250-$1,499 ($65,000-$77,999)"
Summerland Point - Gwandalan,0,0,3,0,5,7,8,4,3,15,14,17,0,0,76,1527.302632,1527,"$1,500-$1,749 ($78,000-$90,999)"
The Entrance,5,3,3,11,5,10,26,34,29,43,69,82,9,4,333,1675.900901,1675,"$1,500-$1,749 ($78,000-$90,999)"
Toukley - Norah Head,0,0,0,0,4,11,9,17,34,22,32,49,0,0,178,1639.747191,1639,"$1,500-$1,749 ($78,000-$90,999)"
Tuggerah - Kangy Angy,0,0,0,0,0,10,7,14,8,15,18,26,0,0,98,1616.581633,1616,"$1,500-$1,749 ($78,000-$90,999)"
Warnervale - Wadalba,4,3,3,4,11,23,22,34,37,34,57,85,3,8,328,1617.759146,1617,"$1,500-$1,749 ($78,000-$90,999)"
Wyong,0,0,0,5,4,3,8,8,15,10,14,28,0,0,95,1550.526316,1550,"$1,500-$1,749 ($78,000-$90,999)"
Bathurst - East,3,0,0,0,6,12,23,26,28,42,53,107,4,0,304,1694.736842,1694,"$1,500-$1,749 ($78,000-$90,999)"
Bathurst Surrounds,5,5,0,9,3,7,15,11,27,15,17,55,5,6,180,1570,1570,"$1,500-$1,749 ($78,000-$90,999)"
Oberon,0,0,0,0,5,4,0,3,11,6,13,11,0,0,53,1644.339623,1644,"$1,500-$1,749 ($78,000-$90,999)"
Bathurst - South,0,3,4,0,9,14,17,28,41,30,46,77,5,3,277,1644.223827,1644,"$1,500-$1,749 ($78,000-$90,999)"
Bathurst - West,4,0,12,13,12,22,34,40,46,65,84,139,3,8,482,1630.809129,1630,"$1,500-$1,749 ($78,000-$90,999)"
Condobolin,0,3,0,3,3,3,6,16,25,17,24,51,3,0,154,1666.883117,1666,"$1,500-$1,749 ($78,000-$90,999)"
Cowra,4,0,0,3,5,13,16,20,27,22,25,43,0,0,178,1499.157303,1499,"$1,250-$1,499 ($65,000-$77,999)"
Cowra Surrounds,0,3,0,3,6,5,5,18,14,11,19,23,0,0,107,1510.280374,1510,"$1,500-$1,749 ($78,000-$90,999)"
Forbes,7,0,5,3,4,7,6,19,41,23,40,62,7,0,224,1654.129464,1654,"$1,500-$1,749 ($78,000-$90,999)"
Grenfell,5,0,0,0,0,4,9,6,11,5,13,23,0,0,76,1539.473684,1539,"$1,500-$1,749 ($78,000-$90,999)"
Parkes (NSW),5,0,4,5,5,3,13,14,35,29,44,66,3,0,226,1660.50885,1660,"$1,500-$1,749 ($78,000-$90,999)"
Parkes Surrounds,0,0,3,0,0,0,0,0,12,12,13,16,0,0,56,1777.678571,1777,"$1,750-$1,999 ($91,000-$103,999)"
West Wyalong,0,0,3,0,4,5,5,17,11,21,15,31,0,0,112,1566.741071,1566,"$1,500-$1,749 ($78,000-$90,999)"
Lithgow,0,0,0,3,7,14,10,10,25,24,24,32,0,0,149,1537.919463,1537,"$1,500-$1,749 ($78,000-$90,999)"
Lithgow Surrounds,0,3,3,6,3,4,9,18,13,16,20,24,0,4,123,1546.95122,1546,"$1,500-$1,749 ($78,000-$90,999)"
Mudgee,0,6,4,6,9,12,22,25,44,41,53,62,3,4,291,1604.381443,1604,"$1,500-$1,749 ($78,000-$90,999)"
Mudgee Surrounds - East,0,0,0,0,0,0,5,3,8,7,16,15,0,0,54,1821.759259,1821,"$1,750-$1,999 ($91,000-$103,999)"
Mudgee Surrounds - West,0,0,5,3,16,15,16,21,21,14,44,45,6,0,206,1585.92233,1585,"$1,500-$1,749 ($78,000-$90,999)"
Wollangambe - Wollemi,0,0,0,0,0,0,0,0,0,0,0,0,0,0,0,0,0,0
Blayney,0,0,0,0,5,8,12,8,15,21,12,48,3,0,132,1613.44697,1613,"$1,500-$1,749 ($78,000-$90,999)"
Orange,3,7,3,8,17,18,25,40,51,52,62,107,6,5,404,1594.121287,1594,"$1,500-$1,749 ($78,000-$90,999)"
Orange - North,13,9,14,14,18,26,32,48,67,74,111,169,6,5,606,1600.577558,1600,"$1,500-$1,749 ($78,000-$90,999)"
Orange Surrounds,0,4,4,6,9,11,18,29,22,34,37,84,7,6,271,1646.586716,1646,"$1,500-$1,749 ($78,000-$90,999)"
Grafton,0,3,9,11,6,22,19,22,26,48,54,78,7,0,305,1599.262295,1599,"$1,500-$1,749 ($78,000-$90,999)"
Grafton Surrounds,0,8,6,3,5,17,19,30,19,24,41,73,0,0,245,1533.877551,1533,"$1,500-$1,749 ($78,000-$90,999)"
Maclean - Yamba - Iluka,0,5,8,10,22,14,20,33,25,45,60,63,6,0,311,1548.151125,1548,"$1,500-$1,749 ($78,000-$90,999)"
Bellingen,0,5,0,5,7,9,18,27,17,29,33,38,3,4,195,1582.051282,1582,"$1,500-$1,749 ($78,000-$90,999)"
Coffs Harbour - North,3,8,3,6,10,12,23,33,30,46,65,74,0,0,313,1582.428115,1582,"$1,500-$1,749 ($78,000-$90,999)"
Coffs Harbour - South,0,5,0,6,9,9,18,14,21,22,28,48,3,5,188,1592.287234,1592,"$1,500-$1,749 ($78,000-$90,999)"
Coramba - Nana Glen - Bucca,0,0,0,6,4,5,9,5,5,11,10,15,0,0,70,1431.785714,1431,"$1,250-$1,499 ($65,000-$77,999)"
Dorrigo,0,4,0,0,0,3,3,0,3,5,8,9,0,0,35,1568.571429,1568,"$1,500-$1,749 ($78,000-$90,999)"
Korora - Emerald Beach,5,4,9,4,12,15,13,33,36,42,62,89,7,4,335,1639.402985,1639,"$1,500-$1,749 ($78,000-$90,999)"
Sawtell - Boambee,0,7,4,14,14,21,29,47,59,80,60,124,7,4,470,1578.510638,1578,"$1,500-$1,749 ($78,000-$90,999)"
Urunga,0,0,5,6,0,7,10,18,7,16,30,44,0,5,148,1685.135135,1685,"$1,500-$1,749 ($78,000-$90,999)"
Woolgoolga - Arrawarra,3,6,9,3,8,22,23,24,31,47,71,74,8,0,329,1627.887538,1627,"$1,500-$1,749 ($78,000-$90,999)"
Bourke - Brewarrina,0,0,0,0,5,4,0,3,14,4,15,30,7,3,85,1904.705882,1904,"$1,750-$1,999 ($91,000-$103,999)"
Cobar,0,0,0,0,0,0,4,0,12,20,9,24,0,0,69,1740.57971,1740,"$1,500-$1,749 ($78,000-$90,999)"
Coonamble,0,0,0,0,0,10,3,12,5,17,18,34,0,0,99,1683.838384,1683,"$1,500-$1,749 ($78,000-$90,999)"
Nyngan - Warren,0,0,0,0,0,4,0,10,20,20,20,25,0,0,99,1727.525253,1727,"$1,500-$1,749 ($78,000-$90,999)"
Walgett - Lightning Ridge,0,3,0,0,0,5,8,3,14,16,30,27,9,3,118,1911.016949,1911,"$1,750-$1,999 ($91,000-$103,999)"
Broken Hill,0,0,4,5,10,11,11,17,33,50,65,96,7,9,318,1791.745283,1791,"$1,750-$1,999 ($91,000-$103,999)"
Far West,0,0,0,0,0,0,0,9,7,4,4,5,0,5,34,1856.617647,1856,"$1,750-$1,999 ($91,000-$103,999)"
Coonabarabran,4,3,0,0,3,4,6,19,24,26,37,36,0,4,166,1696.536145,1696,"$1,500-$1,749 ($78,000-$90,999)"
Dubbo - East,0,4,3,0,9,13,8,21,35,26,31,72,4,0,226,1607.300885,1607,"$1,500-$1,749 ($78,000-$90,999)"
Dubbo - South,0,10,9,10,8,18,18,51,64,81,85,152,7,0,513,1639.376218,1639,"$1,500-$1,749 ($78,000-$90,999)"
Dubbo - West,0,0,0,0,4,0,15,18,28,34,37,61,3,3,203,1758.251232,1758,"$1,750-$1,999 ($91,000-$103,999)"
Dubbo Surrounds,0,0,4,0,5,11,5,12,10,17,26,42,0,0,132,1631.628788,1631,"$1,500-$1,749 ($78,000-$90,999)"
Gilgandra,0,0,0,0,4,9,4,7,15,8,15,28,0,0,90,1599.166667,1599,"$1,500-$1,749 ($78,000-$90,999)"
Narromine,0,0,0,3,5,4,10,15,19,18,23,20,3,0,120,1609.375,1609,"$1,500-$1,749 ($78,000-$90,999)"
Wellington,0,0,0,0,5,7,10,13,19,13,28,38,0,5,138,1721.557971,1721,"$1,500-$1,749 ($78,000-$90,999)"
Branxton - Greta - Pokolbin,0,0,7,7,13,10,18,16,39,27,33,57,0,0,227,1503.964758,1503,"$1,500-$1,749 ($78,000-$90,999)"
Cessnock,0,0,7,3,9,5,17,22,39,35,47,53,0,0,237,1603.481013,1603,"$1,500-$1,749 ($78,000-$90,999)"
Cessnock Surrounds,0,4,5,0,5,10,7,15,20,20,17,31,6,0,140,1543.392857,1543,"$1,500-$1,749 ($78,000-$90,999)"
Dungog,0,0,0,8,5,9,11,19,22,22,23,39,4,0,162,1567.283951,1567,"$1,500-$1,749 ($78,000-$90,999)"
Kurri Kurri - Abermain,0,3,0,3,5,16,25,30,31,22,37,46,0,0,218,1513.188073,1513,"$1,500-$1,749 ($78,000-$90,999)"
Singleton,3,6,3,7,7,16,18,21,30,40,38,43,0,0,232,1478.87931,1478,"$1,250-$1,499 ($65,000-$77,999)"
Singleton Surrounds,0,4,0,0,0,6,3,6,5,4,11,17,0,0,56,1561.607143,1561,"$1,500-$1,749 ($78,000-$90,999)"
Maitland,3,3,0,10,0,7,4,9,17,26,31,46,0,0,156,1625.480769,1625,"$1,500-$1,749 ($78,000-$90,999)"
Maitland - North,4,0,4,5,13,20,14,24,34,39,54,73,9,5,298,1658.64094,1658,"$1,500-$1,749 ($78,000-$90,999)"
East Maitland - Metford,5,7,7,5,11,7,26,37,41,47,70,102,3,0,368,1608.220109,1608,"$1,500-$1,749 ($78,000-$90,999)"
Rutherford (North) - Aberglasslyn,6,3,5,9,7,13,20,30,26,35,37,57,0,5,253,1508.399209,1508,"$1,500-$1,749 ($78,000-$90,999)"
Rutherford (South) - Telarah,0,0,3,0,0,0,6,7,15,19,12,15,0,0,77,1609.74026,1609,"$1,500-$1,749 ($78,000-$90,999)"
Tenambit - East Maitland,3,3,4,0,9,14,16,21,28,41,34,59,3,0,235,1558.085106,1558,"$1,500-$1,749 ($78,000-$90,999)"
Thornton - Millers Forest,0,0,4,9,16,12,20,30,42,44,63,80,6,0,326,1629.907975,1629,"$1,500-$1,749 ($78,000-$90,999)"
Anna Bay,0,0,3,0,0,9,12,15,9,11,16,25,0,0,100,1523.75,1523,"$1,500-$1,749 ($78,000-$90,999)"
Lemon Tree Passage - Tanilba Bay,3,0,0,3,0,5,5,7,3,5,9,16,0,0,56,1470.089286,1470,"$1,250-$1,499 ($65,000-$77,999)"
Nelson Bay Peninsula,4,3,0,6,23,22,34,21,37,48,59,87,12,3,359,1604.665738,1604,"$1,500-$1,749 ($78,000-$90,999)"
Raymond Terrace,4,3,3,6,7,11,6,24,18,22,25,31,0,0,160,1439.0625,1439,"$1,250-$1,499 ($65,000-$77,999)"
Seaham - Woodville,4,0,0,0,5,9,4,10,8,22,17,38,6,4,127,1720.866142,1720,"$1,500-$1,749 ($78,000-$90,999)"
Tea Gardens - Hawks Nest,0,0,0,5,0,4,7,4,6,5,7,13,0,0,51,1454.901961,1454,"$1,250-$1,499 ($65,000-$77,999)"
Williamtown - Medowie - Karuah,0,5,0,3,12,14,14,16,29,37,27,51,0,0,208,1506.009615,1506,"$1,500-$1,749 ($78,000-$90,999)"
Muswellbrook,0,0,0,4,3,8,10,24,12,24,27,50,0,0,162,1617.746914,1617,"$1,500-$1,749 ($78,000-$90,999)"
Muswellbrook Surrounds,0,0,0,0,3,3,3,6,10,5,10,18,0,3,61,1712.704918,1712,"$1,500-$1,749 ($78,000-$90,999)"
Scone,3,0,0,0,5,6,6,14,16,15,31,43,0,0,139,1676.978417,1676,"$1,500-$1,749 ($78,000-$90,999)"
Scone Surrounds,0,0,4,5,9,0,17,9,23,6,20,37,0,0,130,1500,1500,"$1,500-$1,749 ($78,000-$90,999)"
Dapto - Avondale,9,8,5,3,10,24,23,40,42,46,59,79,4,0,352,1521.448864,1521,"$1,500-$1,749 ($78,000-$90,999)"
Horsley - Kembla Grange,0,7,9,3,7,19,29,23,39,35,37,70,0,3,281,1496.797153,1496,"$1,250-$1,499 ($65,000-$77,999)"
Port Kembla Industrial,0,0,0,0,0,0,0,0,0,0,0,0,0,0,0,0,0,0
Unanderra - Mount Kembla,4,3,7,10,17,20,24,51,32,49,70,130,6,0,423,1591.134752,1591,"$1,500-$1,749 ($78,000-$90,999)"
Berkeley - Lake Heights - Cringila,3,0,3,7,4,11,13,17,19,31,30,40,5,0,183,1575.273224,1575,"$1,500-$1,749 ($78,000-$90,999)"
Port Kembla - Warrawong,0,0,0,4,4,7,9,14,21,12,13,25,3,0,112,1522.544643,1522,"$1,500-$1,749 ($78,000-$90,999)"
Windang - Primbee,0,0,0,0,0,3,4,6,11,15,13,18,0,3,73,1764.041096,1764,"$1,750-$1,999 ($91,000-$103,999)"
Illawarra Catchment Reserve,0,0,0,0,0,0,0,0,0,0,0,0,0,0,0,0,0,0
Albion Park - Macquarie Pass,8,5,12,4,18,17,31,41,46,59,71,113,3,0,428,1548.306075,1548,"$1,500-$1,749 ($78,000-$90,999)"
Albion Park Rail,0,0,3,0,0,0,7,6,15,6,16,19,3,0,75,1731.333333,1731,"$1,500-$1,749 ($78,000-$90,999)"
Kiama,0,7,5,8,5,14,15,35,35,30,38,69,10,0,271,1574.077491,1574,"$1,500-$1,749 ($78,000-$90,999)"
Kiama Downs - Minnamurra,0,0,0,3,8,11,15,17,28,23,47,69,3,3,227,1716.079295,1716,"$1,500-$1,749 ($78,000-$90,999)"
Kiama Hinterland - Gerringong,0,5,7,3,9,12,30,27,28,30,47,69,3,0,270,1555.740741,1555,"$1,500-$1,749 ($78,000-$90,999)"
Shellharbour - Flinders,0,6,11,7,8,33,33,67,60,66,73,106,9,0,479,1549.478079,1549,"$1,500-$1,749 ($78,000-$90,999)"
Shellharbour - Oak Flats,0,3,0,0,4,8,20,27,26,24,32,49,0,0,193,1573.963731,1573,"$1,500-$1,749 ($78,000-$90,999)"
Warilla,0,0,3,13,5,12,12,40,34,36,49,48,4,3,259,1604.343629,1604,"$1,500-$1,749 ($78,000-$90,999)"
Balgownie - Fairy Meadow,5,9,11,15,27,32,42,61,79,67,93,178,9,12,640,1583.046875,1583,"$1,500-$1,749 ($78,000-$90,999)"
Corrimal - Tarrawanna - Bellambi,8,3,9,5,8,25,28,48,50,62,62,125,9,0,442,1576.300905,1576,"$1,500-$1,749 ($78,000-$90,999)"
Figtree - Keiraville,9,23,21,22,40,34,38,77,93,86,133,212,28,33,849,1643.93404,1643,"$1,500-$1,749 ($78,000-$90,999)"
Helensburgh,3,6,5,5,8,22,18,33,40,34,50,72,10,4,310,1600.645161,1600,"$1,500-$1,749 ($78,000-$90,999)"
Thirroul - Austinmer - Coalcliff,6,10,9,4,16,29,34,42,45,56,68,150,21,37,527,1741.176471,1741,"$1,500-$1,749 ($78,000-$90,999)"
Woonona - Bulli - Russell Vale,8,3,15,10,17,35,51,83,70,89,117,196,14,12,720,1630.3125,1630,"$1,500-$1,749 ($78,000-$90,999)"
Wollongong - East,6,8,5,7,25,24,29,48,73,71,88,126,11,17,538,1647.351301,1647,"$1,500-$1,749 ($78,000-$90,999)"
Wollongong - West,5,9,17,8,18,28,31,52,46,73,80,116,14,9,506,1591.650198,1591,"$1,500-$1,749 ($78,000-$90,999)"
Bulahdelah - Stroud,0,0,0,0,0,4,8,6,5,12,9,12,0,0,56,1575.446429,1575,"$1,500-$1,749 ($78,000-$90,999)"
Forster,4,4,5,11,6,13,14,24,26,39,42,55,0,4,247,1545.040486,1545,"$1,500-$1,749 ($78,000-$90,999)"
Forster-Tuncurry Surrounds,0,0,0,0,7,3,6,14,5,20,25,22,4,0,106,1730.896226,1730,"$1,500-$1,749 ($78,000-$90,999)"
Tuncurry,0,0,0,4,0,3,9,7,9,7,8,21,0,0,68,1515.808824,1515,"$1,500-$1,749 ($78,000-$90,999)"
Kempsey,3,5,0,5,8,17,17,18,31,28,34,51,0,0,217,1496.889401,1496,"$1,250-$1,499 ($65,000-$77,999)"
Kempsey Surrounds,0,3,5,0,4,12,15,28,25,31,31,32,0,0,186,1509.005376,1509,"$1,500-$1,749 ($78,000-$90,999)"
Macksville - Scotts Head,0,0,0,4,4,3,13,13,11,14,20,23,0,0,105,1558.095238,1558,"$1,500-$1,749 ($78,000-$90,999)"
Nambucca Heads,0,0,0,8,4,9,0,16,12,12,11,36,0,0,108,1494.675926,1494,"$1,250-$1,499 ($65,000-$77,999)"
Nambucca Heads Surrounds,0,3,5,0,7,3,14,24,22,19,37,46,0,0,180,1600.555556,1600,"$1,500-$1,749 ($78,000-$90,999)"
South West Rocks,0,0,0,5,3,4,5,14,8,21,17,18,3,4,102,1688.72549,1688,"$1,500-$1,749 ($78,000-$90,999)"
Lord Howe Island,0,0,0,0,0,0,0,0,0,0,0,0,0,0,0,0,0,0
Laurieton - Bonny Hills,4,7,7,9,9,13,31,25,35,58,86,118,0,3,405,1649.691358,1649,"$1,500-$1,749 ($78,000-$90,999)"
Port Macquarie - West,0,9,5,13,5,18,33,30,40,63,69,85,4,0,374,1580.882353,1580,"$1,500-$1,749 ($78,000-$90,999)"
Port Macquarie Surrounds,0,0,0,0,0,6,9,10,7,13,9,21,0,3,78,1625.961538,1625,"$1,500-$1,749 ($78,000-$90,999)"
Wauchope,0,9,3,3,3,11,8,23,24,28,35,59,0,0,206,1571.966019,1571,"$1,500-$1,749 ($78,000-$90,999)"
Port Macquarie - East,11,3,5,8,15,17,15,34,48,45,79,105,3,4,392,1624.489796,1624,"$1,500-$1,749 ($78,000-$90,999)"
Port Macquarie - South,5,4,3,11,16,32,33,47,46,68,93,151,5,5,519,1628.853565,1628,"$1,500-$1,749 ($78,000-$90,999)"
Gloucester,0,0,0,5,8,7,6,4,9,11,8,27,0,0,85,1443.529412,1443,"$1,250-$1,499 ($65,000-$77,999)"
Old Bar - Manning Point - Red Head,0,4,8,10,12,13,25,36,47,43,65,94,0,0,357,1570.798319,1570,"$1,500-$1,749 ($78,000-$90,999)"
Taree,4,7,7,4,3,15,12,30,36,35,62,63,3,5,286,1643.444056,1643,"$1,500-$1,749 ($78,000-$90,999)"
Taree Surrounds,3,3,0,3,14,8,12,19,28,31,35,54,0,0,210,1551.904762,1551,"$1,500-$1,749 ($78,000-$90,999)"
Wingham,3,0,3,3,4,3,3,3,10,4,15,13,0,0,64,1489.0625,1489,"$1,250-$1,499 ($65,000-$77,999)"
Albury - East,7,8,12,16,11,30,29,71,80,91,96,148,3,3,605,1559.338843,1559,"$1,500-$1,749 ($78,000-$90,999)"
Albury - North,0,0,0,3,4,12,11,24,35,34,43,59,0,3,228,1672.149123,1672,"$1,500-$1,749 ($78,000-$90,999)"
Albury - South,0,0,3,3,7,13,34,32,43,34,43,75,5,0,292,1579.452055,1579,"$1,500-$1,749 ($78,000-$90,999)"
Albury Surrounds,4,9,3,3,7,14,15,22,36,46,51,67,3,8,288,1639.84375,1639,"$1,500-$1,749 ($78,000-$90,999)"
Lavington,0,6,4,8,8,5,16,26,29,33,43,41,0,0,219,1534.703196,1534,"$1,500-$1,749 ($78,000-$90,999)"
Hay,0,0,0,0,0,5,0,4,7,8,11,25,0,0,60,1752.083333,1752,"$1,750-$1,999 ($91,000-$103,999)"
Wentworth - Buronga,0,0,3,0,3,8,4,18,24,13,18,36,3,0,130,1606.153846,1606,"$1,500-$1,749 ($78,000-$90,999)"
Wentworth-Balranald Region,0,0,0,0,4,0,5,9,11,5,5,14,0,0,53,1489.150943,1489,"$1,250-$1,499 ($65,000-$77,999)"
Corowa,0,0,0,0,0,5,10,8,8,11,17,27,0,0,86,1670.05814,1670,"$1,500-$1,749 ($78,000-$90,999)"
Corowa Surrounds,0,4,0,3,0,5,6,9,12,14,15,21,0,0,89,1545.224719,1545,"$1,500-$1,749 ($78,000-$90,999)"
Deniliquin,0,0,0,0,5,7,9,11,19,33,29,27,0,0,140,1652.142857,1652,"$1,500-$1,749 ($78,000-$90,999)"
Deniliquin Surrounds,0,0,5,0,0,6,4,16,20,14,13,15,0,0,93,1490.053763,1490,"$1,250-$1,499 ($65,000-$77,999)"
Moama,0,0,4,4,6,12,8,11,31,26,20,39,0,3,164,1545.27439,1545,"$1,500-$1,749 ($78,000-$90,999)"
Tocumwal - Finley - Jerilderie,0,0,0,4,12,7,8,18,9,29,23,38,0,0,148,1550.506757,1550,"$1,500-$1,749 ($78,000-$90,999)"
Armidale,11,21,29,15,23,34,40,74,87,99,133,329,38,31,964,1702.748963,1702,"$1,500-$1,749 ($78,000-$90,999)"
Armidale Surrounds - North,0,0,0,0,3,0,3,6,8,7,11,21,3,0,62,1777.016129,1777,"$1,750-$1,999 ($91,000-$103,999)"
Armidale Surrounds - South,0,0,4,7,9,3,3,11,21,26,28,48,0,8,168,1702.97619,1702,"$1,500-$1,749 ($78,000-$90,999)"
Walcha,0,0,4,0,0,0,0,8,6,4,12,7,0,0,41,1665.243902,1665,"$1,500-$1,749 ($78,000-$90,999)"
Glen Innes,0,0,0,0,5,10,7,12,18,14,23,32,4,0,125,1663.4,1663,"$1,500-$1,749 ($78,000-$90,999)"
Inverell,0,0,0,4,8,9,8,33,33,31,59,76,5,3,269,1746.282528,1746,"$1,500-$1,749 ($78,000-$90,999)"
Inverell Surrounds - East,0,0,0,0,0,3,3,9,7,9,16,14,0,0,61,1729.508197,1729,"$1,500-$1,749 ($78,000-$90,999)"
Inverell Surrounds - West,0,0,0,0,3,7,13,8,18,3,16,32,0,0,100,1571.25,1571,"$1,500-$1,749 ($78,000-$90,999)"
Tenterfield,0,3,0,0,4,3,12,6,15,16,22,28,0,0,109,1622.247706,1622,"$1,500-$1,749 ($78,000-$90,999)"
Moree,0,0,5,0,0,0,8,18,25,25,26,49,8,6,170,1812.205882,1812,"$1,750-$1,999 ($91,000-$103,999)"
Moree Surrounds,0,0,0,0,3,4,7,7,9,13,13,16,0,0,72,1594.444444,1594,"$1,500-$1,749 ($78,000-$90,999)"
Narrabri,0,0,0,4,0,4,9,22,19,27,21,39,0,4,149,1658.892617,1658,"$1,500-$1,749 ($78,000-$90,999)"
Narrabri Surrounds,0,0,0,3,4,9,3,12,14,10,11,18,0,0,84,1465.77381,1465,"$1,250-$1,499 ($65,000-$77,999)"
Gunnedah,0,0,4,3,6,9,14,34,31,42,30,48,0,4,225,1570.888889,1570,"$1,500-$1,749 ($78,000-$90,999)"
Gunnedah Surrounds,0,4,0,0,3,7,3,3,15,17,4,17,0,3,76,1505.263158,1505,"$1,500-$1,749 ($78,000-$90,999)"
Quirindi,0,0,5,0,4,7,6,17,17,14,21,32,0,0,123,1563.211382,1563,"$1,500-$1,749 ($78,000-$90,999)"
Tamworth - East,4,6,7,5,11,22,31,57,63,60,94,141,11,5,517,1658.413926,1658,"$1,500-$1,749 ($78,000-$90,999)"
Tamworth - North,7,6,9,7,12,16,31,42,58,65,67,104,3,0,427,1544.379391,1544,"$1,500-$1,749 ($78,000-$90,999)"
Tamworth - West,0,0,0,0,0,0,4,7,5,5,10,13,0,0,44,1723.863636,1723,"$1,500-$1,749 ($78,000-$90,999)"
Tamworth Surrounds,0,5,8,11,6,15,20,48,43,64,68,123,6,4,421,1644.774347,1644,"$1,500-$1,749 ($78,000-$90,999)"
Belmont - Bennetts Green,5,3,3,4,12,20,27,49,45,60,63,91,6,0,388,1576.610825,1576,"$1,500-$1,749 ($78,000-$90,999)"
Belmont South - Blacksmiths,3,0,0,3,4,5,10,13,13,18,21,22,3,0,115,1580.434783,1580,"$1,500-$1,749 ($78,000-$90,999)"
Charlestown - Dudley,7,12,10,14,23,39,57,81,95,97,114,163,6,7,725,1544.586207,1544,"$1,500-$1,749 ($78,000-$90,999)"
Glendale - Cardiff - Hillsborough,11,6,8,10,21,33,42,61,81,81,101,144,9,6,614,1575.977199,1575,"$1,500-$1,749 ($78,000-$90,999)"
Mount Hutton - Windale,0,0,0,0,6,3,8,11,14,17,22,39,3,0,123,1706.910569,1706,"$1,500-$1,749 ($78,000-$90,999)"
Redhead,0,0,5,0,4,15,9,8,9,9,12,21,3,3,98,1516.836735,1516,"$1,500-$1,749 ($78,000-$90,999)"
Swansea - Caves Beach,9,0,6,4,9,12,18,35,31,46,59,76,3,5,313,1625.079872,1625,"$1,500-$1,749 ($78,000-$90,999)"
Valentine - Eleebana,9,3,16,9,11,18,38,51,42,40,55,121,6,11,430,1551.337209,1551,"$1,500-$1,749 ($78,000-$90,999)"
Warners Bay - Boolaroo,0,4,0,12,15,20,28,40,52,51,65,100,3,3,393,1588.422392,1588,"$1,500-$1,749 ($78,000-$90,999)"
Bolton Point - Teralba,3,0,0,0,3,10,12,15,18,26,31,52,4,3,177,1708.333333,1708,"$1,500-$1,749 ($78,000-$90,999)"
Bonnells Bay - Silverwater,8,10,3,5,11,9,15,10,22,11,25,39,0,0,168,1354.166667,1354,"$1,250-$1,499 ($65,000-$77,999)"
Edgeworth - Cameron Park,0,4,4,4,9,10,21,38,32,40,59,67,4,0,292,1620.890411,1620,"$1,500-$1,749 ($78,000-$90,999)"
Morisset - Cooranbong,3,8,9,9,13,13,30,24,40,33,64,91,7,3,347,1592.579251,1592,"$1,500-$1,749 ($78,000-$90,999)"
Toronto - Awaba,0,0,0,5,10,10,19,22,31,34,37,48,10,5,231,1677.380952,1677,"$1,500-$1,749 ($78,000-$90,999)"
Wangi Wangi - Rathmines,4,0,3,3,4,4,12,29,19,23,38,44,0,4,187,1638.101604,1638,"$1,500-$1,749 ($78,000-$90,999)"
West Wallsend - Barnsley - Killingworth,0,0,4,0,3,9,11,19,13,10,14,27,0,0,110,1460.681818,1460,"$1,250-$1,499 ($65,000-$77,999)"
Adamstown - Kotara,9,10,9,10,25,30,25,45,60,69,83,149,14,12,550,1616.045455,1616,"$1,500-$1,749 ($78,000-$90,999)"
Beresfield - Hexham,0,4,6,0,4,0,3,7,7,7,9,9,0,0,56,1361.607143,1361,"$1,250-$1,499 ($65,000-$77,999)"
Hamilton - Broadmeadow,4,4,4,10,5,22,19,49,55,48,59,100,13,10,402,1651.803483,1651,"$1,500-$1,749 ($78,000-$90,999)"
Lambton - New Lambton,4,6,12,15,21,35,39,58,67,76,97,158,10,16,614,1617.711726,1617,"$1,500-$1,749 ($78,000-$90,999)"
Maryland - Fletcher - Minmi,15,11,3,5,8,14,21,33,43,52,48,92,3,4,352,1527.130682,1527,"$1,500-$1,749 ($78,000-$90,999)"
Mayfield - Warabrook,6,5,12,12,12,14,21,39,51,53,74,106,7,8,420,1623.214286,1623,"$1,500-$1,749 ($78,000-$90,999)"
Merewether - The Junction,4,14,5,11,14,20,33,69,67,65,66,111,17,20,516,1620.445736,1620,"$1,500-$1,749 ($78,000-$90,999)"
Newcastle - Cooks Hill,0,12,14,7,9,16,29,40,56,54,66,116,12,23,454,1685.848018,1685,"$1,500-$1,749 ($78,000-$90,999)"
Newcastle Port - Kooragang,0,0,0,0,0,0,0,0,0,0,0,0,0,0,0,0,0,0
Shortland - Jesmond,10,12,7,5,18,15,14,33,43,30,19,20,0,3,229,1233.515284,1233,"$1,000-$1,249 ($52,000-$64,999)"
Stockton - Fullerton Cove,4,0,0,3,6,8,15,22,16,32,25,45,0,0,176,1534.232955,1534,"$1,500-$1,749 ($78,000-$90,999)"
Wallsend - Elermore Vale,6,12,13,7,21,23,35,48,58,56,72,107,12,4,474,1538.976793,1538,"$1,500-$1,749 ($78,000-$90,999)"
Waratah - North Lambton,3,7,6,5,14,27,25,41,54,43,47,86,0,0,358,1467.248603,1467,"$1,250-$1,499 ($65,000-$77,999)"
Wickham - Carrington - Tighes Hill,3,0,5,3,7,17,23,37,40,32,54,78,10,3,312,1645.032051,1645,"$1,500-$1,749 ($78,000-$90,999)"
Ballina,4,0,4,4,12,14,26,37,49,56,70,86,6,7,375,1664.533333,1664,"$1,500-$1,749 ($78,000-$90,999)"
Ballina Surrounds,4,4,11,6,17,26,39,48,40,61,67,135,7,4,469,1571.375267,1571,"$1,500-$1,749 ($78,000-$90,999)"
Bangalow,0,0,3,4,7,9,12,22,23,22,12,30,6,0,150,1480.5,1480,"$1,250-$1,499 ($65,000-$77,999)"
Brunswick Heads - Ocean Shores,3,3,11,11,8,12,22,30,28,33,30,34,10,3,238,1472.37395,1472,"$1,250-$1,499 ($65,000-$77,999)"
Byron Bay,4,0,0,8,20,16,14,30,25,25,26,32,5,4,209,1452.631579,1452,"$1,250-$1,499 ($65,000-$77,999)"
Evans Head,0,3,5,0,4,9,12,11,28,18,26,28,0,0,144,1525.520833,1525,"$1,500-$1,749 ($78,000-$90,999)"
Lennox Head - Skennars Head,0,3,3,6,8,18,30,23,39,53,71,86,4,4,348,1667.95977,1667,"$1,500-$1,749 ($78,000-$90,999)"
Mullumbimby,0,0,4,8,12,16,22,18,20,17,30,33,3,7,190,1525.263158,1525,"$1,500-$1,749 ($78,000-$90,999)"
Casino,0,0,0,0,4,5,11,15,20,26,20,41,0,0,142,1614.964789,1614,"$1,500-$1,749 ($78,000-$90,999)"
Casino Surrounds,0,0,0,0,0,7,6,12,11,7,8,29,0,0,80,1560.625,1560,"$1,500-$1,749 ($78,000-$90,999)"
Goonellabah,0,3,3,5,7,12,25,42,36,52,42,81,5,8,321,1624.844237,1624,"$1,500-$1,749 ($78,000-$90,999)"
Kyogle,0,0,0,3,8,8,13,14,16,16,13,25,3,0,119,1481.722689,1481,"$1,250-$1,499 ($65,000-$77,999)"
Lismore,0,10,9,6,11,13,28,30,40,54,57,85,0,0,343,1537.682216,1537,"$1,500-$1,749 ($78,000-$90,999)"
Lismore Surrounds,4,9,6,8,23,27,38,36,54,56,54,98,0,3,416,1466.40625,1466,"$1,250-$1,499 ($65,000-$77,999)"
Kingscliff - Fingal Head,7,9,4,7,8,18,26,28,66,57,64,113,3,3,413,1586.319613,1586,"$1,500-$1,749 ($78,000-$90,999)"
Murwillumbah,6,0,0,0,6,5,6,28,23,30,30,34,0,0,168,1568.75,1568,"$1,500-$1,749 ($78,000-$90,999)"
Murwillumbah Surrounds,0,0,0,7,10,18,17,13,22,27,34,37,3,3,191,1573.95288,1573,"$1,500-$1,749 ($78,000-$90,999)"
Pottsville,0,0,4,5,11,25,36,46,38,61,74,84,0,9,393,1622.455471,1622,"$1,500-$1,749 ($78,000-$90,999)"
Tweed Heads,4,4,7,0,18,23,22,33,48,47,71,64,4,0,345,1566.594203,1566,"$1,500-$1,749 ($78,000-$90,999)"
Banora Point,0,3,4,12,12,15,16,28,35,49,43,70,8,0,295,1571.694915,1571,"$1,500-$1,749 ($78,000-$90,999)"
Terranora - North Tumbulgum,0,0,0,0,0,9,11,9,3,23,24,31,0,0,110,1692.5,1692,"$1,500-$1,749 ($78,000-$90,999)"
Tweed Heads South,0,0,0,0,4,7,5,3,15,11,18,23,0,0,86,1649.709302,1649,"$1,500-$1,749 ($78,000-$90,999)"
Griffith (NSW),8,0,6,0,8,14,20,47,55,49,74,103,7,3,394,1662.309645,1662,"$1,500-$1,749 ($78,000-$90,999)"
Griffith Surrounds,0,4,0,3,4,11,6,19,24,41,36,52,6,0,206,1679.247573,1679,"$1,500-$1,749 ($78,000-$90,999)"
Leeton,0,0,5,6,11,13,8,13,36,40,47,76,9,0,264,1688.541667,1688,"$1,500-$1,749 ($78,000-$90,999)"
Narrandera,0,0,0,0,4,4,4,10,18,16,19,29,0,0,104,1660.336538,1660,"$1,500-$1,749 ($78,000-$90,999)"
Tumbarumba,0,0,0,0,0,0,0,3,10,13,12,11,0,3,52,1911.057692,1911,"$1,750-$1,999 ($91,000-$103,999)"
Tumut,0,0,0,0,0,6,8,13,20,17,24,35,3,0,126,1719.642857,1719,"$1,500-$1,749 ($78,000-$90,999)"
Tumut Surrounds,0,0,0,0,3,0,7,7,7,9,12,26,0,0,71,1674.647887,1674,"$1,500-$1,749 ($78,000-$90,999)"
Cootamundra,6,0,0,0,8,6,16,17,15,21,24,30,0,0,143,1495.979021,1495,"$1,250-$1,499 ($65,000-$77,999)"
Gundagai,0,0,0,0,6,0,8,13,9,12,8,13,0,0,69,1471.376812,1471,"$1,250-$1,499 ($65,000-$77,999)"
Junee,0,0,0,0,0,9,5,13,5,4,15,25,3,0,79,1685.443038,1685,"$1,500-$1,749 ($78,000-$90,999)"
Temora,0,5,0,4,8,12,7,11,19,26,27,28,3,0,150,1553.5,1553,"$1,500-$1,749 ($78,000-$90,999)"
Wagga Wagga - East,5,5,4,6,11,26,23,36,50,79,81,148,10,9,493,1689.858012,1689,"$1,500-$1,749 ($78,000-$90,999)"
Wagga Wagga - North,5,3,0,0,7,0,5,14,24,22,34,55,5,0,174,1715.229885,1715,"$1,500-$1,749 ($78,000-$90,999)"
Wagga Wagga - South,0,8,0,8,8,21,31,55,49,71,101,191,15,8,566,1740.503534,1740,"$1,500-$1,749 ($78,000-$90,999)"
Wagga Wagga - West,7,6,5,4,9,7,22,24,28,43,53,54,3,0,265,1563.584906,1563,"$1,500-$1,749 ($78,000-$90,999)"
Wagga Wagga Surrounds,3,4,9,4,9,11,27,31,49,62,68,107,7,3,394,1650.761421,1650,"$1,500-$1,749 ($78,000-$90,999)"
Berry - Kangaroo Valley,5,6,9,7,13,12,21,12,19,26,36,48,8,5,227,1535.132159,1535,"$1,500-$1,749 ($78,000-$90,999)"
Callala Bay - Currarong,3,0,0,5,0,3,4,8,9,11,11,14,0,0,68,1488.970588,1488,"$1,250-$1,499 ($65,000-$77,999)"
Culburra Beach,0,0,0,0,8,6,8,8,10,11,9,22,0,4,86,1564.244186,1564,"$1,500-$1,749 ($78,000-$90,999)"
Ettrema - Sassafras - Budawang,0,0,0,0,0,0,0,0,0,0,0,0,0,0,0,0,0,0
Huskisson - Vincentia,0,0,3,6,13,12,6,21,22,21,21,35,0,3,163,1484.355828,1484,"$1,250-$1,499 ($65,000-$77,999)"
North Nowra - Bomaderry,0,3,6,12,13,15,26,21,33,43,62,59,4,0,297,1573.821549,1573,"$1,500-$1,749 ($78,000-$90,999)"
Nowra,4,4,3,9,11,13,17,27,27,37,20,64,0,3,239,1445.502092,1445,"$1,250-$1,499 ($65,000-$77,999)"
St Georges Basin - Erowal Bay,5,0,7,6,5,8,14,30,33,22,44,39,0,0,213,1524.882629,1524,"$1,500-$1,749 ($78,000-$90,999)"
Sussex Inlet - Berrara,0,0,0,4,0,4,4,3,9,0,7,15,0,0,46,1514.673913,1514,"$1,500-$1,749 ($78,000-$90,999)"
Tomerong - Wandandian - Woollamia,0,0,0,0,8,6,4,10,16,11,12,19,0,0,86,1503.488372,1503,"$1,500-$1,749 ($78,000-$90,999)"
Ulladulla,0,7,11,6,20,20,21,34,44,32,73,69,7,4,348,1587.356322,1587,"$1,500-$1,749 ($78,000-$90,999)"
Ulladulla Surrounds,6,0,0,7,0,6,12,9,16,15,16,25,0,0,112,1447.544643,1447,"$1,250-$1,499 ($65,000-$77,999)"
Bowral,0,4,8,10,12,21,13,27,28,34,32,103,11,0,303,1567.739274,1567,"$1,500-$1,749 ($78,000-$90,999)"
Hill Top - Colo Vale,0,0,0,6,4,8,6,17,13,21,27,28,4,0,134,1644.216418,1644,"$1,500-$1,749 ($78,000-$90,999)"
Mittagong,6,0,9,3,13,15,12,28,24,37,38,81,7,0,273,1569.047619,1569,"$1,500-$1,749 ($78,000-$90,999)"
Moss Vale - Berrima,3,8,9,4,7,11,18,11,33,29,35,72,0,3,243,1535.185185,1535,"$1,500-$1,749 ($78,000-$90,999)"
Robertson - Fitzroy Falls,0,0,0,3,6,3,6,13,9,16,14,34,0,4,108,1649.305556,1649,"$1,500-$1,749 ($78,000-$90,999)"
Southern Highlands,0,4,5,0,0,8,13,12,14,15,24,30,0,8,133,1665.601504,1665,"$1,500-$1,749 ($78,000-$90,999)"
