INCP ICT Professionals Total Personal Income (weekly),"$1-$149 ($1-$7,799)","$150-$299 ($7,800-$15,599)","$300-$399 ($15,600-$20,799)","$400-$499 ($20,800-$25,999)","$500-$649 ($26,000-$33,799)","$650-$799 ($33,800-$41,599)","$800-$999 ($41,600-$51,999)","$1,000-$1,249 ($52,000-$64,999)","$1,250-$1,499 ($65,000-$77,999)","$1,500-$1,749 ($78,000-$90,999)","$1,750-$1,999 ($91,000-$103,999)","$2,000-$2,999 ($104,000-$155,999)","$3,000-$3,499 ($156,000-$181,999)","$3,500 or more ($182,000 or more)",Total,Average,Floor,Return Val
Braidwood,0,3,0,0,0,6,0,0,0,0,0,8,5,6,28,2045.535714,2045,"$2,000-$2,999 ($104,000-$155,999)"
Karabar,0,0,0,0,5,0,0,4,7,11,17,35,12,24,115,2313.043478,2313,"$2,000-$2,999 ($104,000-$155,999)"
Queanbeyan,0,0,0,0,0,0,6,7,22,26,26,64,9,22,182,2071.565934,2071,"$2,000-$2,999 ($104,000-$155,999)"
Queanbeyan - East,0,0,0,0,0,0,0,0,6,20,7,27,9,22,91,2364.010989,2364,"$2,000-$2,999 ($104,000-$155,999)"
Queanbeyan West - Jerrabomberra,0,0,0,0,0,0,0,5,16,20,28,83,24,82,258,2522.286822,2522,"$2,000-$2,999 ($104,000-$155,999)"
Googong,0,0,0,0,0,0,0,0,13,26,18,74,20,58,209,2449.162679,2449,"$2,000-$2,999 ($104,000-$155,999)"
Queanbeyan Surrounds,0,0,0,0,9,3,4,5,7,15,17,106,39,104,309,2532.605178,2532,"$2,000-$2,999 ($104,000-$155,999)"
Bombala,0,0,0,0,0,0,0,0,0,0,0,0,0,0,0,0,0,0
Cooma,0,0,0,4,0,0,0,0,3,3,3,12,3,0,28,1805.357143,1805,"$1,750-$1,999 ($91,000-$103,999)"
Cooma Surrounds,0,0,0,0,0,0,0,0,0,5,3,6,0,0,14,1919.642857,1919,"$1,750-$1,999 ($91,000-$103,999)"
Jindabyne - Berridale,0,0,0,0,3,3,3,4,10,9,7,22,13,24,98,2290.561224,2290,"$2,000-$2,999 ($104,000-$155,999)"
Batemans Bay,0,0,0,0,0,0,0,0,0,7,0,0,0,4,11,2306.818182,2306,"$2,000-$2,999 ($104,000-$155,999)"
Batemans Bay - South,0,0,0,0,0,0,0,0,0,4,0,6,0,3,13,2173.076923,2173,"$2,000-$2,999 ($104,000-$155,999)"
Bega - Tathra,0,0,0,0,0,0,3,5,3,0,0,7,0,0,18,1420.833333,1420,"$1,250-$1,499 ($65,000-$77,999)"
Bega-Eden Hinterland,0,0,0,0,4,0,0,0,5,3,4,4,0,0,20,1577.5,1577,"$1,500-$1,749 ($78,000-$90,999)"
Broulee - Tomakin,0,0,0,0,0,0,0,0,0,4,0,3,3,0,10,2187.5,2187,"$2,000-$2,999 ($104,000-$155,999)"
Deua - Wadbilliga,0,0,0,0,0,0,0,0,0,0,0,0,0,0,0,0,0,0
Eden,0,0,0,0,0,0,0,0,0,0,0,0,0,0,0,0,0,0
Eurobodalla Hinterland,0,0,0,0,0,0,0,0,0,0,0,0,0,0,0,0,0,0
Merimbula - Tura Beach,0,0,0,0,0,0,0,0,0,0,6,8,0,5,19,2500,2500,"$2,000-$2,999 ($104,000-$155,999)"
Moruya - Tuross Head,0,0,0,3,0,0,0,0,4,0,0,4,0,4,15,1890,1890,"$1,750-$1,999 ($91,000-$103,999)"
Narooma - Bermagui,0,0,0,0,0,0,0,3,3,4,3,7,3,4,27,2162.037037,2162,"$2,000-$2,999 ($104,000-$155,999)"
Goulburn,0,0,0,0,0,0,0,3,4,9,7,21,4,12,60,2256.25,2256,"$2,000-$2,999 ($104,000-$155,999)"
Goulburn Surrounds,0,0,0,0,0,0,0,5,8,0,10,13,0,9,45,2166.666667,2166,"$2,000-$2,999 ($104,000-$155,999)"
Yass,0,0,0,0,0,0,0,0,5,13,3,24,10,10,65,2276.923077,2276,"$2,000-$2,999 ($104,000-$155,999)"
Yass Surrounds,0,0,0,0,0,0,0,8,13,12,10,62,28,57,190,2516.447368,2516,"$2,000-$2,999 ($104,000-$155,999)"
Young,0,0,0,0,0,0,0,0,0,0,0,0,0,0,0,0,0,0
Young Surrounds,0,0,0,0,0,0,0,0,0,0,0,0,0,0,0,0,0,0
Avoca Beach - Copacabana,0,0,0,0,0,0,0,0,0,3,3,9,3,19,37,2851.351351,2851,"$2,000-$2,999 ($104,000-$155,999)"
Box Head - MacMasters Beach,0,0,0,3,5,0,0,0,5,5,13,23,10,19,83,2335.542169,2335,"$2,000-$2,999 ($104,000-$155,999)"
Calga - Kulnura,0,0,0,0,0,0,0,0,0,0,0,9,3,4,16,2539.0625,2539,"$2,000-$2,999 ($104,000-$155,999)"
Erina - Green Point,0,0,5,0,0,5,3,6,4,8,13,37,18,17,116,2182.758621,2182,"$2,000-$2,999 ($104,000-$155,999)"
Gosford - Springfield,0,0,0,0,4,3,4,15,22,21,35,77,20,21,222,2070.720721,2070,"$2,000-$2,999 ($104,000-$155,999)"
Kariong,0,0,0,0,0,4,0,0,3,5,0,32,7,12,63,2220.634921,2220,"$2,000-$2,999 ($104,000-$155,999)"
Kincumber - Picketts Valley,0,0,0,0,4,0,0,0,0,0,6,8,5,0,23,2110.869565,2110,"$2,000-$2,999 ($104,000-$155,999)"
Narara,0,0,0,0,0,6,7,5,9,13,11,37,11,7,106,1951.886792,1951,"$1,750-$1,999 ($91,000-$103,999)"
Niagara Park - Lisarow,0,0,0,0,0,0,6,7,8,8,12,28,8,11,88,2094.034091,2094,"$2,000-$2,999 ($104,000-$155,999)"
Point Clare - Koolewong,0,3,0,0,0,4,3,7,4,11,7,30,7,16,92,2065.48913,2065,"$2,000-$2,999 ($104,000-$155,999)"
Saratoga - Davistown,0,0,0,0,0,3,0,0,0,0,6,21,8,0,38,2172.368421,2172,"$2,000-$2,999 ($104,000-$155,999)"
Terrigal - North Avoca,0,0,0,0,4,0,3,3,6,4,4,29,15,20,88,2343.75,2343,"$2,000-$2,999 ($104,000-$155,999)"
Umina - Booker Bay - Patonga,0,0,0,0,0,4,3,9,15,18,22,66,26,37,200,2291.75,2291,"$2,000-$2,999 ($104,000-$155,999)"
Wamberal - Forresters Beach,0,3,0,0,0,0,0,4,3,3,5,21,6,10,55,2191.818182,2191,"$2,000-$2,999 ($104,000-$155,999)"
Woy Woy - Blackwall,0,0,0,0,0,0,0,4,8,14,9,41,20,16,112,2309.151786,2309,"$2,000-$2,999 ($104,000-$155,999)"
Wyoming,0,0,0,0,0,0,0,10,13,21,13,42,10,6,115,1982.608696,1982,"$1,750-$1,999 ($91,000-$103,999)"
Bateau Bay - Killarney Vale,0,0,0,0,0,0,3,7,8,7,9,20,6,13,73,2163.69863,2163,"$2,000-$2,999 ($104,000-$155,999)"
Blue Haven - San Remo,0,0,0,0,0,0,0,8,4,8,4,8,0,3,35,1800,1800,"$1,750-$1,999 ($91,000-$103,999)"
Budgewoi - Buff Point - Halekulani,0,0,0,0,0,0,0,3,0,0,3,4,0,0,10,1837.5,1837,"$1,750-$1,999 ($91,000-$103,999)"
Chittaway Bay - Tumbi Umbi,0,0,0,0,0,0,4,9,4,10,12,17,9,12,77,2189.61039,2189,"$2,000-$2,999 ($104,000-$155,999)"
Gorokan - Kanwal - Charmhaven,0,0,0,3,0,0,0,0,10,10,17,17,5,0,62,1967.33871,1967,"$1,750-$1,999 ($91,000-$103,999)"
Jilliby - Yarramalong,0,0,0,0,0,0,0,0,0,3,3,8,0,0,14,1955.357143,1955,"$1,750-$1,999 ($91,000-$103,999)"
Lake Munmorah - Mannering Park,0,0,0,0,0,0,3,3,0,3,0,12,0,3,24,1831.25,1831,"$1,750-$1,999 ($91,000-$103,999)"
Ourimbah - Fountaindale,0,0,0,0,0,0,0,0,6,5,0,23,4,0,38,1907.894737,1907,"$1,750-$1,999 ($91,000-$103,999)"
Summerland Point - Gwandalan,0,0,0,0,0,0,0,0,0,5,0,5,0,0,10,1750,1750,"$1,750-$1,999 ($91,000-$103,999)"
The Entrance,0,0,0,0,0,0,3,0,10,8,12,20,4,0,57,1928.947368,1928,"$1,750-$1,999 ($91,000-$103,999)"
Toukley - Norah Head,0,0,0,0,4,0,0,0,0,6,3,3,0,0,16,1573.4375,1573,"$1,500-$1,749 ($78,000-$90,999)"
Tuggerah - Kangy Angy,0,0,0,0,0,0,0,0,5,5,9,15,5,0,39,2099.358974,2099,"$2,000-$2,999 ($104,000-$155,999)"
Warnervale - Wadalba,0,0,0,0,0,0,0,4,8,17,21,47,16,5,118,2146.186441,2146,"$2,000-$2,999 ($104,000-$155,999)"
Wyong,0,0,0,0,5,0,4,0,5,10,13,14,0,0,51,1732.352941,1732,"$1,500-$1,749 ($78,000-$90,999)"
Bathurst - East,0,0,0,0,0,0,4,0,0,7,0,11,0,0,22,1618.181818,1618,"$1,500-$1,749 ($78,000-$90,999)"
Bathurst Surrounds,0,0,0,0,0,0,0,0,0,8,0,5,0,0,13,1721.153846,1721,"$1,500-$1,749 ($78,000-$90,999)"
Oberon,0,0,0,0,0,0,0,0,3,0,0,3,0,0,6,1625,1625,"$1,500-$1,749 ($78,000-$90,999)"
Bathurst - South,0,0,0,0,0,0,0,0,8,5,6,9,0,3,31,1983.870968,1983,"$1,750-$1,999 ($91,000-$103,999)"
Bathurst - West,0,0,0,0,0,4,4,6,9,4,13,12,0,0,52,1675.480769,1675,"$1,500-$1,749 ($78,000-$90,999)"
Condobolin,0,0,0,0,0,0,0,0,0,0,0,0,0,0,0,0,0,0
Cowra,0,0,0,0,0,0,0,0,0,0,0,0,0,0,0,0,0,0
Cowra Surrounds,0,0,0,0,0,0,0,5,0,0,0,0,0,0,5,1125,1125,"$1,000-$1,249 ($52,000-$64,999)"
Forbes,0,0,0,0,0,0,0,0,0,0,0,0,0,0,0,0,0,0
Grenfell,0,0,0,0,0,0,0,0,0,0,0,0,0,0,0,0,0,0
Parkes (NSW),0,0,0,0,0,0,0,3,0,0,0,3,0,0,6,1500,1500,"$1,500-$1,749 ($78,000-$90,999)"
Parkes Surrounds,0,0,0,0,0,0,0,0,0,0,0,0,0,0,0,0,0,0
West Wyalong,0,0,0,0,0,0,0,0,0,0,0,0,0,0,0,0,0,0
Lithgow,0,0,0,0,0,0,0,4,10,6,0,3,0,3,26,1697.115385,1697,"$1,500-$1,749 ($78,000-$90,999)"
Lithgow Surrounds,0,0,0,0,0,0,4,0,0,0,0,3,0,0,7,1317.857143,1317,"$1,250-$1,499 ($65,000-$77,999)"
Mudgee,0,0,0,0,0,0,0,4,0,3,8,4,0,0,19,1940.789474,1940,"$1,750-$1,999 ($91,000-$103,999)"
Mudgee Surrounds - East,0,0,0,0,0,0,0,0,0,0,0,0,0,0,0,0,0,0
Mudgee Surrounds - West,0,0,0,0,0,0,0,0,0,0,3,0,4,0,7,2928.571429,2928,"$2,000-$2,999 ($104,000-$155,999)"
Wollangambe - Wollemi,0,0,0,0,0,0,0,0,0,0,0,0,0,0,0,0,0,0
Blayney,0,0,0,0,0,0,0,0,0,0,4,4,0,0,8,2187.5,2187,"$2,000-$2,999 ($104,000-$155,999)"
Orange,0,0,0,0,0,4,3,0,8,9,11,16,0,3,54,1837.5,1837,"$1,750-$1,999 ($91,000-$103,999)"
Orange - North,0,0,0,0,0,0,3,9,5,12,17,31,0,6,83,1937.650602,1937,"$1,750-$1,999 ($91,000-$103,999)"
Orange Surrounds,0,0,0,0,0,4,0,0,0,3,3,5,0,0,15,1643.333333,1643,"$1,500-$1,749 ($78,000-$90,999)"
Grafton,0,0,0,0,0,0,0,0,0,4,5,3,0,0,12,2052.083333,2052,"$2,000-$2,999 ($104,000-$155,999)"
Grafton Surrounds,0,3,0,0,0,0,3,5,0,0,0,8,3,0,22,1534.090909,1534,"$1,500-$1,749 ($78,000-$90,999)"
Maclean - Yamba - Iluka,0,0,0,0,3,0,0,0,0,9,0,3,0,4,19,1893.421053,1893,"$1,750-$1,999 ($91,000-$103,999)"
Bellingen,0,0,0,0,0,0,3,0,4,0,0,4,5,6,22,2406.818182,2406,"$2,000-$2,999 ($104,000-$155,999)"
Coffs Harbour - North,0,0,3,5,0,0,0,4,3,11,5,10,3,0,44,1609.090909,1609,"$1,500-$1,749 ($78,000-$90,999)"
Coffs Harbour - South,0,0,0,0,0,0,5,0,5,7,5,7,0,0,29,1668.103448,1668,"$1,500-$1,749 ($78,000-$90,999)"
Coramba - Nana Glen - Bucca,0,0,0,0,0,0,0,0,0,0,0,0,0,0,0,0,0,0
Dorrigo,0,0,0,0,0,0,0,0,0,0,0,0,0,0,0,0,0,0
Korora - Emerald Beach,0,0,0,0,0,0,0,3,0,5,3,6,4,6,27,2379.62963,2379,"$2,000-$2,999 ($104,000-$155,999)"
Sawtell - Boambee,0,0,0,0,0,0,0,3,7,10,4,8,0,4,36,1895.833333,1895,"$1,750-$1,999 ($91,000-$103,999)"
Urunga,0,0,0,0,0,0,0,5,0,3,4,0,0,0,12,1708.333333,1708,"$1,500-$1,749 ($78,000-$90,999)"
Woolgoolga - Arrawarra,0,0,0,0,0,0,3,0,0,4,4,8,5,0,24,2102.083333,2102,"$2,000-$2,999 ($104,000-$155,999)"
Bourke - Brewarrina,0,0,0,0,0,0,0,0,0,0,0,5,0,0,5,1875,1875,"$1,750-$1,999 ($91,000-$103,999)"
Cobar,0,0,0,0,0,0,0,0,0,0,0,0,0,0,0,0,0,0
Coonamble,0,0,0,0,0,0,0,0,0,0,0,0,0,0,0,0,0,0
Nyngan - Warren,0,0,0,0,0,0,0,0,0,0,0,3,0,0,3,1875,1875,"$1,750-$1,999 ($91,000-$103,999)"
Walgett - Lightning Ridge,0,0,0,0,0,0,0,0,0,0,0,0,0,0,0,0,0,0
Broken Hill,0,0,0,0,0,0,0,3,0,0,5,3,0,0,11,1954.545455,1954,"$1,750-$1,999 ($91,000-$103,999)"
Far West,0,0,0,0,0,0,0,0,0,0,0,0,0,0,0,0,0,0
Coonabarabran,0,0,0,0,0,5,0,0,0,0,0,0,0,0,5,725,725,"$650-$799 ($33,800-$41,599)"
Dubbo - East,0,0,0,0,0,0,0,3,5,0,0,0,0,0,8,1281.25,1281,"$1,250-$1,499 ($65,000-$77,999)"
Dubbo - South,0,0,0,0,0,4,3,0,5,6,0,9,0,4,31,1712.903226,1712,"$1,500-$1,749 ($78,000-$90,999)"
Dubbo - West,0,0,0,0,0,0,0,0,0,6,3,3,0,0,12,1906.25,1906,"$1,750-$1,999 ($91,000-$103,999)"
Dubbo Surrounds,0,0,0,0,0,0,0,0,0,0,3,0,0,0,3,2500,2500,"$2,000-$2,999 ($104,000-$155,999)"
Gilgandra,0,0,0,0,0,0,0,0,0,0,0,0,0,0,0,0,0,0
Narromine,0,0,0,0,0,0,0,0,0,0,0,0,0,0,0,0,0,0
Wellington,0,0,0,0,0,0,0,0,3,3,0,7,0,0,13,1701.923077,1701,"$1,500-$1,749 ($78,000-$90,999)"
Branxton - Greta - Pokolbin,0,0,0,0,0,0,5,0,7,0,6,8,3,4,33,2056.818182,2056,"$2,000-$2,999 ($104,000-$155,999)"
Cessnock,0,0,0,0,0,5,0,0,5,8,0,6,0,3,27,1675.925926,1675,"$1,500-$1,749 ($78,000-$90,999)"
Cessnock Surrounds,0,0,0,0,0,0,0,0,0,0,4,8,0,8,20,2650,2650,"$2,000-$2,999 ($104,000-$155,999)"
Dungog,0,0,0,0,0,0,7,0,4,0,3,8,0,3,25,1792,1792,"$1,750-$1,999 ($91,000-$103,999)"
Kurri Kurri - Abermain,0,0,0,0,0,3,0,3,11,8,4,19,3,3,54,1843.518519,1843,"$1,750-$1,999 ($91,000-$103,999)"
Singleton,0,0,0,0,0,0,0,3,0,0,4,10,0,6,23,2309.782609,2309,"$2,000-$2,999 ($104,000-$155,999)"
Singleton Surrounds,0,0,0,0,0,0,0,0,0,0,0,0,0,0,0,0,0,0
Maitland,0,0,0,0,0,0,7,3,3,3,5,7,0,0,28,1582.142857,1582,"$1,500-$1,749 ($78,000-$90,999)"
Maitland - North,0,0,0,0,0,0,3,3,3,0,0,10,0,0,19,1523.684211,1523,"$1,500-$1,749 ($78,000-$90,999)"
East Maitland - Metford,0,0,0,0,0,4,5,10,10,9,17,25,3,4,87,1840.804598,1840,"$1,750-$1,999 ($91,000-$103,999)"
Rutherford (North) - Aberglasslyn,0,0,0,0,0,0,0,5,4,0,13,11,0,5,38,2151.315789,2151,"$2,000-$2,999 ($104,000-$155,999)"
Rutherford (South) - Telarah,3,0,0,0,0,0,0,4,0,0,0,3,0,0,10,1035,1035,"$1,000-$1,249 ($52,000-$64,999)"
Tenambit - East Maitland,0,0,0,0,0,0,0,0,4,6,8,9,0,0,27,1930.555556,1930,"$1,750-$1,999 ($91,000-$103,999)"
Thornton - Millers Forest,0,0,0,0,0,0,0,8,13,5,13,44,8,3,94,1984.042553,1984,"$1,750-$1,999 ($91,000-$103,999)"
Anna Bay,0,0,0,0,0,0,0,0,0,0,0,5,0,5,10,2687.5,2687,"$2,000-$2,999 ($104,000-$155,999)"
Lemon Tree Passage - Tanilba Bay,0,0,0,0,0,0,0,0,0,0,0,10,0,3,13,2250,2250,"$2,000-$2,999 ($104,000-$155,999)"
Nelson Bay Peninsula,0,0,0,0,0,0,4,7,5,12,5,27,4,8,72,1971.875,1971,"$1,750-$1,999 ($91,000-$103,999)"
Raymond Terrace,0,0,0,0,0,0,0,4,0,7,6,18,0,0,35,1846.428571,1846,"$1,750-$1,999 ($91,000-$103,999)"
Seaham - Woodville,0,0,0,0,0,0,0,0,0,0,3,12,3,0,18,2208.333333,2208,"$2,000-$2,999 ($104,000-$155,999)"
Tea Gardens - Hawks Nest,0,0,0,0,0,0,0,0,0,0,0,4,0,0,4,1875,1875,"$1,750-$1,999 ($91,000-$103,999)"
Williamtown - Medowie - Karuah,0,0,0,0,0,0,0,8,5,8,11,22,8,5,67,2106.343284,2106,"$2,000-$2,999 ($104,000-$155,999)"
Muswellbrook,0,0,0,0,0,0,0,0,0,0,0,8,0,0,8,1875,1875,"$1,750-$1,999 ($91,000-$103,999)"
Muswellbrook Surrounds,0,0,0,0,0,0,0,0,0,0,3,6,0,0,9,2083.333333,2083,"$2,000-$2,999 ($104,000-$155,999)"
Scone,0,0,0,0,0,0,0,0,0,0,4,4,0,0,8,2187.5,2187,"$2,000-$2,999 ($104,000-$155,999)"
Scone Surrounds,0,0,0,0,0,0,0,0,0,0,0,0,0,0,0,0,0,0
Dapto - Avondale,0,0,0,0,0,6,4,10,9,10,14,30,3,9,95,1898.157895,1898,"$1,750-$1,999 ($91,000-$103,999)"
Horsley - Kembla Grange,0,0,0,0,0,0,6,11,8,13,12,33,3,10,96,1942.96875,1942,"$1,750-$1,999 ($91,000-$103,999)"
Port Kembla Industrial,0,0,0,0,0,0,0,0,0,0,0,0,0,0,0,0,0,0
Unanderra - Mount Kembla,0,0,0,0,0,4,5,12,8,11,16,29,4,4,93,1840.322581,1840,"$1,750-$1,999 ($91,000-$103,999)"
Berkeley - Lake Heights - Cringila,0,0,0,0,0,0,0,8,4,0,5,9,8,5,39,2240.384615,2240,"$2,000-$2,999 ($104,000-$155,999)"
Port Kembla - Warrawong,0,0,0,0,0,0,0,3,0,0,4,9,3,0,19,2105.263158,2105,"$2,000-$2,999 ($104,000-$155,999)"
Windang - Primbee,0,0,0,0,0,0,0,7,0,0,0,4,0,0,11,1397.727273,1397,"$1,250-$1,499 ($65,000-$77,999)"
Illawarra Catchment Reserve,0,0,0,0,0,0,0,0,0,0,0,0,0,0,0,0,0,0
Albion Park - Macquarie Pass,0,0,0,0,0,4,4,10,14,15,10,33,3,10,103,1873.786408,1873,"$1,750-$1,999 ($91,000-$103,999)"
Albion Park Rail,0,0,0,0,0,0,0,0,0,4,0,3,0,0,7,1732.142857,1732,"$1,500-$1,749 ($78,000-$90,999)"
Kiama,0,0,0,0,0,3,5,0,0,0,5,18,6,5,42,2141.071429,2141,"$2,000-$2,999 ($104,000-$155,999)"
Kiama Downs - Minnamurra,0,0,0,0,0,0,0,3,4,3,0,14,0,6,30,2033.333333,2033,"$2,000-$2,999 ($104,000-$155,999)"
Kiama Hinterland - Gerringong,0,0,0,0,0,3,0,0,0,8,4,7,5,7,34,2325,2325,"$2,000-$2,999 ($104,000-$155,999)"
Shellharbour - Flinders,0,0,0,0,0,3,9,4,11,18,14,39,14,11,123,2042.886179,2042,"$2,000-$2,999 ($104,000-$155,999)"
Shellharbour - Oak Flats,0,0,0,0,0,0,0,7,5,4,3,17,5,0,41,1875,1875,"$1,750-$1,999 ($91,000-$103,999)"
Warilla,0,0,0,0,0,0,5,4,4,4,14,21,0,3,55,1925,1925,"$1,750-$1,999 ($91,000-$103,999)"
Balgownie - Fairy Meadow,0,0,0,6,0,0,7,11,12,22,29,58,10,26,181,2090.469613,2090,"$2,000-$2,999 ($104,000-$155,999)"
Corrimal - Tarrawanna - Bellambi,0,0,0,4,0,0,6,9,17,9,14,30,4,12,105,1919.761905,1919,"$1,750-$1,999 ($91,000-$103,999)"
Figtree - Keiraville,0,4,3,8,4,8,12,19,13,33,30,70,13,24,241,1866.493776,1866,"$1,750-$1,999 ($91,000-$103,999)"
Helensburgh,0,0,0,0,0,0,0,3,0,3,5,29,9,22,71,2554.577465,2554,"$2,000-$2,999 ($104,000-$155,999)"
Thirroul - Austinmer - Coalcliff,0,0,0,0,0,4,0,4,3,9,8,26,3,20,77,2268.181818,2268,"$2,000-$2,999 ($104,000-$155,999)"
Woonona - Bulli - Russell Vale,0,0,3,0,0,0,0,4,4,18,8,56,19,19,131,2240.839695,2240,"$2,000-$2,999 ($104,000-$155,999)"
Wollongong - East,0,0,0,0,5,3,0,17,26,22,22,54,12,15,176,1951.278409,1951,"$1,750-$1,999 ($91,000-$103,999)"
Wollongong - West,0,3,0,6,4,4,9,17,26,39,26,58,21,12,225,1861.888889,1861,"$1,750-$1,999 ($91,000-$103,999)"
Bulahdelah - Stroud,0,0,0,0,0,0,0,0,0,0,0,7,0,0,7,1875,1875,"$1,750-$1,999 ($91,000-$103,999)"
Forster,0,0,0,0,0,3,0,5,0,4,0,3,0,0,15,1328.333333,1328,"$1,250-$1,499 ($65,000-$77,999)"
Forster-Tuncurry Surrounds,0,0,0,0,0,0,0,0,0,0,4,5,0,3,12,2489.583333,2489,"$2,000-$2,999 ($104,000-$155,999)"
Tuncurry,0,0,0,0,0,0,0,0,0,0,0,0,6,0,6,3250,3250,"$3,000-$3,499 ($156,000-$181,999)"
Kempsey,0,0,0,0,3,0,0,0,0,0,0,0,0,0,3,575,575,"$500-$649 ($26,000-$33,799)"
Kempsey Surrounds,0,0,0,0,0,0,0,3,0,0,0,0,0,0,3,1125,1125,"$1,000-$1,249 ($52,000-$64,999)"
Macksville - Scotts Head,0,0,0,0,0,0,0,0,0,0,0,0,0,0,0,0,0,0
Nambucca Heads,0,0,0,0,0,0,0,0,0,0,0,4,0,0,4,1875,1875,"$1,750-$1,999 ($91,000-$103,999)"
Nambucca Heads Surrounds,0,0,0,0,0,0,0,0,0,0,0,0,0,0,0,0,0,0
South West Rocks,0,0,0,0,0,0,0,0,0,0,0,0,0,0,0,0,0,0
Lord Howe Island,0,0,0,0,0,0,0,0,0,0,0,0,0,0,0,0,0,0
Laurieton - Bonny Hills,0,0,4,0,0,0,3,6,8,4,3,11,0,6,45,1721.666667,1721,"$1,500-$1,749 ($78,000-$90,999)"
Port Macquarie - West,0,0,0,0,0,5,3,4,3,8,9,13,0,11,56,2023.660714,2023,"$2,000-$2,999 ($104,000-$155,999)"
Port Macquarie Surrounds,0,0,0,0,0,0,0,0,0,0,5,8,4,0,17,2382.352941,2382,"$2,000-$2,999 ($104,000-$155,999)"
Wauchope,0,0,0,0,0,0,0,0,0,4,0,3,0,0,7,1732.142857,1732,"$1,500-$1,749 ($78,000-$90,999)"
Port Macquarie - East,0,0,4,0,0,6,0,5,3,3,11,8,4,0,44,1724.431818,1724,"$1,500-$1,749 ($78,000-$90,999)"
Port Macquarie - South,0,0,0,0,0,0,3,8,5,4,11,22,7,4,64,2040.234375,2040,"$2,000-$2,999 ($104,000-$155,999)"
Gloucester,0,0,0,0,0,0,0,0,0,0,0,0,0,6,6,3500,3500,"$3,500 or more ($182,000 or more)"
Old Bar - Manning Point - Red Head,0,0,0,0,0,0,0,0,3,3,0,9,0,7,22,2289.772727,2289,"$2,000-$2,999 ($104,000-$155,999)"
Taree,0,0,0,0,0,0,0,0,4,7,0,8,0,0,19,1677.631579,1677,"$1,500-$1,749 ($78,000-$90,999)"
Taree Surrounds,0,0,0,0,0,0,0,0,0,7,0,12,0,3,22,2017.045455,2017,"$2,000-$2,999 ($104,000-$155,999)"
Wingham,0,0,0,0,0,0,0,0,0,0,0,0,0,0,0,0,0,0
Albury - East,0,0,0,0,0,3,5,8,10,14,13,15,0,0,68,1658.823529,1658,"$1,500-$1,749 ($78,000-$90,999)"
Albury - North,0,0,0,0,0,4,0,0,3,3,8,10,0,0,28,1808.928571,1808,"$1,750-$1,999 ($91,000-$103,999)"
Albury - South,0,0,0,0,0,0,4,6,0,3,0,9,0,0,22,1459.090909,1459,"$1,250-$1,499 ($65,000-$77,999)"
Albury Surrounds,0,0,0,0,0,0,0,3,3,3,5,6,0,0,20,1806.25,1806,"$1,750-$1,999 ($91,000-$103,999)"
Lavington,0,0,0,5,0,0,0,4,10,9,0,3,0,0,31,1314.516129,1314,"$1,250-$1,499 ($65,000-$77,999)"
Hay,0,0,0,0,0,0,0,0,0,0,0,0,0,0,0,0,0,0
Wentworth - Buronga,0,5,0,0,0,0,0,0,0,0,0,4,0,0,9,958.3333333,958,"$800-$999 ($41,600-$51,999)"
Wentworth-Balranald Region,0,0,0,0,0,0,0,0,0,0,0,0,0,0,0,0,0,0
Corowa,0,0,0,0,0,0,0,0,0,3,0,0,0,0,3,1625,1625,"$1,500-$1,749 ($78,000-$90,999)"
Corowa Surrounds,0,0,0,0,0,0,0,0,0,0,0,0,0,0,0,0,0,0
Deniliquin,0,0,0,0,0,0,0,0,3,3,0,6,0,0,12,1687.5,1687,"$1,500-$1,749 ($78,000-$90,999)"
Deniliquin Surrounds,0,0,0,0,0,0,0,0,0,0,0,0,0,0,0,0,0,0
Moama,0,0,0,0,0,0,0,0,0,0,0,0,0,0,0,0,0,0
Tocumwal - Finley - Jerilderie,0,0,0,0,0,0,0,0,3,0,0,0,0,0,3,1375,1375,"$1,250-$1,499 ($65,000-$77,999)"
Armidale,0,4,3,0,4,3,0,9,11,20,22,31,3,3,113,1748.230088,1748,"$1,500-$1,749 ($78,000-$90,999)"
Armidale Surrounds - North,0,0,0,0,0,0,0,0,0,0,0,0,0,0,0,0,0,0
Armidale Surrounds - South,0,0,0,0,0,0,0,0,0,0,0,4,0,0,4,1875,1875,"$1,750-$1,999 ($91,000-$103,999)"
Walcha,0,0,0,0,0,0,0,0,0,0,0,3,0,0,3,1875,1875,"$1,750-$1,999 ($91,000-$103,999)"
Glen Innes,0,0,0,0,0,0,0,0,0,0,0,0,0,0,0,0,0,0
Inverell,0,0,0,0,0,0,3,0,3,6,0,0,0,0,12,1381.25,1381,"$1,250-$1,499 ($65,000-$77,999)"
Inverell Surrounds - East,0,0,0,0,0,0,0,0,0,0,0,0,0,0,0,0,0,0
Inverell Surrounds - West,0,0,0,0,0,0,0,0,0,0,0,0,0,0,0,0,0,0
Tenterfield,0,0,0,0,0,0,4,0,0,0,0,0,0,0,4,900,900,"$800-$999 ($41,600-$51,999)"
Moree,0,0,0,0,0,0,0,0,0,0,0,0,0,0,0,0,0,0
Moree Surrounds,0,0,0,0,0,0,0,0,0,0,0,0,0,0,0,0,0,0
Narrabri,0,0,0,0,0,0,0,0,5,0,3,3,0,0,11,1818.181818,1818,"$1,750-$1,999 ($91,000-$103,999)"
Narrabri Surrounds,0,0,0,0,0,0,4,0,3,0,0,0,0,0,7,1103.571429,1103,"$1,000-$1,249 ($52,000-$64,999)"
Gunnedah,0,0,0,0,0,0,0,3,0,0,0,0,3,0,6,2187.5,2187,"$2,000-$2,999 ($104,000-$155,999)"
Gunnedah Surrounds,0,0,0,0,0,0,0,0,0,0,0,0,0,0,0,0,0,0
Quirindi,0,0,0,0,0,0,0,0,0,0,0,0,0,0,0,0,0,0
Tamworth - East,0,0,0,0,0,0,0,3,3,3,6,4,0,0,19,1835.526316,1835,"$1,750-$1,999 ($91,000-$103,999)"
Tamworth - North,0,0,0,3,0,0,0,0,6,3,8,9,0,0,29,1770.689655,1770,"$1,750-$1,999 ($91,000-$103,999)"
Tamworth - West,0,0,0,0,0,0,0,0,0,0,0,0,0,0,0,0,0,0
Tamworth Surrounds,0,0,0,0,0,0,0,3,3,6,3,9,0,0,24,1734.375,1734,"$1,500-$1,749 ($78,000-$90,999)"
Belmont - Bennetts Green,0,0,0,0,0,0,0,5,6,9,6,26,9,4,65,2084.615385,2084,"$2,000-$2,999 ($104,000-$155,999)"
Belmont South - Blacksmiths,0,0,0,0,0,0,0,0,0,0,0,0,0,0,0,0,0,0
Charlestown - Dudley,0,3,0,0,0,0,4,9,15,16,24,45,11,0,127,1898.818898,1898,"$1,750-$1,999 ($91,000-$103,999)"
Glendale - Cardiff - Hillsborough,5,0,0,3,4,0,3,9,11,20,19,53,15,4,146,1877.39726,1877,"$1,750-$1,999 ($91,000-$103,999)"
Mount Hutton - Windale,0,0,0,0,0,4,0,0,0,5,0,14,3,0,26,1808.653846,1808,"$1,750-$1,999 ($91,000-$103,999)"
Redhead,0,0,0,0,0,0,0,0,0,0,0,9,0,4,13,2375,2375,"$2,000-$2,999 ($104,000-$155,999)"
Swansea - Caves Beach,0,0,0,0,0,0,0,3,6,4,6,17,6,7,49,2224.489796,2224,"$2,000-$2,999 ($104,000-$155,999)"
Valentine - Eleebana,0,0,0,0,0,0,0,4,6,8,12,24,3,0,57,1938.596491,1938,"$1,750-$1,999 ($91,000-$103,999)"
Warners Bay - Boolaroo,0,0,0,0,4,0,0,3,8,9,4,30,5,7,70,1975.714286,1975,"$1,750-$1,999 ($91,000-$103,999)"
Bolton Point - Teralba,0,0,0,4,0,0,0,0,6,3,3,10,3,5,34,2012.5,2012,"$2,000-$2,999 ($104,000-$155,999)"
Bonnells Bay - Silverwater,0,0,0,0,0,0,0,3,0,0,5,17,8,3,36,2340.277778,2340,"$2,000-$2,999 ($104,000-$155,999)"
Edgeworth - Cameron Park,0,0,0,0,0,0,0,8,15,17,10,40,4,0,94,1811.170213,1811,"$1,750-$1,999 ($91,000-$103,999)"
Morisset - Cooranbong,0,0,0,0,0,3,6,4,12,10,15,22,4,7,83,1940.662651,1940,"$1,750-$1,999 ($91,000-$103,999)"
Toronto - Awaba,0,0,0,5,0,3,6,0,4,6,9,12,0,4,49,1715.816327,1715,"$1,500-$1,749 ($78,000-$90,999)"
Wangi Wangi - Rathmines,0,0,0,0,0,0,3,3,3,5,4,11,3,5,37,2059.459459,2059,"$2,000-$2,999 ($104,000-$155,999)"
West Wallsend - Barnsley - Killingworth,0,0,0,0,0,0,0,0,4,3,11,9,0,0,27,2027.777778,2027,"$2,000-$2,999 ($104,000-$155,999)"
Adamstown - Kotara,0,0,0,0,0,5,3,3,10,7,17,56,16,8,125,2098.6,2098,"$2,000-$2,999 ($104,000-$155,999)"
Beresfield - Hexham,0,0,0,0,0,0,0,0,3,0,4,7,0,0,14,1946.428571,1946,"$1,750-$1,999 ($91,000-$103,999)"
Hamilton - Broadmeadow,0,0,0,6,0,0,0,8,5,11,9,25,5,3,72,1841.319444,1841,"$1,750-$1,999 ($91,000-$103,999)"
Lambton - New Lambton,3,0,0,0,0,0,6,6,10,9,15,37,10,16,112,2108.258929,2108,"$2,000-$2,999 ($104,000-$155,999)"
Maryland - Fletcher - Minmi,0,0,0,0,0,4,3,5,13,18,28,42,5,3,121,1932.644628,1932,"$1,750-$1,999 ($91,000-$103,999)"
Mayfield - Warabrook,0,0,0,0,4,3,7,11,13,19,21,45,3,4,130,1788.653846,1788,"$1,750-$1,999 ($91,000-$103,999)"
Merewether - The Junction,0,0,0,0,0,0,3,8,14,8,13,32,11,5,94,2018.085106,2018,"$2,000-$2,999 ($104,000-$155,999)"
Newcastle - Cooks Hill,0,3,0,0,0,4,3,4,9,21,13,38,7,6,108,1896.064815,1896,"$1,750-$1,999 ($91,000-$103,999)"
Newcastle Port - Kooragang,0,0,0,0,0,0,0,0,0,0,0,0,0,0,0,0,0,0
Shortland - Jesmond,0,0,0,0,8,0,9,9,15,10,10,20,0,0,81,1508.641975,1508,"$1,500-$1,749 ($78,000-$90,999)"
Stockton - Fullerton Cove,0,0,0,0,0,0,0,8,0,10,4,14,3,0,39,1826.923077,1826,"$1,750-$1,999 ($91,000-$103,999)"
Wallsend - Elermore Vale,0,0,4,3,4,0,5,7,12,23,22,46,6,9,141,1869.148936,1869,"$1,750-$1,999 ($91,000-$103,999)"
Waratah - North Lambton,0,0,0,6,3,0,9,10,13,17,13,32,4,3,110,1684.318182,1684,"$1,500-$1,749 ($78,000-$90,999)"
Wickham - Carrington - Tighes Hill,0,0,0,0,0,0,0,4,4,13,4,29,6,0,60,1916.666667,1916,"$1,750-$1,999 ($91,000-$103,999)"
Ballina,0,0,0,0,3,4,0,0,0,3,3,11,4,0,28,1808.035714,1808,"$1,750-$1,999 ($91,000-$103,999)"
Ballina Surrounds,0,0,0,5,0,0,4,10,5,5,11,13,3,3,59,1766.525424,1766,"$1,750-$1,999 ($91,000-$103,999)"
Bangalow,0,0,0,0,0,0,0,0,0,0,8,5,0,3,16,2492.1875,2492,"$2,000-$2,999 ($104,000-$155,999)"
Brunswick Heads - Ocean Shores,0,0,0,0,0,0,6,0,10,11,5,13,6,0,51,1831.372549,1831,"$1,750-$1,999 ($91,000-$103,999)"
Byron Bay,0,0,0,0,0,5,0,3,6,8,7,8,3,14,54,2212.962963,2212,"$2,000-$2,999 ($104,000-$155,999)"
Evans Head,0,0,0,0,0,0,0,0,0,0,3,0,0,0,3,2500,2500,"$2,000-$2,999 ($104,000-$155,999)"
Lennox Head - Skennars Head,0,0,0,0,0,0,8,0,4,4,0,6,3,5,30,1923.333333,1923,"$1,750-$1,999 ($91,000-$103,999)"
Mullumbimby,0,0,5,0,0,0,5,0,6,7,3,3,0,8,37,1810.810811,1810,"$1,750-$1,999 ($91,000-$103,999)"
Casino,0,0,0,0,0,0,0,5,0,0,3,0,0,0,8,1640.625,1640,"$1,500-$1,749 ($78,000-$90,999)"
Casino Surrounds,0,0,0,0,0,0,0,0,0,0,0,0,0,0,0,0,0,0
Goonellabah,0,0,0,0,0,0,3,4,9,12,4,7,0,0,39,1594.871795,1594,"$1,500-$1,749 ($78,000-$90,999)"
Kyogle,0,0,0,0,0,0,0,0,0,0,0,4,0,0,4,1875,1875,"$1,750-$1,999 ($91,000-$103,999)"
Lismore,0,0,0,0,0,6,4,9,3,10,8,15,0,0,55,1574.090909,1574,"$1,500-$1,749 ($78,000-$90,999)"
Lismore Surrounds,0,0,4,0,0,0,0,0,3,5,4,16,6,10,48,2253.125,2253,"$2,000-$2,999 ($104,000-$155,999)"
Kingscliff - Fingal Head,0,0,0,0,3,0,4,4,8,8,7,13,0,15,62,2067.741935,2067,"$2,000-$2,999 ($104,000-$155,999)"
Murwillumbah,0,0,0,0,0,0,0,5,0,3,0,3,0,0,11,1465.909091,1465,"$1,250-$1,499 ($65,000-$77,999)"
Murwillumbah Surrounds,0,0,0,0,0,0,0,3,3,4,3,6,0,0,19,1723.684211,1723,"$1,500-$1,749 ($78,000-$90,999)"
Pottsville,0,0,0,0,0,0,4,3,6,5,4,13,0,0,35,1649.285714,1649,"$1,500-$1,749 ($78,000-$90,999)"
Tweed Heads,0,0,0,0,3,3,3,3,9,5,5,8,4,4,47,1807.978723,1807,"$1,750-$1,999 ($91,000-$103,999)"
Banora Point,0,0,0,0,3,0,5,3,9,4,5,5,0,5,39,1739.74359,1739,"$1,500-$1,749 ($78,000-$90,999)"
Terranora - North Tumbulgum,0,0,0,0,0,0,0,0,0,0,0,0,0,0,0,0,0,0
Tweed Heads South,0,0,0,0,0,0,3,0,4,6,0,3,7,0,23,2014.130435,2014,"$2,000-$2,999 ($104,000-$155,999)"
Griffith (NSW),0,0,0,0,3,0,6,4,7,4,4,9,0,0,37,1476.351351,1476,"$1,250-$1,499 ($65,000-$77,999)"
Griffith Surrounds,0,0,0,0,0,0,0,0,0,0,0,0,0,0,0,0,0,0
Leeton,0,3,0,0,0,0,0,0,4,3,0,3,0,0,13,1282.692308,1282,"$1,250-$1,499 ($65,000-$77,999)"
Narrandera,0,0,0,0,0,0,0,0,0,4,0,0,0,0,4,1625,1625,"$1,500-$1,749 ($78,000-$90,999)"
Tumbarumba,0,0,0,0,0,0,0,0,0,0,0,0,0,0,0,0,0,0
Tumut,0,0,0,0,0,0,0,0,0,6,0,0,0,0,6,1625,1625,"$1,500-$1,749 ($78,000-$90,999)"
Tumut Surrounds,0,0,0,0,0,0,0,0,0,0,0,0,0,0,0,0,0,0
Cootamundra,0,0,0,0,0,0,0,3,0,3,0,4,0,0,10,1575,1575,"$1,500-$1,749 ($78,000-$90,999)"
Gundagai,0,0,0,0,0,0,0,0,0,0,0,0,0,0,0,0,0,0
Junee,0,0,0,0,0,0,0,0,0,0,0,0,0,0,0,0,0,0
Temora,0,0,0,0,0,0,0,0,0,0,0,0,0,0,0,0,0,0
Wagga Wagga - East,0,0,0,0,0,3,6,5,4,13,6,8,0,0,45,1551.666667,1551,"$1,500-$1,749 ($78,000-$90,999)"
Wagga Wagga - North,0,0,0,0,0,0,0,0,0,4,4,7,5,0,20,2293.75,2293,"$2,000-$2,999 ($104,000-$155,999)"
Wagga Wagga - South,0,0,0,0,0,0,3,5,12,11,6,19,0,0,56,1666.517857,1666,"$1,500-$1,749 ($78,000-$90,999)"
Wagga Wagga - West,0,0,0,0,0,5,0,12,4,0,9,3,5,0,38,1763.157895,1763,"$1,750-$1,999 ($91,000-$103,999)"
Wagga Wagga Surrounds,0,0,0,0,0,0,3,4,0,4,4,5,0,0,20,1653.75,1653,"$1,500-$1,749 ($78,000-$90,999)"
Berry - Kangaroo Valley,0,0,0,0,0,0,0,4,3,0,0,9,0,3,19,1894.736842,1894,"$1,750-$1,999 ($91,000-$103,999)"
Callala Bay - Currarong,0,0,0,0,0,0,0,0,0,0,0,7,0,0,7,1875,1875,"$1,750-$1,999 ($91,000-$103,999)"
Culburra Beach,0,0,0,0,0,0,0,0,0,0,0,0,6,0,6,3250,3250,"$3,000-$3,499 ($156,000-$181,999)"
Ettrema - Sassafras - Budawang,0,0,0,0,0,0,0,0,0,0,0,0,0,0,0,0,0,0
Huskisson - Vincentia,0,0,0,0,0,0,0,0,0,3,0,8,4,0,15,2191.666667,2191,"$2,000-$2,999 ($104,000-$155,999)"
North Nowra - Bomaderry,0,0,0,0,0,0,4,6,9,3,4,15,0,9,50,1944.5,1944,"$1,750-$1,999 ($91,000-$103,999)"
Nowra,0,0,0,0,0,0,0,5,7,3,10,12,0,0,37,1827.702703,1827,"$1,750-$1,999 ($91,000-$103,999)"
St Georges Basin - Erowal Bay,0,3,0,0,0,0,0,0,0,3,0,3,0,0,9,1241.666667,1241,"$1,000-$1,249 ($52,000-$64,999)"
Sussex Inlet - Berrara,0,0,0,0,0,0,0,0,0,0,0,0,0,0,0,0,0,0
Tomerong - Wandandian - Woollamia,0,0,0,0,0,0,0,6,0,0,3,0,3,0,12,2000,2000,"$2,000-$2,999 ($104,000-$155,999)"
Ulladulla,0,0,0,0,6,0,4,3,0,0,0,7,0,11,31,2001.612903,2001,"$2,000-$2,999 ($104,000-$155,999)"
Ulladulla Surrounds,0,0,0,0,0,0,3,0,4,0,0,4,0,0,11,1427.272727,1427,"$1,250-$1,499 ($65,000-$77,999)"
Bowral,0,0,0,0,0,0,0,3,8,5,5,8,5,26,60,2620.833333,2620,"$2,000-$2,999 ($104,000-$155,999)"
Hill Top - Colo Vale,0,0,0,0,0,0,0,0,5,0,5,4,0,0,14,1919.642857,1919,"$1,750-$1,999 ($91,000-$103,999)"
Mittagong,0,0,0,0,0,0,3,3,3,6,5,13,3,9,45,2179.444444,2179,"$2,000-$2,999 ($104,000-$155,999)"
Moss Vale - Berrima,0,0,0,0,0,0,0,3,4,3,7,8,3,10,38,2394.736842,2394,"$2,000-$2,999 ($104,000-$155,999)"
Robertson - Fitzroy Falls,0,0,0,0,0,0,0,5,0,0,3,4,0,5,17,2242.647059,2242,"$2,000-$2,999 ($104,000-$155,999)"
Southern Highlands,0,0,0,0,4,0,0,4,3,6,0,9,4,5,35,1944.285714,1944,"$1,750-$1,999 ($91,000-$103,999)"
