INCP Total Personal Income (weekly) / SA2,"$1-$149 ($1-$7,799)","$150-$299 ($7,800-$15,599)","$300-$399 ($15,600-$20,799)","$400-$499 ($20,800-$25,999)","$500-$649 ($26,000-$33,799)","$650-$799 ($33,800-$41,599)","$800-$999 ($41,600-$51,999)","$1,000-$1,249 ($52,000-$64,999)","$1,250-$1,499 ($65,000-$77,999)","$1,500-$1,749 ($78,000-$90,999)","$2,000-$2,999 ($104,000-$155,999)","$1,750-$1,999 ($91,000-$103,999)","$3,000-$3,499 ($156,000-$181,999)","$3,500 or more ($182,000 or more)",Total,Averange
Braidwood,129,185,320,320,281,265,286,320,224,200,287,151,59,109,3136,1111.375957
Karabar,169,290,419,478,407,434,539,686,577,589,612,396,98,126,5820,1207.508591
Queanbeyan,186,282,571,715,595,695,893,1080,879,742,941,550,116,185,8430,1220.204626
Queanbeyan - East,107,125,196,245,202,263,416,514,399,397,450,297,72,118,3801,1314.680347
Queanbeyan West - Jerrabomberra,365,351,364,400,431,451,606,805,791,873,1643,707,387,692,8866,1585.686894
Googong,85,104,79,100,117,139,215,348,367,492,914,483,183,237,3863,1753.682371
Queanbeyan Surrounds,433,464,484,594,673,654,874,1120,1019,1078,1911,850,435,825,11414,1516.267303
Bombala,54,92,191,188,170,194,170,169,142,124,91,83,9,37,1714,989.7024504
Cooma,159,242,456,516,454,436,501,493,381,294,391,229,97,126,4775,1090.17801
Cooma Surrounds,87,138,237,243,202,193,209,248,214,163,220,147,65,99,2465,1174.665314
Jindabyne - Berridale,309,325,512,589,821,1070,1134,1090,743,685,854,564,221,620,9537,1284.547027
Batemans Bay,205,443,885,798,742,648,641,614,397,272,243,172,53,78,6191,857.8783718
Batemans Bay - South,280,424,846,831,738,648,719,660,423,336,330,264,86,133,6718,932.24546
Bega - Tathra,270,387,649,699,688,647,667,740,486,350,352,239,53,115,6342,959.6933144
Bega-Eden Hinterland,312,472,880,891,759,671,683,657,428,317,297,226,57,74,6724,866.9541939
Broulee - Tomakin,131,152,302,302,275,275,286,307,241,186,176,124,45,89,2891,1041.0844
Deua - Wadbilliga,0,0,6,6,0,0,0,0,4,0,0,0,0,0,16,643.75
Eden,94,181,352,336,281,261,256,231,142,95,89,70,18,18,2424,820.1835809
Eurobodalla Hinterland,113,184,312,290,255,261,271,276,181,118,110,91,18,58,2538,917.0902285
Merimbula - Tura Beach,351,476,1033,1015,1007,862,901,998,573,507,500,346,77,176,8822,959.657674
Moruya - Tuross Head,248,397,902,853,757,621,641,684,406,321,263,183,49,96,6421,874.4938483
Narooma - Bermagui,320,510,985,1177,932,786,734,674,406,341,280,200,54,110,7509,837.0788387
Goulburn,600,977,1670,1943,1696,1588,1833,1923,1392,1142,1267,799,168,251,17249,1015.892226
Goulburn Surrounds,426,533,922,989,835,845,894,1025,667,651,701,456,162,321,9427,1082.274318
Yass,191,243,338,411,380,415,450,528,378,424,488,294,90,85,4715,1158.138918
Yass Surrounds,386,420,487,463,554,547,668,876,677,765,1263,675,312,575,8668,1433.744808
Young,263,466,838,952,721,756,865,808,482,359,333,245,68,108,7264,913.1952093
Young Surrounds,178,319,653,707,493,481,522,532,346,304,269,182,64,120,5170,956.2524178
Avoca Beach - Copacabana,292,275,360,346,489,422,467,493,411,367,596,323,144,396,5381,1308.056123
Box Head - MacMasters Beach,312,417,724,777,842,676,683,676,623,522,803,446,187,447,8135,1203.515673
Calga - Kulnura,131,185,292,311,354,254,348,348,230,231,260,159,64,141,3308,1126.73821
Erina - Green Point,482,606,1078,1117,1174,898,823,865,717,588,787,493,228,465,10321,1094.285922
Gosford - Springfield,499,786,1342,1523,1519,1423,1575,1798,1297,1036,1199,833,272,367,15469,1093.116879
Kariong,201,250,325,335,335,425,443,523,339,358,431,252,82,85,4384,1137.20917
Kincumber - Picketts Valley,183,337,551,629,612,497,469,518,360,316,415,237,71,123,5318,1021.840918
Narara,219,270,420,417,431,428,531,536,443,351,458,289,79,83,4955,1102.820383
Niagara Park - Lisarow,252,330,463,517,505,486,553,572,498,390,541,317,100,144,5668,1123.173959
Point Clare - Koolewong,233,270,453,436,403,407,408,434,316,331,446,263,92,150,4642,1124.456053
Saratoga - Davistown,244,265,464,500,489,448,448,559,402,319,474,279,112,127,5130,1109.381092
Terrigal - North Avoca,429,475,739,678,918,902,919,1056,855,710,1179,637,305,734,10536,1322.247532
Umina - Booker Bay - Patonga,660,1014,1913,2101,2018,1683,1623,1611,1194,969,1261,748,292,536,17623,1029.485615
Wamberal - Forresters Beach,331,369,582,578,622,629,656,726,552,520,797,443,210,433,7448,1264.446831
Woy Woy - Blackwall,369,618,1233,1545,1097,941,940,998,708,563,688,393,152,225,10470,974.4054441
Wyoming,284,492,853,901,791,714,774,841,658,444,494,362,94,105,7807,981.7087229
Bateau Bay - Killarney Vale,566,808,1539,1890,1723,1452,1548,1676,1219,995,1028,777,159,204,15584,993.7211242
Blue Haven - San Remo,244,436,861,864,742,749,919,934,633,400,311,276,47,28,7444,902.7673294
Budgewoi - Buff Point - Halekulani,229,391,894,869,854,677,675,734,427,384,369,252,57,70,6882,909.7064807
Chittaway Bay - Tumbi Umbi,424,604,973,1069,1118,1052,1166,1283,971,820,802,562,151,238,11233,1062.73925
Gorokan - Kanwal - Charmhaven,477,984,1953,2074,1686,1503,1640,1689,1094,772,590,520,105,101,15188,869.9483145
Jilliby - Yarramalong,118,142,229,182,196,182,205,227,214,179,240,131,64,138,2447,1229.720065
Lake Munmorah - Mannering Park,252,407,1298,1005,1065,759,736,786,505,369,359,248,54,72,7915,860.4327227
Ourimbah - Fountaindale,156,190,269,256,319,317,351,376,293,261,331,165,61,103,3448,1142.278132
Summerland Point - Gwandalan,149,284,578,548,466,454,455,525,340,254,243,177,41,61,4575,937.1748634
The Entrance,404,694,1353,1451,1346,1121,1176,1170,772,623,674,491,123,207,11605,954.5906937
Toukley - Norah Head,266,413,907,988,812,703,725,686,468,341,341,270,76,117,7113,912.220582
Tuggerah - Kangy Angy,145,182,292,329,356,346,420,395,289,260,293,189,38,70,3604,1069.714206
Warnervale - Wadalba,522,676,1098,1145,1288,1180,1362,1462,1111,937,1085,704,197,180,12947,1074.414922
Wyong,201,429,784,821,683,608,638,665,465,302,280,201,41,80,6198,892.4733785
Bathurst - East,407,411,725,682,710,771,900,904,669,592,686,463,97,147,8164,1074.549853
Bathurst Surrounds,221,245,408,435,381,384,461,482,410,312,449,260,65,120,4633,1117.391539
Oberon,100,210,309,372,289,269,339,360,255,242,219,125,21,71,3181,1019.836529
Bathurst - South,225,462,767,1016,843,716,875,803,596,432,477,307,77,114,7710,970.1750973
Bathurst - West,412,468,756,861,813,847,1047,1133,859,763,921,610,132,187,9809,1125.239576
Condobolin,149,299,481,495,350,375,412,399,274,212,231,165,45,79,3966,956.4359556
Cowra,240,434,894,922,714,638,679,698,410,281,268,190,40,73,6481,855.5817004
Cowra Surrounds,150,254,594,548,368,353,388,391,214,224,181,114,30,69,3878,887.8287777
Forbes,274,372,750,722,656,654,716,719,495,374,414,267,79,146,6638,992.4713769
Grenfell,102,167,339,406,267,244,225,239,157,111,111,69,35,38,2510,875.7968127
Parkes (NSW),272,424,811,863,683,654,781,733,539,469,600,383,90,133,7435,1030.501009
Parkes Surrounds,81,140,267,276,202,181,190,206,142,125,119,92,18,36,2075,943.7228916
West Wyalong,149,204,394,398,349,360,393,423,261,249,331,173,54,88,3826,1062.258233
Lithgow,312,580,1047,1283,899,751,788,729,528,455,534,320,121,176,8523,950.1407955
Lithgow Surrounds,231,356,695,687,543,549,491,604,411,327,458,281,66,170,5869,1032.433123
Mudgee,301,420,747,938,839,786,839,820,600,508,912,426,234,318,8688,1166.350138
Mudgee Surrounds - East,88,199,372,409,254,200,193,176,117,79,111,72,25,41,2336,836.8471747
Mudgee Surrounds - West,282,447,855,885,678,643,690,667,419,385,574,312,177,209,7223,1048.750519
Wollangambe - Wollemi,0,0,0,0,0,0,0,0,0,0,0,0,0,0,0,#DIV/0!
Blayney,228,276,454,509,436,429,500,531,379,339,439,247,77,116,4960,1081.678427
Orange,510,693,1235,1560,1405,1155,1338,1461,1012,811,1041,669,225,354,13469,1066.003415
Orange - North,596,774,1141,1177,1174,1223,1468,1729,1343,1205,1682,933,344,409,15198,1203.087577
Orange Surrounds,320,428,667,653,679,624,731,885,617,573,750,393,165,352,7837,1187.134745
Grafton,474,838,1859,1820,1590,1342,1417,1352,774,650,584,380,82,149,13311,860.8106078
Grafton Surrounds,479,827,1756,1529,1132,1036,1126,1053,607,495,469,354,63,115,11041,833.9077076
Maclean - Yamba - Iluka,505,930,2086,2039,1697,1370,1335,1178,747,568,528,390,105,207,13685,837.2433321
Bellingen,202,296,453,479,446,429,426,394,269,212,234,173,43,60,4116,928.9297862
Coffs Harbour - North,500,891,1464,1595,1559,1282,1356,1401,873,675,575,489,97,206,12963,908.6168325
Coffs Harbour - South,302,501,956,992,922,780,833,812,519,384,401,278,77,135,7892,919.8365433
Coramba - Nana Glen - Bucca,122,149,336,258,277,247,323,317,204,148,175,86,31,35,2708,961.9830133
Dorrigo,89,184,338,351,286,234,226,181,109,81,77,55,14,34,2259,799.9446658
Korora - Emerald Beach,350,434,591,570,629,655,725,793,553,504,667,370,162,261,7264,1149.373623
Sawtell - Boambee,585,855,1777,1661,1593,1422,1589,1584,996,757,811,540,118,203,14491,931.4954109
Urunga,152,241,520,474,452,358,357,349,227,193,179,130,26,45,3703,878.557926
Woolgoolga - Arrawarra,381,610,1239,1197,1262,1192,1241,1152,631,591,505,371,86,121,10579,910.2939786
Bourke - Brewarrina,62,134,209,206,171,182,227,226,200,144,170,102,45,64,2142,1113.433707
Cobar,82,118,217,293,186,151,234,252,191,226,372,190,81,94,2687,1287.458132
Coonamble,69,135,293,324,223,207,259,258,177,140,127,99,28,56,2395,979.7703549
Nyngan - Warren,105,163,302,362,269,273,322,339,243,225,236,147,53,76,3115,1072.407705
Walgett - Lightning Ridge,99,246,473,526,293,278,301,299,207,178,163,121,46,70,3300,922.75
Broken Hill,403,778,1448,1829,1221,1022,1050,1115,796,720,981,607,155,189,12314,990.571707
Far West,47,115,198,194,174,128,141,168,124,90,98,75,14,52,1618,1004.094561
Coonabarabran,173,373,729,730,546,462,486,500,292,225,226,147,39,90,5018,872.6285373
Dubbo - East,239,348,582,664,643,600,869,903,650,470,511,342,98,129,7048,1070.895999
Dubbo - South,460,619,919,1172,1041,1162,1584,1768,1236,996,1191,707,158,252,13265,1122.885413
Dubbo - West,204,340,585,616,575,590,763,888,550,501,492,335,107,161,6707,1096.999404
Dubbo Surrounds,152,198,320,333,287,326,402,433,331,274,346,217,60,100,3779,1133.990474
Gilgandra,97,194,355,361,322,290,293,311,181,129,119,95,22,41,2810,888.158363
Narromine,150,239,428,431,346,345,411,470,287,243,237,176,52,61,3876,993.5500516
Wellington,176,359,698,693,537,434,569,492,340,286,237,242,26,55,5144,893.2056765
Branxton - Greta - Pokolbin,302,414,655,652,686,746,860,885,664,596,1057,505,263,332,8617,1256.933968
Cessnock,485,984,1965,2214,1707,1441,1490,1573,930,686,855,521,149,166,15166,900.1598971
Cessnock Surrounds,267,347,633,666,585,567,617,609,458,412,492,282,110,211,6256,1080.758472
Dungog,234,405,724,809,683,613,632,694,462,418,478,294,118,202,6766,1044.054833
Kurri Kurri - Abermain,387,826,1630,1670,1443,1336,1573,1663,1103,754,828,516,128,116,13973,946.3357905
Singleton,445,607,917,1078,946,1040,1140,1107,779,733,1393,617,374,401,11577,1214.99093
Singleton Surrounds,177,223,305,299,278,287,304,303,229,193,425,175,106,160,3464,1215.581697
Maitland,187,307,541,520,537,472,607,681,525,401,479,311,102,137,5807,1108.141037
Maitland - North,314,309,441,457,454,445,526,598,408,434,792,349,162,275,5964,1269.705734
East Maitland - Metford,518,709,1208,1283,1220,1063,1268,1395,980,833,1047,619,198,237,12578,1060.067181
Rutherford (North) - Aberglasslyn,542,589,1083,1092,1029,1108,1210,1332,942,733,1016,612,234,239,11761,1088.085622
Rutherford (South) - Telarah,154,329,613,576,520,534,634,662,437,288,305,227,61,43,5383,959.7947241
Tenambit - East Maitland,260,376,771,817,737,629,760,756,509,486,582,310,98,130,7221,1032.443567
Thornton - Millers Forest,436,493,742,716,882,852,1125,1319,1018,933,1102,765,164,197,10744,1179.681683
Anna Bay,211,286,660,514,571,512,372,450,278,241,274,191,59,85,4704,933.0994898
Lemon Tree Passage - Tanilba Bay,162,318,762,704,607,493,424,434,282,235,231,147,24,49,4872,844.7762726
Nelson Bay Peninsula,719,946,1980,1986,1926,1626,1532,1556,1008,878,992,608,190,449,16396,969.1891315
Raymond Terrace,324,642,1166,1270,1093,958,1042,1195,735,547,408,361,56,66,9863,888.4644631
Seaham - Woodville,187,188,293,283,281,371,374,426,328,280,452,207,91,134,3895,1212.195122
Tea Gardens - Hawks Nest,183,326,773,599,591,456,385,332,245,199,178,135,46,104,4552,854.4540861
Williamtown - Medowie - Karuah,444,584,1069,938,914,841,950,1131,781,720,827,546,143,153,10041,1051.585997
Muswellbrook,318,484,744,766,712,625,724,762,467,529,973,402,222,189,7917,1159.558545
Muswellbrook Surrounds,114,154,232,247,240,227,255,298,216,144,361,141,68,76,2773,1185.629282
Scone,160,216,387,370,376,390,450,470,291,252,437,197,87,113,4196,1130.838894
Scone Surrounds,225,359,617,616,504,457,572,649,358,345,458,207,114,108,5589,1036.205046
Dapto - Avondale,586,1072,1981,2159,1734,1625,1688,1820,1256,1039,1081,740,149,172,17102,952.1430242
Horsley - Kembla Grange,337,368,584,649,655,714,803,954,796,644,842,503,161,141,8151,1165.577843
Port Kembla Industrial,0,0,0,0,0,0,3,0,0,0,0,0,0,0,3,900
Unanderra - Mount Kembla,451,693,1018,1103,865,887,962,1030,820,732,1038,606,199,289,10693,1114.177499
Berkeley - Lake Heights - Cringila,348,749,1384,1348,1014,835,941,951,605,454,440,328,58,75,9530,852.7229801
Port Kembla - Warrawong,188,514,1003,1112,701,591,658,610,355,316,322,225,75,64,6734,859.4371844
Windang - Primbee,97,176,409,405,405,249,277,301,196,164,176,118,28,38,3039,919.6610727
Illawarra Catchment Reserve,0,0,0,0,0,0,0,0,0,0,0,0,0,0,0,#DIV/0!
Albion Park - Macquarie Pass,499,612,1033,1011,1098,1149,1325,1565,1225,992,1242,732,213,161,12857,1123.026367
Albion Park Rail,151,304,607,755,461,469,522,537,368,292,221,177,39,28,4931,892.4305415
Kiama,254,355,574,594,639,542,551,695,455,453,607,319,166,238,6442,1157.272586
Kiama Downs - Minnamurra,218,210,348,327,362,343,382,425,330,292,512,270,84,144,4247,1201.506946
Kiama Hinterland - Gerringong,251,299,550,483,577,511,501,584,414,403,594,333,156,342,5998,1224.341447
Shellharbour - Flinders,553,661,1179,1085,1134,1185,1224,1406,995,927,1500,780,323,387,13339,1182.762951
Shellharbour - Oak Flats,244,419,896,875,798,744,736,802,553,469,533,330,80,132,7611,995.7397188
Warilla,411,1022,2097,1933,1593,1264,1408,1357,892,748,677,512,98,124,14136,872.7911007
Balgownie - Fairy Meadow,585,935,1626,1737,1506,1275,1340,1445,1086,973,1402,786,312,467,15475,1093.930533
Corrimal - Tarrawanna - Bellambi,405,672,1218,1327,1045,994,1000,1106,859,770,1007,626,180,223,11432,1063.674335
Figtree - Keiraville,733,1050,1467,1423,1521,1257,1338,1494,1121,1065,1550,875,330,549,15773,1134.692196
Helensburgh,244,275,367,380,494,467,520,614,520,499,829,447,201,290,6147,1344.680332
Thirroul - Austinmer - Coalcliff,371,433,523,556,641,620,649,673,677,631,1092,521,310,735,8432,1418.515773
Woonona - Bulli - Russell Vale,565,722,1278,1588,1211,1076,1127,1307,1005,1032,1712,870,394,624,14511,1224.067948
Wollongong - East,303,601,1019,1123,1214,1069,1209,1434,1142,1026,1259,696,238,457,12790,1192.914386
Wollongong - West,440,766,1270,1137,1167,1059,1124,1287,946,840,967,589,224,309,12125,1076.857732
Bulahdelah - Stroud,132,245,535,519,384,340,326,327,192,153,200,118,26,74,3571,893.8042565
Forster,474,671,1596,1655,1425,1084,1111,974,623,472,434,313,89,193,11114,850.3734029
Forster-Tuncurry Surrounds,224,387,718,632,607,501,430,448,286,236,227,172,52,147,5067,906.4683245
Tuncurry,165,352,872,956,679,478,431,399,215,146,123,108,29,41,4994,737.1545855
Kempsey,360,744,1474,1632,1166,988,1035,933,511,378,306,256,38,79,9900,785.2979798
Kempsey Surrounds,267,517,960,1000,719,671,713,581,397,326,268,217,47,90,6773,847.1615237
Macksville - Scotts Head,145,321,595,600,423,336,389,322,190,146,136,99,14,51,3767,798.685957
Nambucca Heads,156,446,898,923,782,476,457,389,246,169,142,91,26,41,5242,734.810187
Nambucca Heads Surrounds,256,446,842,818,671,512,548,490,312,234,220,168,36,71,5624,822.1150427
South West Rocks,168,309,786,644,526,454,369,388,251,195,185,122,38,63,4498,832.4755447
Lord Howe Island,3,24,13,15,31,27,45,44,44,34,18,15,7,4,324,1141.820988
Laurieton - Bonny Hills,534,999,2244,1923,1884,1414,1371,1213,801,583,592,435,101,144,14238,828.7101419
Port Macquarie - West,521,906,1980,1983,1814,1525,1698,1620,1014,772,723,536,121,261,15474,910.924777
Port Macquarie Surrounds,147,273,468,420,393,381,371,388,247,172,170,120,36,62,3648,904.8725329
Wauchope,368,569,1169,1077,909,918,950,926,641,446,388,307,58,126,8852,894.2216448
Port Macquarie - East,395,526,850,857,1060,863,887,948,682,550,681,466,166,296,9227,1074.493335
Port Macquarie - South,550,740,1628,1385,1367,1211,1217,1281,831,708,869,538,169,278,12772,986.364704
Gloucester,155,253,574,577,490,444,365,350,225,151,155,85,23,67,3914,834.4085335
Old Bar - Manning Point - Red Head,367,554,1237,1127,968,875,855,892,572,453,501,345,82,164,8992,925.1278915
Taree,525,1042,2160,2309,1819,1495,1471,1386,749,607,410,367,74,159,14573,796.5552735
Taree Surrounds,395,740,1609,1365,1094,932,907,808,520,370,363,239,66,138,9546,814.2625183
Wingham,125,259,546,582,414,422,443,355,198,141,124,86,15,26,3736,796.3329764
Albury - East,492,648,897,971,1107,1092,1323,1540,1159,988,1060,683,165,284,12409,1123.783141
Albury - North,282,441,730,852,714,705,840,879,600,418,371,299,50,84,7265,946.276669
Albury - South,299,399,571,720,670,718,929,865,650,532,648,408,140,293,7842,1144.456134
Albury Surrounds,378,400,798,790,728,750,862,976,661,573,516,349,99,172,8052,1030.480005
Lavington,322,705,1281,1406,1298,1140,1330,1255,790,526,376,341,48,64,10882,858.8425841
Hay,71,113,189,229,186,202,209,211,133,119,97,82,31,35,1907,982.9968537
Wentworth - Buronga,170,271,558,442,368,386,465,481,275,265,251,181,49,93,4255,982.226792
Wentworth-Balranald Region,71,119,212,236,238,203,287,305,183,141,163,126,21,63,2368,1060.472973
Corowa,145,252,456,511,473,389,457,428,256,244,153,112,26,37,3939,878.12262
Corowa Surrounds,192,324,643,583,472,452,554,577,354,279,203,183,39,56,4911,903.0798208
Deniliquin,190,285,556,580,519,474,480,554,353,283,256,192,43,74,4839,945.5052697
Deniliquin Surrounds,187,305,516,548,484,438,472,485,307,232,170,157,45,95,4441,917.2202207
Moama,201,263,600,532,492,429,451,508,337,312,317,204,46,101,4793,989.6411433
Tocumwal - Finley - Jerilderie,244,357,919,841,712,635,705,647,386,354,313,212,47,114,6486,904.8142152
Armidale,716,1064,1577,1548,1653,1462,1638,1718,1179,986,1227,765,214,347,16094,1031.084566
Armidale Surrounds - North,124,187,302,322,302,384,302,292,169,131,133,95,27,67,2837,927.8991893
Armidale Surrounds - South,179,218,443,509,384,384,455,469,295,243,267,175,36,73,4130,980.9987893
Walcha,76,165,239,220,185,216,231,238,137,120,93,87,21,62,2090,970.5023923
Glen Innes,237,473,999,949,604,549,624,563,312,218,230,171,36,88,6053,816.9626631
Inverell,292,507,989,1080,803,823,1031,970,562,389,335,250,43,97,8171,885.5770408
Inverell Surrounds - East,168,337,522,544,326,304,345,318,163,115,105,68,24,50,3389,780.7686633
Inverell Surrounds - West,153,272,602,619,391,365,389,340,189,160,158,108,27,44,3817,823.4477338
Tenterfield,251,456,794,795,592,446,439,367,214,198,156,123,36,74,4941,777.4590164
Moree,140,253,484,470,434,394,545,577,411,335,353,261,79,131,4867,1093.029587
Moree Surrounds,105,157,254,282,257,219,274,343,256,220,182,146,55,97,2847,1108.017211
Narrabri,160,238,449,427,428,427,535,565,378,335,427,252,90,109,4820,1113.231328
Narrabri Surrounds,111,171,303,274,286,230,283,312,214,190,185,139,33,63,2794,1026.100573
Gunnedah,205,350,615,632,555,573,650,644,444,395,624,321,125,182,6315,1123.566904
Gunnedah Surrounds,96,164,288,280,269,232,257,292,198,184,290,151,72,88,2861,1144.687172
Quirindi,172,339,642,715,491,480,489,473,314,226,262,202,48,99,4952,923.5510905
Tamworth - East,534,790,1439,1513,1456,1395,1856,1991,1212,826,875,586,130,172,14775,980.0778342
Tamworth - North,356,551,979,1161,1034,1020,1284,1478,940,733,838,531,179,253,11337,1076.975831
Tamworth - West,111,264,459,388,370,346,531,497,195,142,94,81,9,35,3522,835.0653038
Tamworth Surrounds,519,810,1460,1475,1181,1185,1282,1454,973,773,925,545,160,250,12992,1004.237223
Belmont - Bennetts Green,521,719,1306,1428,1332,1122,1228,1356,986,827,1048,621,200,308,13002,1055.422243
Belmont South - Blacksmiths,154,248,519,550,471,402,407,416,278,234,235,157,61,82,4214,954.6037019
Charlestown - Dudley,660,861,1434,1808,1568,1497,1727,1887,1555,1315,1805,1006,343,484,17950,1153.5
Glendale - Cardiff - Hillsborough,666,885,1535,1702,1577,1390,1731,2033,1479,1311,1545,959,271,336,17420,1101.788175
Mount Hutton - Windale,230,451,819,1034,688,562,635,646,438,369,352,237,54,81,6596,903.1572165
Redhead,111,129,230,268,296,211,193,196,181,144,281,119,65,142,2566,1197.418161
Swansea - Caves Beach,380,522,1054,1102,883,796,816,864,579,535,703,431,143,255,9063,1036.119387
Valentine - Eleebana,425,478,688,734,753,715,745,904,612,634,1058,542,251,447,8986,1253.352437
Warners Bay - Boolaroo,451,559,975,1095,999,890,956,1105,894,712,1040,552,219,343,10790,1135.338276
Bolton Point - Teralba,246,406,759,794,712,631,745,765,524,437,446,287,90,98,6940,987.0317003
Bonnells Bay - Silverwater,256,424,724,723,690,647,747,781,468,417,435,275,91,113,6791,990.3696068
Edgeworth - Cameron Park,430,598,875,948,932,890,1212,1358,1005,853,1012,602,158,161,11034,1105.954323
Morisset - Cooranbong,487,730,1429,1455,1459,1201,1183,1244,917,712,806,570,120,188,12501,966.2546996
Toronto - Awaba,330,586,1140,1279,1127,947,936,1042,650,578,676,424,156,252,10123,1006.36175
Wangi Wangi - Rathmines,271,407,731,655,698,636,631,746,491,411,518,347,112,168,6822,1051.410877
West Wallsend - Barnsley - Killingworth,176,248,553,501,489,457,571,669,434,344,337,248,39,37,5103,996.771507
Adamstown - Kotara,493,570,896,1019,981,876,1060,1218,1010,899,1483,742,313,386,11946,1237.018667
Beresfield - Hexham,212,390,800,784,623,590,708,674,409,311,228,206,21,44,6000,860.6875
Hamilton - Broadmeadow,341,483,733,947,865,739,831,936,767,655,944,492,225,471,9429,1212.456252
Lambton - New Lambton,550,623,954,1104,1039,898,1146,1252,971,848,1397,754,320,576,12432,1236.798182
Maryland - Fletcher - Minmi,498,581,830,866,845,882,1098,1254,1012,866,1084,689,218,206,10929,1153.140727
Mayfield - Warabrook,307,582,1050,1323,1016,973,1109,1267,954,853,980,687,154,144,11399,1076.447495
Merewether - The Junction,457,467,605,740,804,734,876,1108,887,801,1247,649,382,1005,10762,1424.277551
Newcastle - Cooks Hill,266,397,576,658,727,672,881,1004,935,911,1331,668,343,779,10148,1440.860268
Newcastle Port - Kooragang,0,6,0,3,0,0,3,0,0,5,0,4,0,0,21,1001.190476
Shortland - Jesmond,303,683,1137,1035,971,790,883,917,607,412,327,267,40,44,8416,844.0767586
Stockton - Fullerton Cove,230,348,697,683,705,499,513,583,416,424,589,316,103,148,6254,1072.965302
Wallsend - Elermore Vale,540,842,1596,1964,1462,1282,1435,1601,1165,1026,1058,722,175,233,15101,1005.708231
Waratah - North Lambton,267,519,810,1072,884,823,935,993,772,646,799,477,113,140,9250,1062.343243
Wickham - Carrington - Tighes Hill,164,288,497,542,624,582,657,801,624,593,792,481,169,203,7017,1244.317372
Ballina,476,779,1598,1938,1688,1440,1579,1439,863,719,661,454,128,217,13979,910.7375349
Ballina Surrounds,588,741,1263,1447,1386,1283,1467,1454,937,808,885,582,161,342,13344,1020.127023
Bangalow,179,229,381,368,435,383,442,490,360,319,399,225,126,313,4649,1242.955474
Brunswick Heads - Ocean Shores,252,360,577,735,827,676,747,738,454,404,351,236,87,127,6571,978.3556536
Byron Bay,264,349,557,685,859,886,967,931,620,498,537,376,168,436,8133,1160.300627
Evans Head,186,241,602,522,499,447,431,372,296,207,169,122,24,44,4162,854.8294089
Lennox Head - Skennars Head,262,329,435,460,645,603,637,737,559,497,618,370,125,339,6616,1219.944075
Mullumbimby,225,354,640,743,746,636,597,558,413,270,288,190,68,161,5889,947.0793004
Casino,301,519,1180,1184,985,901,1063,943,467,311,204,183,27,67,8335,797.2645471
Casino Surrounds,197,373,727,726,482,439,556,507,247,188,161,116,20,73,4812,817.0563175
Goonellabah,370,525,1072,1252,993,1007,1204,1133,718,556,448,343,75,110,9806,920.495105
Kyogle,205,400,802,810,616,478,550,500,258,192,186,108,30,75,5210,806.7322457
Lismore,356,700,1193,1524,1359,1113,1272,1255,701,562,403,381,64,92,10975,871.214123
Lismore Surrounds,455,673,1114,1227,1154,1097,1141,1175,804,660,676,414,103,249,10942,985.7201608
Kingscliff - Fingal Head,472,622,977,1078,1135,952,1010,1060,751,681,911,513,210,450,10822,1116.508039
Murwillumbah,258,435,816,949,814,670,680,729,417,265,225,198,30,49,6535,829.7704667
Murwillumbah Surrounds,310,506,816,851,765,730,677,728,449,310,324,232,71,134,6903,908.148631
Pottsville,393,559,1041,986,1095,980,985,1014,710,565,623,412,98,177,9638,984.9605727
Tweed Heads,513,886,1774,2002,1872,1536,1557,1604,940,820,714,542,121,231,15112,912.0847671
Banora Point,497,732,1410,1624,1370,1181,1194,1197,854,627,570,436,92,141,11925,898.918239
Terranora - North Tumbulgum,116,127,218,191,206,212,198,249,196,173,186,137,44,60,2313,1104.842196
Tweed Heads South,198,381,1007,1139,930,624,674,561,350,269,153,145,25,53,6509,772.7684744
Griffith (NSW),481,703,1066,1161,1156,1399,2150,1993,1186,898,811,665,148,213,14030,1036.120813
Griffith Surrounds,306,392,649,724,725,779,1047,1139,749,552,514,370,78,184,8208,1056.597222
Leeton,293,365,586,666,597,678,853,851,526,411,395,271,65,100,6657,993.9612438
Narrandera,117,241,493,492,439,380,424,394,275,210,172,135,32,48,3852,904.5236241
Tumbarumba,93,130,257,263,229,205,237,221,187,170,148,114,38,53,2345,1028.944563
Tumut,164,265,514,644,443,412,466,438,319,245,317,220,46,68,4561,972.692392
Tumut Surrounds,129,168,329,367,311,288,323,328,238,219,252,143,55,84,3234,1060.327767
Cootamundra,187,334,790,783,563,494,565,556,300,236,244,158,83,112,5405,906.1794635
Gundagai,85,137,276,252,234,247,305,312,159,138,133,83,32,54,2447,985.0122599
Junee,118,173,423,405,398,342,449,477,288,222,205,172,52,41,3765,982.6958831
Temora,178,284,605,632,499,445,502,486,267,257,223,183,49,79,4689,917.5997014
Wagga Wagga - East,532,657,866,1017,1003,1031,1248,1394,1002,855,973,644,165,307,11694,1110.141953
Wagga Wagga - North,207,335,378,311,344,293,421,450,330,316,329,215,48,62,4039,1045.902451
Wagga Wagga - South,641,866,1248,1442,1337,1417,1747,1856,1261,1104,1123,812,168,266,15288,1054.415228
Wagga Wagga - West,280,569,844,982,914,981,1086,1135,710,567,612,401,117,214,9412,1029.125053
Wagga Wagga Surrounds,425,546,910,1110,960,1036,1447,1553,1066,853,815,628,146,263,11758,1087.525515
Berry - Kangaroo Valley,296,364,716,774,777,631,681,652,488,417,563,347,134,410,7250,1135.296552
Callala Bay - Currarong,182,156,320,318,333,267,212,281,200,158,161,136,34,75,2833,973.5527709
Culburra Beach,139,229,523,533,446,392,384,373,247,181,232,118,38,99,3934,939.431876
Ettrema - Sassafras - Budawang,0,0,13,10,0,3,6,3,0,0,5,0,0,0,40,812.5
Huskisson - Vincentia,132,173,362,374,370,295,340,358,284,260,332,188,67,166,3701,1154.674412
North Nowra - Bomaderry,484,714,1286,1374,1245,1120,1133,1100,793,697,705,501,109,214,11475,965.4509804
Nowra,554,913,1764,1856,1616,1445,1543,1571,1090,832,708,551,92,148,14683,906.0375945
St Georges Basin - Erowal Bay,365,632,1869,1583,1241,1072,1071,1024,609,437,460,373,47,91,10874,828.6624057
Sussex Inlet - Berrara,138,248,613,552,429,343,325,271,157,109,117,105,23,35,3465,779.6392496
Tomerong - Wandandian - Woollamia,126,146,305,235,289,252,247,279,195,176,185,113,22,52,2622,999.9427918
Ulladulla,553,858,1655,1662,1531,1314,1272,1187,782,568,529,412,100,245,12668,880.2158983
Ulladulla Surrounds,198,277,612,587,483,416,395,403,252,200,217,140,46,135,4361,926.9032332
Bowral,455,520,842,946,857,843,899,1020,696,612,886,449,287,754,10066,1243.016094
Hill Top - Colo Vale,146,216,361,399,382,427,477,525,391,339,335,241,60,62,4361,1078.760605
Mittagong,296,360,670,800,731,738,802,871,582,504,634,331,138,304,7761,1119.974874
Moss Vale - Berrima,335,372,639,775,695,707,762,836,560,494,559,347,130,251,7462,1091.074779
Robertson - Fitzroy Falls,124,158,210,227,227,221,250,268,200,202,274,137,62,250,2810,1302.268683
Southern Highlands,259,302,496,469,513,502,480,522,370,321,414,250,118,368,5384,1180.502415
