INCP Total Personal Income (weekly),"$1-$149 ($1-$7,799)","$1-$149 ($1-$7,799)","$1-$149 ($1-$7,799)","$1-$149 ($1-$7,799)","$1-$149 ($1-$7,799)","$1-$149 ($1-$7,799)","$1-$149 ($1-$7,799)","$1-$149 ($1-$7,799)","$150-$299 ($7,800-$15,599)","$150-$299 ($7,800-$15,599)","$150-$299 ($7,800-$15,599)","$150-$299 ($7,800-$15,599)","$150-$299 ($7,800-$15,599)","$150-$299 ($7,800-$15,599)","$150-$299 ($7,800-$15,599)","$150-$299 ($7,800-$15,599)","$300-$399 ($15,600-$20,799)","$300-$399 ($15,600-$20,799)","$300-$399 ($15,600-$20,799)","$300-$399 ($15,600-$20,799)","$300-$399 ($15,600-$20,799)","$300-$399 ($15,600-$20,799)","$300-$399 ($15,600-$20,799)","$300-$399 ($15,600-$20,799)","$400-$499 ($20,800-$25,999)","$400-$499 ($20,800-$25,999)","$400-$499 ($20,800-$25,999)","$400-$499 ($20,800-$25,999)","$400-$499 ($20,800-$25,999)","$400-$499 ($20,800-$25,999)","$400-$499 ($20,800-$25,999)","$400-$499 ($20,800-$25,999)","$500-$649 ($26,000-$33,799)","$500-$649 ($26,000-$33,799)","$500-$649 ($26,000-$33,799)","$500-$649 ($26,000-$33,799)","$500-$649 ($26,000-$33,799)","$500-$649 ($26,000-$33,799)","$500-$649 ($26,000-$33,799)","$500-$649 ($26,000-$33,799)","$650-$799 ($33,800-$41,599)","$650-$799 ($33,800-$41,599)","$650-$799 ($33,800-$41,599)","$650-$799 ($33,800-$41,599)","$650-$799 ($33,800-$41,599)","$650-$799 ($33,800-$41,599)","$650-$799 ($33,800-$41,599)","$650-$799 ($33,800-$41,599)","$800-$999 ($41,600-$51,999)","$800-$999 ($41,600-$51,999)","$800-$999 ($41,600-$51,999)","$800-$999 ($41,600-$51,999)","$800-$999 ($41,600-$51,999)","$800-$999 ($41,600-$51,999)","$800-$999 ($41,600-$51,999)","$800-$999 ($41,600-$51,999)","$1,000-$1,249 ($52,000-$64,999)","$1,000-$1,249 ($52,000-$64,999)","$1,000-$1,249 ($52,000-$64,999)","$1,000-$1,249 ($52,000-$64,999)","$1,000-$1,249 ($52,000-$64,999)","$1,000-$1,249 ($52,000-$64,999)","$1,000-$1,249 ($52,000-$64,999)","$1,000-$1,249 ($52,000-$64,999)","$1,250-$1,499 ($65,000-$77,999)","$1,250-$1,499 ($65,000-$77,999)","$1,250-$1,499 ($65,000-$77,999)","$1,250-$1,499 ($65,000-$77,999)","$1,250-$1,499 ($65,000-$77,999)","$1,250-$1,499 ($65,000-$77,999)","$1,250-$1,499 ($65,000-$77,999)","$1,250-$1,499 ($65,000-$77,999)","$1,500-$1,749 ($78,000-$90,999)","$1,500-$1,749 ($78,000-$90,999)","$1,500-$1,749 ($78,000-$90,999)","$1,500-$1,749 ($78,000-$90,999)","$1,500-$1,749 ($78,000-$90,999)","$1,500-$1,749 ($78,000-$90,999)","$1,500-$1,749 ($78,000-$90,999)","$1,500-$1,749 ($78,000-$90,999)","$1,750-$1,999 ($91,000-$103,999)","$1,750-$1,999 ($91,000-$103,999)","$1,750-$1,999 ($91,000-$103,999)","$1,750-$1,999 ($91,000-$103,999)","$1,750-$1,999 ($91,000-$103,999)","$1,750-$1,999 ($91,000-$103,999)","$1,750-$1,999 ($91,000-$103,999)","$1,750-$1,999 ($91,000-$103,999)","$2,000-$2,999 ($104,000-$155,999)","$2,000-$2,999 ($104,000-$155,999)","$2,000-$2,999 ($104,000-$155,999)","$2,000-$2,999 ($104,000-$155,999)","$2,000-$2,999 ($104,000-$155,999)","$2,000-$2,999 ($104,000-$155,999)","$2,000-$2,999 ($104,000-$155,999)","$2,000-$2,999 ($104,000-$155,999)","$3,000-$3,499 ($156,000-$181,999)","$3,000-$3,499 ($156,000-$181,999)","$3,000-$3,499 ($156,000-$181,999)","$3,000-$3,499 ($156,000-$181,999)","$3,000-$3,499 ($156,000-$181,999)","$3,000-$3,499 ($156,000-$181,999)","$3,000-$3,499 ($156,000-$181,999)","$3,000-$3,499 ($156,000-$181,999)","$3,500 or more ($182,000 or more)","$3,500 or more ($182,000 or more)","$3,500 or more ($182,000 or more)","$3,500 or more ($182,000 or more)","$3,500 or more ($182,000 or more)","$3,500 or more ($182,000 or more)","$3,500 or more ($182,000 or more)","$3,500 or more ($182,000 or more)"
2-digit level OCCP Occupation,"Professionals, nfd",Arts and Media Professionals,"Business, Human Resource and Marketing Professionals","Design, Engineering, Science and Transport Professionals",Education Professionals,Health Professionals,ICT Professionals,"Legal, Social and Welfare Professionals","Professionals, nfd",Arts and Media Professionals,"Business, Human Resource and Marketing Professionals","Design, Engineering, Science and Transport Professionals",Education Professionals,Health Professionals,ICT Professionals,"Legal, Social and Welfare Professionals","Professionals, nfd",Arts and Media Professionals,"Business, Human Resource and Marketing Professionals","Design, Engineering, Science and Transport Professionals",Education Professionals,Health Professionals,ICT Professionals,"Legal, Social and Welfare Professionals","Professionals, nfd",Arts and Media Professionals,"Business, Human Resource and Marketing Professionals","Design, Engineering, Science and Transport Professionals",Education Professionals,Health Professionals,ICT Professionals,"Legal, Social and Welfare Professionals","Professionals, nfd",Arts and Media Professionals,"Business, Human Resource and Marketing Professionals","Design, Engineering, Science and Transport Professionals",Education Professionals,Health Professionals,ICT Professionals,"Legal, Social and Welfare Professionals","Professionals, nfd",Arts and Media Professionals,"Business, Human Resource and Marketing Professionals","Design, Engineering, Science and Transport Professionals",Education Professionals,Health Professionals,ICT Professionals,"Legal, Social and Welfare Professionals","Professionals, nfd",Arts and Media Professionals,"Business, Human Resource and Marketing Professionals","Design, Engineering, Science and Transport Professionals",Education Professionals,Health Professionals,ICT Professionals,"Legal, Social and Welfare Professionals","Professionals, nfd",Arts and Media Professionals,"Business, Human Resource and Marketing Professionals","Design, Engineering, Science and Transport Professionals",Education Professionals,Health Professionals,ICT Professionals,"Legal, Social and Welfare Professionals","Professionals, nfd",Arts and Media Professionals,"Business, Human Resource and Marketing Professionals","Design, Engineering, Science and Transport Professionals",Education Professionals,Health Professionals,ICT Professionals,"Legal, Social and Welfare Professionals","Professionals, nfd",Arts and Media Professionals,"Business, Human Resource and Marketing Professionals","Design, Engineering, Science and Transport Professionals",Education Professionals,Health Professionals,ICT Professionals,"Legal, Social and Welfare Professionals","Professionals, nfd",Arts and Media Professionals,"Business, Human Resource and Marketing Professionals","Design, Engineering, Science and Transport Professionals",Education Professionals,Health Professionals,ICT Professionals,"Legal, Social and Welfare Professionals","Professionals, nfd",Arts and Media Professionals,"Business, Human Resource and Marketing Professionals","Design, Engineering, Science and Transport Professionals",Education Professionals,Health Professionals,ICT Professionals,"Legal, Social and Welfare Professionals","Professionals, nfd",Arts and Media Professionals,"Business, Human Resource and Marketing Professionals","Design, Engineering, Science and Transport Professionals",Education Professionals,Health Professionals,ICT Professionals,"Legal, Social and Welfare Professionals","Professionals, nfd",Arts and Media Professionals,"Business, Human Resource and Marketing Professionals","Design, Engineering, Science and Transport Professionals",Education Professionals,Health Professionals,ICT Professionals,"Legal, Social and Welfare Professionals"
Braidwood,0,0,0,0,0,0,0,0,4,4,0,0,0,0,3,0,0,4,0,4,0,0,0,0,0,5,0,0,5,0,0,0,0,0,5,0,5,0,0,0,0,7,0,0,7,0,6,0,0,7,5,3,7,10,0,0,0,0,8,0,12,4,0,0,0,5,5,3,10,6,0,4,0,0,5,10,12,0,0,5,0,5,15,7,9,6,0,0,0,0,17,17,19,15,8,7,0,0,0,0,3,5,5,0,0,0,17,11,4,6,6,3
Karabar,0,0,0,0,0,0,0,0,0,0,3,0,0,0,0,0,0,0,0,0,0,0,0,4,0,0,0,0,0,0,0,0,0,0,0,0,3,4,5,0,0,0,0,0,5,7,0,0,0,0,4,0,8,9,0,3,5,0,16,5,12,9,4,5,0,3,36,3,18,11,7,10,7,0,46,17,14,13,11,12,3,3,43,9,23,15,17,4,5,5,56,18,22,19,35,15,0,0,10,0,3,0,12,5,0,0,16,0,0,9,24,4
Queanbeyan,0,0,0,0,0,0,0,0,0,0,0,0,0,0,0,0,0,6,0,0,5,0,0,4,0,0,0,4,3,4,0,0,5,0,3,3,4,6,0,0,0,0,6,3,11,7,0,4,0,6,12,7,16,18,6,0,4,10,28,15,17,30,7,12,0,3,47,19,24,40,22,14,4,3,51,21,34,34,26,15,7,0,39,23,31,27,26,10,7,0,104,37,53,36,64,23,0,4,14,4,4,0,9,4,5,0,22,6,0,10,22,5
Queanbeyan - East,0,0,0,0,3,0,0,0,0,0,0,0,0,0,0,0,0,0,0,0,0,3,0,0,0,0,0,0,5,0,0,0,0,0,0,0,0,0,0,0,0,0,5,0,4,4,0,5,4,4,5,0,4,3,0,10,0,4,16,8,10,11,0,7,8,0,21,10,10,15,6,5,5,0,35,15,17,19,20,6,3,0,24,9,21,21,7,10,4,0,46,21,21,22,27,9,0,0,9,3,0,0,9,0,0,0,12,5,0,5,22,3
Queanbeyan West - Jerrabomberra,0,0,0,6,9,5,0,0,0,0,0,0,5,0,0,0,0,0,0,0,8,0,0,0,0,0,6,0,0,0,0,5,0,3,10,0,10,3,0,5,0,3,8,0,7,6,0,6,4,5,18,6,13,7,0,6,0,3,31,7,19,17,5,13,6,3,68,5,30,29,16,9,10,0,81,13,36,32,20,14,6,5,84,20,35,36,28,13,6,8,171,63,105,55,83,35,4,0,46,25,5,8,24,8,0,0,99,22,9,22,82,16
Googong,0,0,0,0,0,0,0,0,0,0,0,0,0,0,0,0,0,0,0,0,0,0,0,0,0,0,0,0,0,4,0,0,0,0,0,0,5,0,0,4,0,0,3,0,0,6,0,0,0,0,8,8,4,5,0,0,0,0,15,0,5,25,0,3,0,6,30,6,7,21,13,4,5,0,49,12,18,30,26,9,4,0,58,8,30,33,18,6,3,0,90,36,33,63,74,16,0,0,18,15,0,3,20,5,0,0,30,10,3,5,58,0
Queanbeyan Surrounds,0,0,0,3,4,0,0,0,0,7,0,5,8,0,0,0,0,3,0,3,3,0,0,0,0,3,0,4,12,3,0,3,5,8,4,3,8,4,9,6,3,4,3,7,10,10,3,9,0,3,19,4,20,24,4,9,0,5,32,10,24,37,5,9,6,4,38,17,41,26,7,13,4,6,84,42,38,40,15,24,10,13,71,25,51,36,17,17,9,3,152,76,119,52,106,42,7,0,37,26,8,21,39,13,4,0,103,42,14,29,104,36
Bombala,0,0,0,0,0,0,0,0,0,0,0,0,0,0,0,0,0,0,0,0,0,0,0,0,0,0,0,0,3,0,0,0,0,0,0,0,0,0,0,0,0,0,0,0,5,3,0,0,0,0,0,0,5,0,0,0,0,0,0,0,4,10,0,0,0,0,7,4,11,6,0,0,0,0,0,0,9,5,0,0,0,0,0,3,13,3,0,0,0,0,3,0,10,6,0,0,0,0,0,4,0,0,0,0,0,0,0,0,3,0,0,0
Cooma,0,0,0,0,0,0,0,0,0,0,8,0,0,0,0,0,0,0,0,0,3,0,0,0,0,0,3,0,0,4,4,0,0,0,4,0,7,0,0,0,0,0,3,0,5,11,0,3,0,0,12,0,4,6,0,7,0,0,8,5,0,15,0,6,0,0,11,12,12,19,3,3,0,0,3,11,23,15,3,9,0,0,12,14,21,12,3,7,0,0,17,60,28,21,12,11,0,0,3,26,0,4,3,0,0,0,6,14,3,16,0,0
Cooma Surrounds,0,0,0,0,0,0,0,0,0,0,0,0,0,0,0,0,0,0,0,0,0,0,0,0,0,0,0,0,3,0,0,0,0,0,0,0,0,4,0,0,0,0,0,0,0,4,0,0,0,0,0,0,4,0,0,0,0,0,6,7,3,10,0,0,0,0,10,10,4,6,0,0,0,0,4,8,0,6,5,5,0,0,5,11,16,4,3,0,0,0,12,25,14,4,6,0,0,0,3,4,0,6,0,0,0,0,5,7,0,5,0,3
Jindabyne - Berridale,0,0,0,0,0,6,0,0,0,0,0,3,0,0,0,0,0,0,3,6,0,0,0,3,4,0,3,3,3,0,0,0,0,0,5,9,15,6,3,3,0,4,10,7,10,6,3,0,0,9,16,8,17,15,3,7,4,12,21,17,19,16,4,15,0,9,28,7,32,31,10,12,5,3,36,29,23,43,9,13,5,8,33,21,44,25,7,5,0,4,73,72,65,51,22,26,0,0,20,14,5,8,13,5,0,4,74,24,6,53,24,33
Batemans Bay,0,0,0,0,0,0,0,0,0,0,0,7,0,0,0,0,0,0,0,0,0,3,0,0,0,0,0,0,0,5,0,0,0,0,0,0,4,5,0,4,0,0,0,6,5,4,0,4,0,3,8,0,7,13,0,4,0,0,8,5,6,21,0,7,0,0,5,3,13,11,0,18,0,0,8,9,16,17,7,8,0,0,9,0,12,18,0,4,0,0,15,14,20,7,0,7,0,0,3,5,5,0,0,0,0,0,0,6,0,0,4,3
Batemans Bay - South,0,0,0,0,0,0,0,0,0,0,0,0,0,0,0,0,0,0,0,0,0,3,0,0,0,3,0,6,3,0,0,0,0,3,0,0,3,0,0,6,0,4,3,0,3,11,0,7,0,0,18,8,5,23,0,7,0,0,11,9,9,24,0,11,0,0,15,9,31,33,0,13,0,5,20,13,16,22,4,10,0,0,4,6,40,29,0,4,0,0,20,10,39,23,6,4,0,0,4,3,5,9,0,0,0,0,9,4,0,16,3,5
Bega - Tathra,0,0,0,0,0,0,0,0,0,5,0,0,5,4,0,0,0,7,6,0,0,0,0,4,0,3,0,0,5,8,0,3,0,0,4,3,10,8,0,0,0,9,6,6,11,8,0,5,0,0,10,0,19,24,3,4,0,10,19,13,25,36,5,7,0,6,16,8,23,52,3,18,0,7,12,18,21,35,0,12,0,0,4,14,28,30,0,4,0,0,12,11,45,48,7,11,0,0,3,4,0,9,0,0,0,0,0,3,4,32,0,0
Bega-Eden Hinterland,0,3,0,0,0,0,0,0,0,3,3,4,0,0,0,4,0,3,5,0,3,3,0,0,0,4,0,3,9,0,0,0,0,7,3,12,9,9,4,4,0,0,3,6,11,11,0,6,0,8,9,10,19,19,0,3,0,5,15,8,15,31,0,8,0,0,8,10,19,25,5,10,0,0,8,15,25,15,3,4,0,0,3,12,33,20,4,4,0,0,14,17,34,24,4,3,0,0,3,4,0,0,0,0,0,0,3,3,0,0,0,3
Broulee - Tomakin,0,0,0,0,0,0,0,0,0,0,0,0,0,0,0,0,0,0,0,0,5,0,0,0,0,0,0,0,5,0,0,0,0,0,3,0,7,0,0,0,0,0,4,0,5,0,0,0,0,0,4,4,10,11,0,3,0,0,14,3,7,15,0,0,5,0,10,6,8,14,0,12,0,0,7,9,24,23,4,5,0,0,7,0,26,13,0,5,0,0,11,6,25,18,3,8,0,0,6,0,0,5,3,0,0,0,5,6,0,18,0,0
Deua - Wadbilliga,0,0,0,0,0,0,0,0,0,0,0,0,0,0,0,0,0,0,0,0,0,0,0,0,0,0,0,0,0,0,0,0,0,0,0,0,0,0,0,0,0,0,0,0,0,0,0,0,0,0,0,0,0,0,0,0,0,0,0,0,0,0,0,0,0,0,0,0,0,0,0,0,0,0,0,0,0,0,0,0,0,0,0,0,0,0,0,0,0,0,0,0,0,0,0,0,0,0,0,0,0,0,0,0,0,0,0,0,0,0,0,0
Eden,0,0,0,0,0,0,0,0,0,0,0,0,0,0,0,0,0,0,5,0,0,0,0,0,0,0,0,0,0,0,0,0,0,0,4,0,0,0,0,0,0,3,0,0,0,5,0,0,0,0,0,0,4,0,0,0,0,0,3,6,4,9,0,0,0,0,4,3,4,0,0,0,0,0,0,0,4,9,0,0,0,0,0,0,3,0,0,0,0,0,3,5,14,0,0,0,0,0,0,4,0,0,0,0,0,0,0,0,0,0,0,0
Eurobodalla Hinterland,0,0,0,0,0,0,0,0,0,0,0,0,0,0,0,0,0,0,0,5,0,0,0,0,0,0,0,0,0,0,0,0,0,0,0,0,0,3,0,0,0,0,0,6,4,7,0,0,0,0,4,0,3,11,0,0,0,0,6,3,5,6,0,5,0,0,10,4,12,10,0,5,0,0,0,0,3,8,0,0,0,0,6,5,14,3,0,3,0,0,4,5,11,9,0,4,0,0,4,4,0,0,0,0,0,0,5,4,0,6,0,3
Merimbula - Tura Beach,0,0,0,0,0,3,0,0,0,3,0,0,3,0,0,0,0,0,3,0,5,4,0,0,0,3,0,0,5,0,0,3,0,6,9,0,4,10,0,3,0,5,10,3,11,11,0,5,0,6,10,8,13,20,0,12,0,4,20,11,31,46,0,15,0,6,15,6,24,29,0,11,0,5,19,3,36,39,0,5,0,3,14,13,45,36,6,11,0,0,37,22,62,48,8,10,0,0,11,5,3,13,0,0,0,0,12,5,0,38,5,4
Moruya - Tuross Head,0,0,0,0,0,0,0,0,0,0,0,0,0,0,0,0,0,0,0,0,0,0,0,9,0,6,5,0,3,0,3,3,0,0,3,0,10,9,0,6,0,3,4,6,9,9,0,4,0,4,6,5,6,11,0,9,0,4,12,13,10,25,0,9,0,0,9,12,16,22,4,15,0,0,17,10,20,24,0,7,0,0,6,7,24,21,0,9,0,0,13,18,34,13,4,8,0,0,0,3,4,7,0,3,0,4,10,0,0,17,4,9
Narooma - Bermagui,0,0,0,0,0,0,0,0,0,0,0,0,3,0,0,0,0,6,0,6,0,3,0,7,0,0,6,5,4,0,0,0,0,4,6,4,3,6,0,0,0,6,7,4,7,10,0,3,0,3,6,3,5,20,0,11,0,3,20,6,24,22,3,10,0,0,9,8,23,14,3,11,0,3,13,10,14,16,4,6,0,0,3,8,30,7,3,5,0,0,16,13,30,15,7,4,0,0,0,3,0,3,3,0,0,0,3,5,5,11,4,0
Goulburn,0,0,0,0,0,0,0,0,0,0,0,0,8,0,0,0,0,0,0,0,3,3,0,3,0,0,7,4,11,3,0,4,0,3,4,6,9,10,0,7,0,6,26,4,15,18,0,7,0,3,37,5,26,41,0,10,3,11,42,15,45,73,3,25,0,5,36,17,69,80,4,39,0,4,38,25,69,85,9,28,0,0,20,17,79,77,7,21,0,7,50,33,111,91,21,19,0,0,7,7,3,16,4,3,0,0,20,9,0,32,12,5
Goulburn Surrounds,0,0,0,0,7,0,0,4,0,0,0,6,0,0,0,0,0,0,4,3,5,0,0,3,0,0,3,4,7,3,0,0,0,0,8,0,3,9,0,0,0,3,5,3,8,16,0,4,0,4,8,11,13,7,0,4,0,4,22,6,18,27,5,16,0,4,21,7,20,26,8,8,0,4,19,13,34,36,0,9,0,0,20,6,46,24,10,12,0,4,28,26,54,29,13,8,0,0,9,13,0,7,0,6,4,0,31,10,0,11,9,14
Yass,0,0,0,3,0,0,0,0,0,4,0,0,0,0,0,0,0,3,0,0,0,0,0,0,0,0,0,0,0,0,0,0,0,4,0,0,3,5,0,0,0,0,7,8,9,0,0,0,0,0,3,3,13,5,0,3,0,4,14,7,15,19,0,3,0,0,15,7,24,14,5,3,0,0,22,12,21,17,13,6,3,0,27,3,27,18,3,6,0,0,50,29,41,13,24,9,0,0,6,0,0,6,10,0,0,0,4,0,0,8,10,3
Yass Surrounds,0,0,0,0,7,0,0,0,0,5,0,7,0,0,0,0,0,7,0,4,6,0,0,0,0,0,0,6,0,4,0,0,0,4,6,4,10,5,0,3,0,5,5,8,10,9,0,0,0,6,12,11,17,11,0,5,6,3,25,9,18,23,8,5,0,9,32,12,25,31,13,12,9,8,46,26,36,26,12,9,8,3,61,23,42,19,10,18,11,9,132,54,90,27,62,29,5,0,35,15,6,4,28,7,8,0,78,16,3,14,57,22
Young,0,0,0,3,0,0,0,0,3,0,0,0,3,0,0,5,0,0,0,0,0,0,0,0,0,0,0,0,0,5,0,3,0,3,0,0,10,13,0,0,0,0,4,5,10,8,0,0,0,3,15,0,13,15,0,4,0,0,25,8,13,16,0,11,0,0,23,7,34,20,0,6,0,0,10,8,42,22,0,12,0,0,8,4,36,17,0,6,0,0,16,9,48,26,0,5,0,0,6,0,0,3,0,0,0,0,8,3,3,11,0,0
Young Surrounds,0,0,0,0,0,0,0,0,0,0,5,0,3,0,0,0,0,0,0,0,3,0,0,0,0,0,0,0,6,0,0,0,0,0,4,0,3,5,0,0,0,0,4,3,3,12,0,3,0,0,5,4,11,9,0,3,0,0,4,6,13,10,0,0,0,0,8,6,14,13,0,5,0,0,10,7,25,12,0,3,0,0,9,9,17,10,0,0,0,0,7,10,29,13,0,9,0,0,0,3,0,0,0,0,0,0,11,7,5,7,0,0
Avoca Beach - Copacabana,0,3,0,0,6,0,0,0,0,0,0,5,5,0,0,0,0,0,0,5,0,3,0,0,0,3,3,0,4,8,0,3,0,0,8,7,7,4,0,12,0,5,11,5,10,14,0,0,0,3,5,0,17,20,0,3,0,5,17,15,17,32,0,14,0,3,23,12,36,30,0,11,0,5,29,15,30,45,3,12,0,4,20,9,53,18,3,16,3,9,49,31,96,47,9,18,0,0,14,8,0,17,3,4,3,6,65,18,4,35,19,15
Box Head - MacMasters Beach,0,0,0,0,0,0,0,0,0,0,0,0,8,4,0,0,0,3,3,0,12,3,0,0,0,3,0,0,0,0,3,0,0,4,3,13,5,7,5,9,0,9,3,3,18,16,0,4,5,11,11,11,13,24,0,6,0,10,19,14,24,32,0,10,0,10,37,21,25,46,5,10,3,8,27,17,33,21,5,14,0,5,29,21,46,32,13,21,3,12,62,41,85,31,23,24,0,0,23,5,9,15,10,8,3,8,55,14,7,23,19,29
Calga - Kulnura,0,0,0,0,3,0,0,0,0,0,0,0,4,0,0,0,0,0,0,0,0,0,0,4,0,0,0,0,5,0,0,0,0,0,5,0,4,3,0,0,0,0,5,5,0,3,0,7,0,0,4,7,9,10,0,3,0,0,11,0,7,8,0,6,0,0,0,11,5,5,0,0,0,0,10,8,12,7,0,9,0,3,7,5,8,8,0,0,0,0,18,25,8,5,9,5,0,0,6,3,4,6,3,5,0,0,13,8,0,6,4,6
Erina - Green Point,0,0,3,0,0,0,0,0,0,0,3,7,13,0,0,0,0,0,0,0,6,7,5,3,0,6,7,0,10,0,0,4,0,0,4,6,7,7,0,5,0,7,16,3,10,26,5,8,0,8,10,0,19,34,3,8,0,8,32,16,30,55,6,11,0,4,22,16,46,44,4,16,3,0,43,16,31,49,8,12,0,4,39,17,50,49,13,24,0,3,71,38,82,88,37,15,0,4,31,9,5,17,18,0,0,0,56,22,6,71,17,9
Gosford - Springfield,0,7,0,4,5,0,0,0,0,0,3,0,12,0,0,0,0,0,5,0,13,6,0,4,0,4,3,3,8,10,0,0,0,8,19,6,16,16,4,8,0,10,17,13,25,30,3,10,0,10,37,12,32,48,4,14,5,15,72,41,45,102,15,25,4,11,53,33,45,144,22,29,9,19,63,47,59,146,21,31,0,8,68,34,74,116,35,19,6,8,115,69,110,128,77,25,0,0,24,17,4,36,20,6,0,0,38,16,3,61,21,7
Kariong,0,0,0,0,0,0,0,0,0,0,0,0,0,0,0,0,5,0,0,0,4,0,0,3,0,0,5,0,0,0,0,0,0,0,0,0,6,4,0,0,0,0,8,4,5,15,4,5,0,5,9,6,9,16,0,4,0,0,19,6,14,21,0,3,0,6,12,10,9,20,3,4,0,6,24,6,17,21,5,5,0,3,20,0,13,25,0,5,0,3,27,19,20,31,32,14,0,0,11,10,3,3,7,0,0,0,6,0,0,0,12,3
Kincumber - Picketts Valley,0,0,0,0,0,0,0,0,0,4,0,0,0,0,0,0,0,0,0,0,0,0,0,5,0,0,6,0,4,3,0,0,0,0,4,3,4,15,4,4,0,0,4,0,12,17,0,4,0,0,7,4,10,14,0,3,0,5,12,4,15,21,0,7,0,6,14,11,16,25,0,7,0,3,15,3,23,34,0,14,0,0,13,7,28,17,6,10,5,0,29,22,36,31,8,8,0,0,5,3,0,7,5,0,0,0,10,10,0,10,0,3
Narara,0,0,0,0,3,0,0,0,0,3,0,0,0,0,0,0,0,0,0,0,0,0,0,5,0,0,0,0,6,0,0,0,0,0,3,0,14,6,0,5,0,0,4,5,12,8,6,7,0,5,5,4,15,18,7,3,0,3,20,4,4,28,5,6,4,0,31,10,21,43,9,15,0,0,8,12,15,49,13,14,0,0,16,15,27,29,11,8,4,6,57,20,28,38,37,16,0,0,10,4,0,3,11,0,0,0,10,3,0,0,7,0
Niagara Park - Lisarow,0,0,0,0,3,0,0,0,0,3,0,0,5,3,0,0,0,0,6,3,3,0,0,0,0,3,4,3,6,3,0,0,0,5,3,0,3,5,0,0,0,0,3,0,11,9,0,5,0,0,6,6,11,20,6,3,0,3,22,4,8,20,7,3,0,12,24,11,29,47,8,5,0,3,21,7,27,33,8,9,0,0,27,7,37,32,12,9,5,3,67,34,39,32,28,6,0,0,11,6,0,8,8,0,0,0,19,3,4,10,11,0
Point Clare - Koolewong,0,0,5,0,3,0,0,0,0,0,0,0,0,0,3,0,0,4,5,0,0,3,0,0,0,0,4,0,0,0,0,0,0,3,4,0,7,9,0,4,0,5,3,5,10,9,4,3,0,0,13,6,12,16,3,4,0,7,12,14,16,21,7,7,0,3,17,12,21,19,4,8,0,0,34,12,15,39,11,9,6,0,19,17,14,22,7,10,0,4,55,43,36,35,30,6,0,0,16,9,3,3,7,3,0,0,25,11,0,4,16,0
Saratoga - Davistown,0,0,0,0,3,0,0,0,0,0,0,3,0,0,0,0,0,4,0,0,7,4,0,0,0,3,3,0,4,0,0,0,0,3,5,3,0,5,0,3,0,0,9,4,9,18,3,7,0,4,8,4,10,9,0,0,0,4,13,9,22,16,0,3,0,6,14,4,24,29,0,4,0,0,10,9,14,23,0,9,0,0,17,14,37,29,6,4,0,6,43,21,44,35,21,19,0,0,7,5,5,5,8,3,0,0,16,5,0,5,0,3
Terrigal - North Avoca,0,0,0,4,8,4,0,0,0,0,0,0,7,0,0,0,0,3,3,0,8,0,0,0,0,3,10,0,15,6,0,5,0,8,6,0,20,18,4,4,4,3,21,4,28,23,0,6,0,3,34,10,32,46,3,10,6,9,43,11,43,63,3,17,5,4,36,20,56,73,6,16,0,0,56,19,61,82,4,21,0,5,53,23,70,75,4,16,4,13,111,43,142,111,29,37,0,3,39,8,5,25,15,8,4,3,81,27,3,107,20,25
Umina - Booker Bay - Patonga,0,6,5,6,0,3,0,0,3,6,3,0,7,0,0,0,0,11,4,3,7,4,0,4,0,5,4,6,12,6,0,3,4,11,4,4,19,17,0,12,4,10,17,12,17,22,4,10,5,9,28,14,31,30,3,11,0,11,33,15,37,40,9,14,0,17,44,22,53,63,15,21,0,11,52,31,52,55,18,17,3,9,54,16,54,45,22,18,3,14,145,63,86,66,66,35,3,5,37,10,9,3,26,0,0,7,77,23,11,15,37,21
Wamberal - Forresters Beach,0,0,0,0,6,0,0,0,0,0,0,4,0,0,3,0,0,0,3,0,0,0,0,3,0,0,0,0,11,0,0,0,0,0,10,4,4,13,0,5,0,3,5,3,15,20,0,11,0,4,11,7,28,22,0,10,0,0,26,10,19,49,4,12,5,4,21,11,29,49,3,15,0,3,22,12,41,54,3,12,0,4,40,13,64,32,5,17,0,13,69,34,88,55,21,28,0,5,26,15,3,15,6,8,0,0,60,16,8,81,10,9
Woy Woy - Blackwall,0,0,0,0,3,0,0,0,0,0,4,0,3,0,0,0,0,0,0,3,7,0,0,0,0,0,3,0,4,3,0,8,3,3,8,5,8,24,0,0,0,4,18,3,21,16,0,7,0,6,20,4,16,16,0,9,0,3,34,17,20,32,4,10,0,10,30,14,30,30,8,9,3,8,37,18,24,24,14,7,6,7,35,11,32,27,9,10,4,11,89,33,39,26,41,12,0,3,11,3,4,3,20,11,0,5,27,8,0,4,16,10
Wyoming,0,0,0,0,3,0,0,0,0,0,0,0,6,0,0,0,0,0,0,0,7,4,0,0,0,0,3,0,4,6,0,6,0,3,5,3,8,17,0,5,0,4,4,5,14,12,0,0,0,0,5,4,12,30,0,8,0,0,19,13,23,39,10,17,0,10,21,12,27,46,13,13,0,4,25,11,15,42,21,9,3,4,20,10,35,36,13,10,0,4,45,17,32,48,42,8,0,0,12,10,0,4,10,0,0,0,11,0,6,6,6,0
Bateau Bay - Killarney Vale,0,0,4,0,8,0,0,0,0,0,4,3,13,6,0,0,0,0,4,0,12,7,0,3,0,5,3,3,8,3,0,0,0,3,11,6,14,19,0,13,0,4,15,5,20,35,0,13,0,8,12,11,36,50,3,12,0,8,48,17,61,57,7,28,0,4,49,27,65,72,8,19,0,10,46,17,94,60,7,22,0,7,39,14,124,55,9,25,0,9,80,41,130,53,20,22,0,0,14,9,11,6,6,0,0,0,19,3,0,13,13,3
Blue Haven - San Remo,0,0,0,0,0,0,0,0,0,0,0,0,0,0,0,0,0,0,0,0,0,0,0,0,0,0,0,0,0,0,0,0,0,0,0,0,3,12,0,0,0,0,3,6,5,10,0,7,0,0,4,0,14,18,0,7,3,0,11,3,12,11,8,6,0,0,11,5,14,25,4,13,0,0,16,4,9,21,8,10,0,0,12,5,19,22,4,5,0,0,13,7,21,16,8,3,0,0,7,0,4,4,0,0,0,0,0,0,0,0,3,0
Budgewoi - Buff Point - Halekulani,0,0,0,0,3,0,0,0,0,0,0,0,0,0,0,0,0,4,0,4,5,4,0,0,0,0,3,0,5,0,0,0,0,6,0,3,12,14,0,0,0,0,0,4,14,11,0,0,4,0,9,3,4,11,0,5,0,3,14,5,16,23,3,9,0,0,12,8,25,24,0,9,0,6,10,7,23,27,0,9,0,0,9,8,26,23,3,0,0,0,23,10,48,23,4,4,0,0,6,0,0,0,0,0,0,0,4,6,0,5,0,0
Chittaway Bay - Tumbi Umbi,0,0,0,4,4,5,0,0,0,0,0,0,0,0,0,0,0,0,0,0,4,0,0,0,0,0,0,0,7,11,0,0,0,0,14,0,13,12,0,6,0,5,0,7,18,21,0,7,0,4,21,6,19,24,4,7,0,7,37,6,39,46,9,19,3,4,36,12,50,69,4,22,0,3,46,12,44,37,10,25,0,0,27,20,62,39,12,20,3,3,51,45,89,47,17,11,0,0,12,6,3,6,9,0,0,0,29,4,0,17,12,3
Gorokan - Kanwal - Charmhaven,0,4,0,0,5,0,0,0,0,0,0,3,0,6,0,3,0,0,3,6,5,0,0,0,0,0,9,3,8,3,3,0,0,0,5,0,14,19,0,3,0,9,13,3,15,18,0,0,0,3,19,7,17,35,0,6,3,0,35,11,32,52,0,17,0,0,32,11,41,47,10,16,0,4,28,12,35,49,10,28,0,4,30,10,44,43,17,8,5,0,37,6,57,29,17,10,0,0,6,5,0,4,5,0,0,0,0,0,0,7,0,0
Jilliby - Yarramalong,0,0,0,0,0,0,0,0,0,0,0,0,3,0,0,0,0,0,0,0,0,0,0,0,0,0,0,0,0,0,0,0,0,0,5,0,5,0,0,0,0,0,4,0,9,3,0,5,0,0,9,6,8,5,0,0,0,0,6,6,10,5,0,5,0,0,8,5,7,14,0,5,0,0,6,0,17,7,3,0,0,0,10,5,9,4,3,0,0,0,17,12,20,15,8,0,0,0,3,4,5,0,0,0,0,0,11,5,0,6,0,4
Lake Munmorah - Mannering Park,0,0,0,0,0,0,0,0,0,0,0,0,0,0,0,0,0,0,0,0,0,4,0,0,0,0,0,0,0,4,0,3,0,3,3,4,6,9,0,0,0,0,6,3,4,11,0,3,0,0,4,3,3,18,3,4,0,0,17,3,15,30,3,4,0,4,3,10,22,23,0,7,0,4,13,0,18,21,3,8,0,0,8,4,25,11,0,3,0,0,20,11,28,10,12,3,0,0,0,4,0,3,0,0,0,0,8,0,0,7,3,0
Ourimbah - Fountaindale,0,0,0,0,5,0,0,0,0,6,0,0,7,0,0,0,0,0,0,0,4,5,0,0,0,0,7,0,5,4,0,0,0,0,0,3,0,3,0,0,0,0,5,0,12,6,0,5,0,3,8,11,12,13,0,4,0,3,10,7,10,21,0,0,4,4,4,8,13,23,6,7,0,0,21,3,25,30,5,7,0,0,7,7,19,19,0,3,0,3,22,13,32,18,23,8,0,0,3,0,0,7,4,3,0,0,13,0,0,11,0,3
Summerland Point - Gwandalan,0,3,0,0,0,0,0,0,0,0,0,0,0,0,0,0,0,0,0,0,3,0,0,0,0,0,0,0,0,6,0,0,0,0,4,0,5,3,0,0,0,0,4,0,7,9,0,0,0,0,3,5,8,9,0,5,0,0,9,4,4,16,0,6,0,0,11,5,3,10,0,6,0,0,6,4,15,15,5,11,0,0,10,0,14,7,0,4,0,0,20,6,17,17,5,3,0,0,0,5,0,0,0,0,0,0,9,4,0,0,0,3
The Entrance,0,0,0,0,5,0,0,0,0,0,3,0,3,0,0,0,0,0,0,0,3,3,0,0,0,3,4,0,11,9,0,4,0,0,10,6,5,14,0,5,0,3,14,5,10,18,0,4,0,5,11,9,26,30,3,0,0,0,23,14,34,42,0,10,3,3,36,13,29,46,10,15,0,0,32,12,43,40,8,17,0,0,39,17,69,33,12,21,0,3,44,29,82,35,20,17,0,0,9,0,9,6,4,0,0,0,14,10,4,15,0,9
Toukley - Norah Head,0,0,0,0,0,3,0,0,0,0,0,0,0,0,0,0,0,0,4,0,0,0,0,0,0,5,3,5,0,0,0,0,0,3,0,3,4,8,4,0,0,0,10,0,11,17,0,0,0,3,8,3,9,17,0,5,0,4,15,5,17,29,0,3,0,0,16,8,34,20,0,11,0,0,11,3,22,26,6,7,0,0,11,3,32,26,3,8,0,0,20,29,49,13,3,4,0,0,9,0,0,0,0,0,0,0,15,0,0,4,0,5
Tuggerah - Kangy Angy,0,0,0,0,0,0,0,0,0,0,0,0,0,0,0,0,0,0,0,0,0,0,0,0,0,3,3,0,0,3,0,0,0,0,0,0,0,3,0,0,0,0,0,0,10,8,0,11,0,0,4,9,7,5,0,9,0,3,14,5,14,18,0,3,0,0,12,3,8,8,5,5,0,5,22,4,15,14,5,0,0,0,10,9,18,9,9,4,0,0,18,13,26,21,15,8,0,0,4,0,0,3,5,0,0,0,10,0,0,9,0,0
Warnervale - Wadalba,0,0,0,0,4,3,0,0,0,5,0,0,3,3,0,0,0,0,3,0,3,0,0,0,0,3,3,3,4,3,0,8,0,5,10,8,11,11,0,0,0,0,4,3,23,23,0,7,0,9,32,12,22,45,0,3,0,6,38,9,34,55,4,20,0,4,43,15,37,85,8,26,3,3,45,5,34,111,17,21,0,5,33,14,57,103,21,8,3,4,95,31,85,89,47,21,0,0,18,12,3,11,16,0,0,0,19,9,8,17,5,0
Wyong,0,5,0,0,0,0,0,0,0,3,0,0,0,0,0,4,0,0,0,0,0,0,0,0,0,0,0,4,5,3,0,0,0,4,0,0,4,4,5,0,0,0,7,0,3,9,0,3,0,0,12,3,8,15,4,7,0,0,15,4,8,16,0,11,0,0,14,4,15,22,5,8,0,0,16,10,10,20,10,7,0,0,15,4,14,19,13,3,0,0,26,14,28,11,14,3,0,0,9,0,0,3,0,3,0,0,11,0,0,0,0,0
Bathurst - East,0,0,0,0,3,0,0,0,0,5,0,0,0,0,0,0,0,0,0,0,0,0,0,0,0,0,4,3,0,4,0,0,0,0,9,4,6,5,0,3,0,0,10,4,12,21,0,8,0,5,11,6,23,16,4,4,0,0,24,7,26,28,0,14,0,0,28,9,28,38,0,17,0,0,35,12,42,37,7,16,0,0,27,10,53,28,0,6,0,5,35,25,107,39,11,17,0,0,6,4,4,11,0,0,0,0,8,5,0,14,0,0
Bathurst Surrounds,0,5,0,0,5,0,0,0,0,0,0,0,5,0,0,0,0,3,0,5,0,0,0,0,0,0,4,0,9,4,0,0,0,0,0,3,3,7,0,0,0,0,0,0,7,9,0,0,0,4,6,11,15,9,0,5,3,3,13,8,11,21,0,6,0,0,15,14,27,25,0,8,3,0,14,11,15,12,8,7,0,0,11,7,17,20,0,11,6,0,27,14,55,23,5,8,0,0,12,8,5,0,0,0,0,0,6,3,6,7,0,8
Oberon,0,0,0,0,0,0,0,0,0,0,0,0,0,0,0,0,0,3,0,0,0,0,0,0,0,0,0,0,0,0,0,3,0,0,3,0,5,3,0,0,0,0,3,0,4,4,0,0,0,0,8,4,0,9,0,3,0,0,4,0,3,9,0,4,0,3,4,3,11,12,3,5,0,0,6,7,6,9,0,0,0,0,7,3,13,7,0,0,0,0,10,17,11,13,3,5,0,0,0,0,0,0,0,0,0,0,5,4,0,3,0,0
Bathurst - South,0,5,0,0,0,0,0,0,0,3,4,0,3,4,0,3,0,0,0,0,4,0,0,0,0,0,5,0,0,3,0,0,0,3,0,4,9,3,0,3,0,3,5,6,14,17,0,4,0,6,16,10,17,13,0,9,0,3,17,18,28,42,0,15,0,4,22,15,41,46,8,17,3,3,28,10,30,42,5,16,0,0,11,13,46,25,6,15,9,0,19,31,77,40,9,20,0,0,0,5,5,11,0,0,0,0,9,3,3,20,3,7
Bathurst - West,0,0,3,0,4,0,0,0,0,0,3,0,0,0,0,0,0,0,0,4,12,3,0,0,0,0,4,0,13,0,0,0,0,0,0,5,12,4,0,5,0,0,8,7,22,11,4,5,0,3,25,0,34,19,4,13,0,9,22,9,40,38,6,18,0,0,32,26,46,35,9,18,3,4,42,18,65,46,4,26,0,0,32,21,84,56,13,16,0,4,49,45,139,63,12,15,0,0,13,9,3,9,0,3,0,0,14,8,8,32,0,3
Condobolin,0,0,0,0,0,0,0,0,0,0,0,0,3,0,0,0,0,0,0,0,0,0,0,0,0,0,0,0,3,0,0,0,0,0,0,0,3,6,0,3,0,0,5,4,3,5,0,4,0,0,0,0,6,4,0,0,0,0,6,6,16,8,0,4,0,0,8,3,25,21,0,5,0,0,8,4,17,17,0,4,0,0,10,3,24,12,0,0,0,0,10,3,51,9,0,3,0,0,0,5,3,3,0,0,0,0,0,4,0,3,0,0
Cowra,0,0,0,0,4,0,0,0,0,0,0,5,0,0,0,0,0,3,0,0,0,0,0,0,0,0,4,0,3,3,0,4,0,0,7,0,5,0,0,4,0,0,3,4,13,9,0,0,0,4,5,0,16,18,0,0,0,3,12,6,20,27,0,4,0,0,24,9,27,22,0,3,0,0,8,6,22,11,0,5,0,0,7,5,25,7,0,7,0,0,7,17,43,15,0,9,0,0,6,3,0,0,0,5,0,0,0,0,0,13,0,0
Cowra Surrounds,0,0,0,0,0,0,0,0,0,0,5,0,3,0,0,0,0,0,0,0,0,0,0,0,0,3,0,0,3,0,0,0,0,0,0,0,6,0,0,3,0,0,3,0,5,5,0,0,0,0,4,0,5,5,0,4,0,0,6,5,18,4,5,3,0,0,3,4,14,14,0,0,0,0,7,5,11,14,0,6,0,0,0,3,19,8,0,0,0,0,5,10,23,10,0,4,0,0,6,0,0,3,0,0,0,0,7,0,0,5,0,5
Forbes,0,0,0,0,7,0,0,0,0,0,0,0,0,0,0,0,0,0,0,0,5,0,0,4,0,0,6,0,3,5,0,0,0,4,0,0,4,0,0,4,0,3,9,7,7,6,0,0,0,0,11,4,6,8,0,4,0,0,21,10,19,22,0,9,0,0,9,9,41,27,0,10,0,0,14,12,23,28,0,3,0,0,6,13,40,17,0,5,0,3,20,21,62,26,0,10,0,0,9,4,7,8,0,5,0,0,12,6,0,15,0,0
Grenfell,0,0,0,0,5,0,0,0,0,0,0,0,0,0,0,0,0,0,0,0,0,3,0,0,0,3,0,0,0,0,0,0,0,0,0,4,0,0,0,0,0,0,3,0,4,7,0,0,0,0,0,0,9,3,0,0,0,0,3,5,6,0,0,0,0,0,4,0,11,3,0,0,0,0,5,0,5,0,0,4,0,0,0,0,13,0,0,0,0,0,6,3,23,6,0,3,0,0,0,0,0,0,0,0,0,0,0,0,0,0,0,0
Parkes (NSW),0,0,0,0,5,0,0,0,0,0,0,0,0,0,0,0,0,0,0,0,4,0,0,0,0,0,0,0,5,0,0,0,0,0,10,3,5,3,0,4,0,0,7,0,3,16,0,0,0,3,10,7,13,19,0,4,0,3,3,9,14,14,3,9,0,0,23,14,35,18,0,10,0,0,27,20,29,31,0,7,0,0,10,20,44,22,0,7,0,0,33,45,66,34,3,7,0,0,4,15,3,0,0,0,0,0,5,13,0,13,0,3
Parkes Surrounds,0,0,0,0,0,0,0,0,0,0,0,0,0,5,0,0,0,0,0,0,3,5,0,0,0,0,0,0,0,0,0,0,0,0,3,0,0,6,0,0,0,0,3,0,0,0,0,0,0,0,0,0,0,6,0,0,0,0,0,4,0,10,0,0,0,0,5,0,12,3,0,4,0,0,4,0,12,7,0,0,0,0,0,0,13,9,0,3,0,0,5,4,16,8,0,4,0,0,0,4,0,0,0,0,0,0,0,0,0,0,0,0
West Wyalong,0,0,0,0,0,0,0,0,0,0,0,0,0,0,0,0,0,0,0,0,3,0,0,0,0,0,0,0,0,0,0,0,0,0,0,0,4,5,0,0,0,0,0,0,5,4,0,0,0,0,5,0,5,4,0,0,0,0,4,9,17,8,0,0,0,0,5,5,11,9,0,3,0,0,7,6,21,9,0,0,0,0,9,4,15,4,0,0,0,0,7,26,31,14,0,5,0,0,0,9,0,0,0,0,0,0,0,6,0,4,0,0
Lithgow,0,5,0,0,0,0,0,0,0,3,4,0,0,3,0,0,0,0,0,0,0,0,0,0,0,0,0,3,3,0,0,4,0,6,3,0,7,3,0,3,0,0,3,5,14,13,0,4,0,8,16,0,10,10,0,3,0,0,10,13,10,29,4,9,0,0,14,13,25,27,10,17,0,0,16,13,24,22,6,10,0,0,15,15,24,19,0,3,0,0,15,25,32,26,3,7,0,0,0,5,0,5,0,0,0,0,5,7,0,15,3,4
Lithgow Surrounds,0,0,0,0,0,0,0,0,0,0,0,0,3,0,0,0,0,0,3,3,3,4,0,0,0,0,0,3,6,3,0,3,0,0,3,4,3,3,0,0,0,0,0,0,4,15,0,3,0,0,5,7,9,12,4,3,0,3,12,10,18,11,0,9,0,3,11,13,13,11,0,0,3,0,3,5,16,9,0,5,0,0,16,5,20,7,0,5,0,0,27,12,24,18,3,8,0,0,0,8,0,6,0,0,0,0,15,11,4,5,0,18
Mudgee,0,0,0,0,0,0,0,0,0,4,0,0,6,0,0,0,0,3,0,0,4,3,0,0,0,3,0,0,6,0,0,0,0,8,0,7,9,11,0,4,0,3,8,7,12,10,0,3,4,0,7,6,22,19,0,0,0,6,20,16,25,26,4,13,0,0,23,12,44,31,0,11,0,4,18,18,41,20,3,3,0,0,19,20,53,19,8,9,0,0,29,54,62,39,4,14,0,0,9,18,3,6,0,5,0,0,17,31,4,24,0,7
Mudgee Surrounds - East,0,5,0,0,0,0,0,0,0,0,0,0,0,0,0,0,0,0,0,0,0,0,0,0,0,0,0,0,0,0,0,0,0,0,3,0,0,0,0,0,0,0,0,0,0,0,0,0,0,0,0,0,5,6,0,0,0,0,0,0,3,4,0,0,0,0,0,0,8,6,0,0,0,0,0,0,7,3,0,0,0,0,0,0,16,0,0,5,0,0,5,3,15,0,0,0,0,0,0,0,0,0,0,0,0,0,0,0,0,0,0,0
Mudgee Surrounds - West,0,0,0,0,0,0,0,5,0,0,0,0,0,0,0,6,0,8,0,0,5,0,0,0,0,0,0,3,3,4,0,0,0,7,6,5,16,7,0,5,0,0,0,4,15,10,0,5,0,5,12,4,16,22,0,3,0,3,12,9,21,21,0,4,0,0,7,13,21,15,0,12,0,0,7,16,14,10,0,4,0,3,5,4,44,20,3,7,0,0,14,13,45,13,0,0,0,0,9,4,6,6,4,0,0,0,12,15,0,7,0,0
Wollangambe - Wollemi,0,0,0,0,0,0,0,0,0,0,0,0,0,0,0,0,0,0,0,0,0,0,0,0,0,0,0,0,0,0,0,0,0,0,0,0,0,0,0,0,0,0,0,0,0,0,0,0,0,0,0,0,0,0,0,0,0,0,0,0,0,0,0,0,0,0,0,0,0,0,0,0,0,0,0,0,0,0,0,0,0,0,0,0,0,0,0,0,0,0,0,0,0,0,0,0,0,0,0,0,0,0,0,0,0,0,0,0,0,0,0,0
Blayney,0,4,0,0,0,0,0,0,0,4,3,0,0,0,0,0,0,0,0,0,0,0,0,0,0,4,0,0,0,0,0,0,0,5,0,0,5,0,0,0,5,0,7,5,8,3,0,0,0,0,9,3,12,13,0,11,0,3,11,4,8,17,0,8,0,5,11,6,15,14,0,10,0,0,9,4,21,27,0,7,0,0,8,9,12,18,4,7,0,0,21,14,48,20,4,4,0,0,0,8,3,5,0,0,0,0,3,6,0,9,0,0
Orange,0,0,0,0,3,0,0,0,0,3,0,6,7,0,0,0,0,0,0,7,3,4,0,3,0,0,4,5,8,4,0,4,0,9,6,5,17,14,0,4,0,10,15,9,18,15,4,11,0,6,23,13,25,30,3,10,0,4,33,16,40,68,0,27,3,6,35,25,51,76,8,40,0,16,49,32,52,90,9,26,0,7,35,28,62,86,11,28,4,0,64,71,107,119,16,34,0,0,20,29,6,32,0,7,0,0,19,29,5,67,3,11
Orange - North,0,0,0,0,13,0,0,0,0,0,3,5,9,4,0,0,0,0,7,0,14,0,0,0,0,0,7,5,14,5,0,5,0,3,7,4,18,15,0,0,0,5,12,9,26,29,0,5,0,4,19,6,32,37,3,12,0,4,41,15,48,77,9,27,3,7,55,25,67,104,5,42,4,0,63,41,74,165,12,39,0,0,50,51,111,133,17,38,4,4,124,111,169,164,31,37,0,0,27,30,6,25,0,4,0,0,30,39,5,79,6,5
Orange Surrounds,0,0,0,0,0,0,0,0,0,0,0,0,4,3,0,0,0,3,0,4,4,0,0,0,0,6,4,7,6,0,0,0,0,0,3,3,9,9,0,0,0,0,4,0,11,17,4,5,0,0,7,4,18,24,0,12,0,6,13,13,29,37,0,15,0,0,33,16,22,43,0,16,0,4,27,12,34,26,3,7,0,0,19,5,37,31,3,10,5,0,56,38,84,53,5,14,0,0,12,15,7,9,0,0,0,0,30,22,6,43,0,5
Grafton,0,0,0,0,0,0,0,0,0,0,0,0,3,0,0,0,0,0,0,0,9,0,0,0,0,3,0,0,11,0,0,0,0,3,4,0,6,13,0,9,0,12,3,0,22,16,0,7,0,3,16,5,19,26,0,8,0,6,27,10,22,47,0,33,0,0,24,8,26,59,0,23,0,0,23,19,48,48,4,23,0,0,20,16,54,47,5,16,0,0,30,43,78,63,3,17,0,0,4,0,7,21,0,0,0,0,8,4,0,30,0,3
Grafton Surrounds,0,0,0,0,0,0,0,4,0,0,5,0,8,0,3,0,0,4,5,0,6,3,0,0,0,5,6,0,3,7,0,4,0,0,0,6,5,12,0,5,0,4,3,5,17,13,0,7,0,5,6,5,19,36,3,10,0,4,22,15,30,39,5,12,0,0,14,12,19,28,0,16,0,0,15,12,24,25,0,17,0,0,12,9,41,32,0,5,0,0,17,28,73,46,8,9,0,0,0,0,0,7,3,3,0,0,0,0,0,10,0,8
Maclean - Yamba - Iluka,0,3,3,0,0,0,0,3,0,0,0,0,5,0,0,0,0,6,3,4,8,6,0,6,0,0,5,4,10,6,0,0,0,3,7,6,22,9,3,3,3,5,6,13,14,30,0,8,0,0,15,11,20,36,0,12,0,3,32,10,33,44,0,17,0,4,20,13,25,36,0,16,0,0,21,21,45,52,9,15,0,0,10,17,60,37,0,9,0,3,35,37,63,48,3,11,0,0,10,6,6,5,0,4,0,0,18,7,0,26,4,5
Bellingen,0,0,0,0,0,0,0,0,0,0,0,0,5,0,0,0,0,5,3,3,0,0,0,7,0,6,0,0,5,6,0,0,0,4,3,3,7,9,0,7,3,3,0,8,9,11,0,7,3,5,3,15,18,15,3,9,5,8,13,7,27,30,0,9,0,8,3,16,17,20,4,16,0,3,7,12,29,19,0,11,3,0,11,16,33,15,0,4,0,0,16,26,38,14,4,18,0,0,0,0,3,4,5,3,0,0,7,0,4,13,6,3
Coffs Harbour - North,0,0,0,0,3,0,0,0,0,0,0,0,8,0,0,0,0,3,8,3,3,0,3,0,0,0,3,8,6,3,5,11,0,0,8,3,10,8,0,11,0,3,10,4,12,20,0,8,3,4,19,9,23,23,0,3,5,4,35,16,33,59,4,29,0,0,33,13,30,61,3,29,0,0,36,21,46,64,11,24,0,0,23,9,65,58,5,13,0,0,32,28,74,71,10,30,0,0,4,0,0,10,3,4,0,0,17,7,0,52,0,6
Coffs Harbour - South,0,0,0,0,0,0,0,0,0,0,0,4,5,3,0,7,0,0,0,0,0,0,0,4,0,0,0,0,6,0,0,0,0,0,5,0,9,11,0,9,6,0,7,5,9,10,0,9,0,4,8,7,18,14,5,8,0,0,26,14,14,42,0,19,3,0,21,4,21,56,5,10,0,0,16,14,22,61,7,16,0,0,9,10,28,45,5,11,0,4,26,21,48,70,7,15,0,0,4,4,3,17,0,3,0,0,3,4,5,41,0,4
Coramba - Nana Glen - Bucca,0,0,0,0,0,0,0,0,0,0,0,0,0,0,0,0,0,0,4,0,0,0,0,0,0,0,0,0,6,0,0,4,5,3,0,7,4,3,0,0,0,0,5,4,5,6,0,0,0,0,0,0,9,4,0,3,0,0,9,0,5,20,0,8,0,0,6,4,5,8,0,5,6,0,0,6,11,10,0,7,0,0,6,3,10,8,0,9,0,0,14,15,15,18,0,3,0,0,5,0,0,0,0,0,0,0,3,0,0,5,0,0
Dorrigo,0,0,0,0,0,0,0,0,0,0,0,0,4,3,0,0,0,0,0,0,0,0,0,0,0,0,0,0,0,3,0,0,0,0,0,4,0,0,0,6,0,0,0,0,3,3,0,4,0,0,0,0,3,3,0,0,0,0,5,4,0,7,0,3,0,0,5,0,3,8,0,0,0,0,5,9,5,3,0,6,0,0,0,3,8,8,0,0,0,0,7,11,9,10,0,0,0,0,0,0,0,0,0,0,0,0,9,0,0,0,0,0
Korora - Emerald Beach,0,0,0,0,5,0,0,0,0,4,3,3,4,0,0,0,0,0,5,0,9,0,0,0,0,0,3,7,4,5,0,5,0,0,6,5,12,7,0,0,6,7,11,5,15,9,0,4,0,4,13,8,13,23,0,13,0,5,20,17,33,46,3,18,3,3,19,9,36,38,0,11,4,0,26,17,42,37,5,20,0,0,17,15,62,40,3,12,3,0,40,46,89,77,6,21,0,0,14,18,7,20,4,11,0,0,38,15,4,75,6,5
Sawtell - Boambee,0,4,5,4,0,0,0,0,0,0,5,0,7,0,0,6,0,5,0,0,4,5,0,0,0,0,0,0,14,3,0,0,0,9,4,3,14,15,0,0,0,4,11,8,21,24,0,12,0,15,26,9,29,42,0,27,3,14,25,13,47,66,3,31,0,9,20,20,59,74,7,33,5,0,32,27,80,101,10,24,0,0,28,25,60,92,4,13,0,0,51,39,124,105,8,19,0,0,10,0,7,12,0,4,0,0,18,8,4,40,4,15
Urunga,0,0,0,0,0,0,0,0,0,0,0,0,0,0,0,0,0,0,0,0,5,3,0,0,0,0,0,0,6,4,0,0,0,3,0,0,0,0,0,5,0,0,0,0,7,10,0,4,0,0,5,0,10,7,0,4,0,0,0,4,18,15,5,8,0,0,11,6,7,12,0,4,0,0,10,4,16,14,3,6,0,0,8,0,30,21,4,4,0,0,6,7,44,14,0,4,0,0,0,0,0,3,0,0,0,0,4,0,5,6,0,0
Woolgoolga - Arrawarra,0,6,0,0,3,0,0,0,0,6,0,0,6,4,0,4,0,3,0,0,9,4,0,0,0,3,6,3,3,6,0,0,0,7,3,6,8,8,0,0,0,0,12,4,22,15,0,0,0,3,11,6,23,30,3,8,0,5,23,19,24,54,0,18,3,3,23,13,31,30,0,14,0,0,24,22,47,51,4,21,0,0,9,12,71,28,4,19,0,0,31,29,74,43,8,17,0,0,5,3,8,0,5,0,0,0,4,3,0,16,0,0
Bourke - Brewarrina,0,0,0,0,0,0,0,0,0,0,0,0,0,0,0,0,0,0,0,0,0,0,0,0,0,0,0,0,0,0,0,0,0,0,0,0,5,5,0,0,0,0,4,0,4,7,0,0,0,3,3,0,0,0,0,3,0,4,4,0,3,0,0,3,0,0,3,6,14,17,0,3,0,0,3,0,4,18,0,9,0,0,5,0,15,8,0,4,0,0,0,3,30,7,5,0,0,0,0,0,7,5,0,0,0,0,0,3,3,6,0,0
Cobar,0,0,0,0,0,0,0,0,0,0,0,0,0,0,0,0,0,0,0,0,0,0,0,0,0,0,0,0,0,0,0,0,0,0,0,0,0,8,0,0,0,0,0,0,0,0,0,0,0,0,5,0,4,0,0,4,0,0,0,0,0,5,0,4,0,0,3,3,12,6,0,0,0,0,0,9,20,15,0,0,0,0,3,10,9,8,0,3,0,0,6,22,24,13,0,0,0,0,0,11,0,0,0,0,0,0,0,7,0,4,0,0
Coonamble,0,4,0,0,0,0,0,0,0,0,0,0,0,0,0,0,0,0,0,0,0,0,0,0,0,0,0,0,0,0,0,0,0,0,5,0,0,0,0,0,0,0,0,3,10,3,0,0,0,0,0,3,3,7,0,0,0,0,5,0,12,6,0,4,0,0,7,0,5,8,0,3,0,0,3,3,17,9,0,6,0,0,0,3,18,3,0,0,0,0,6,4,34,7,0,0,0,0,0,0,0,0,0,0,0,0,0,0,0,3,0,0
Nyngan - Warren,0,0,0,0,0,0,0,0,0,0,0,0,0,0,0,0,0,0,0,0,0,0,0,0,0,0,0,0,0,0,0,0,0,0,3,0,0,0,0,0,0,0,0,0,4,4,0,0,0,0,5,0,0,8,0,0,0,0,7,0,10,12,0,0,0,0,3,0,20,9,0,4,0,0,9,8,20,11,0,3,0,0,8,9,20,6,0,6,0,0,4,18,25,3,3,6,0,0,3,4,0,0,0,3,0,0,0,4,0,4,0,0
Walgett - Lightning Ridge,0,0,0,0,0,0,0,0,0,0,0,0,3,0,0,0,0,0,0,0,0,0,0,0,0,0,0,0,0,0,0,0,0,0,0,0,0,0,0,0,0,0,4,0,5,0,0,0,0,0,8,0,8,5,0,0,0,0,0,3,3,12,0,4,0,3,3,4,14,13,0,0,0,0,0,0,16,12,0,0,0,0,3,3,30,8,0,4,0,0,3,0,27,13,0,3,0,0,0,0,9,0,0,0,0,0,0,0,3,8,0,0
Broken Hill,0,3,0,0,0,0,0,0,0,0,0,0,0,0,0,0,0,0,0,0,4,0,0,3,0,0,3,0,5,6,0,4,0,4,4,0,10,7,0,5,0,6,5,0,11,5,0,14,0,7,9,0,11,19,0,12,0,3,14,12,17,55,3,18,0,4,22,15,33,64,0,21,0,0,21,11,50,75,0,38,0,0,18,14,65,84,5,19,0,0,30,39,96,99,3,34,0,0,0,3,7,12,0,3,0,0,0,6,9,34,0,0
Far West,0,0,0,0,0,0,0,0,0,0,0,0,0,0,0,0,0,0,4,0,0,0,0,0,0,0,0,0,0,0,0,0,0,0,0,3,0,0,0,0,0,0,0,4,0,0,0,0,0,0,0,3,0,0,0,0,0,0,5,0,9,6,0,0,0,0,0,0,7,5,0,0,0,0,0,4,4,4,0,0,0,0,0,6,4,9,0,4,0,0,0,10,5,11,0,0,0,0,0,0,0,0,0,0,0,0,0,0,5,4,0,0
Coonabarabran,0,0,0,0,4,0,0,0,0,0,0,0,3,0,0,3,0,0,0,0,0,0,0,0,0,0,0,0,0,3,0,0,0,0,0,4,3,9,0,0,0,0,0,6,4,8,5,0,0,0,3,0,6,13,0,0,0,0,6,8,19,21,0,6,0,0,3,5,24,13,0,8,0,0,4,4,26,19,0,5,0,0,0,5,37,6,0,4,0,0,4,5,36,12,0,4,0,0,0,0,0,4,0,0,0,0,3,3,4,6,0,0
Dubbo - East,0,0,0,0,0,0,0,0,0,0,0,0,4,0,0,0,0,0,3,0,3,3,0,0,0,0,3,0,0,4,0,0,0,3,5,5,9,11,0,3,0,0,4,3,13,10,0,7,0,4,17,0,8,11,0,5,0,0,24,15,21,31,3,17,0,0,19,13,35,54,5,19,0,5,28,8,26,50,0,27,0,0,15,11,31,29,0,18,0,0,34,33,72,52,0,13,0,0,14,3,4,14,0,5,0,0,5,4,0,31,0,9
Dubbo - South,0,0,0,0,0,0,0,0,0,0,0,0,10,0,0,5,0,0,0,0,9,4,0,7,0,0,0,0,10,10,0,7,0,0,7,3,8,4,0,3,0,5,11,9,18,15,4,9,0,7,30,10,18,23,3,19,0,4,36,22,51,78,0,41,3,12,44,22,64,114,5,48,0,3,53,20,81,116,6,47,0,0,44,33,85,70,0,39,0,0,68,68,152,152,9,57,0,0,11,7,7,25,0,6,0,0,18,6,0,56,4,11
Dubbo - West,0,0,0,0,0,0,0,0,0,0,0,0,0,0,0,0,0,0,0,0,0,0,0,0,0,0,4,0,0,0,0,3,0,0,0,0,4,4,0,0,0,0,5,4,0,8,0,3,0,6,16,0,15,15,0,5,0,3,14,7,18,30,0,16,0,0,27,4,28,24,0,19,0,4,18,5,34,44,6,17,0,4,19,11,37,29,3,15,0,0,36,21,61,37,3,14,0,0,7,6,3,22,0,8,0,0,14,0,3,35,0,3
Dubbo Surrounds,0,0,0,0,0,0,0,0,0,0,0,0,0,0,0,0,0,0,0,0,4,3,0,0,0,0,0,0,0,0,0,0,0,0,0,0,5,5,0,0,0,0,3,0,11,4,0,0,0,3,0,0,5,15,0,3,0,4,9,0,12,19,0,5,0,0,10,12,10,13,0,5,0,0,6,6,17,27,0,11,0,0,11,10,26,15,3,8,3,0,20,9,42,19,0,7,0,0,4,0,0,5,0,0,0,0,8,6,0,8,0,3
Gilgandra,0,0,0,0,0,5,0,0,0,0,0,0,0,0,0,0,0,0,0,0,0,0,0,0,0,0,0,0,0,3,0,0,0,0,0,0,4,6,0,0,0,3,0,5,9,4,0,0,0,0,0,3,4,13,0,3,0,0,6,0,7,19,0,5,0,0,0,0,15,17,0,3,0,3,3,0,8,15,0,0,0,0,0,3,15,4,0,3,0,0,0,3,28,12,0,3,0,0,0,0,0,0,0,0,0,0,0,0,0,3,0,0
Narromine,0,0,0,0,0,0,0,0,0,0,0,0,0,0,0,0,0,0,0,0,0,0,0,0,0,0,0,0,3,0,0,0,0,0,0,0,5,3,0,0,0,0,6,0,4,6,0,0,0,0,4,0,10,8,0,0,0,0,4,6,15,9,0,4,0,0,0,11,19,18,0,0,0,0,13,6,18,9,0,9,0,0,5,0,23,6,0,4,0,0,6,12,20,15,0,4,0,0,0,3,3,0,0,0,0,0,6,0,0,5,0,0
Wellington,0,0,0,0,0,0,0,0,0,0,0,0,0,0,0,0,0,0,0,0,0,0,0,0,0,0,0,0,0,4,0,0,0,0,4,0,5,5,0,5,0,0,0,0,7,12,0,5,0,0,8,3,10,10,0,0,0,0,5,7,13,16,0,10,4,0,9,3,19,14,3,4,0,0,10,8,13,12,3,9,0,0,13,0,28,17,0,7,0,0,6,7,38,11,7,0,0,0,5,0,0,3,0,0,0,0,5,0,5,3,0,0
Branxton - Greta - Pokolbin,0,0,3,0,0,0,0,0,0,0,5,0,0,0,0,0,0,4,0,0,7,4,0,4,0,0,4,0,7,0,0,0,0,4,5,6,13,7,0,0,0,3,4,3,10,17,0,4,0,6,18,10,18,15,5,6,0,0,20,12,16,30,0,13,0,4,25,19,39,22,7,12,0,0,16,19,27,35,0,13,0,0,11,15,33,37,6,5,0,3,50,41,57,29,8,8,0,0,5,20,0,10,3,0,0,0,23,22,0,13,4,7
Cessnock,0,7,3,0,0,0,0,0,0,5,3,0,0,0,0,0,0,0,6,0,7,0,0,0,0,3,3,3,3,4,0,0,3,4,4,3,9,18,0,5,3,0,11,0,5,25,5,3,0,0,16,8,17,31,0,8,0,0,18,16,22,51,0,0,0,5,16,6,39,29,5,13,0,0,18,11,35,39,8,15,0,0,11,13,47,23,0,13,0,0,36,19,53,31,6,10,0,0,8,3,0,10,0,4,0,0,10,13,0,5,3,0
Cessnock Surrounds,0,3,0,0,0,0,0,0,0,0,0,0,4,4,0,0,0,0,0,0,5,0,0,3,0,3,0,0,0,6,0,0,0,6,3,5,5,7,0,0,0,3,7,7,10,12,0,4,0,0,9,8,7,16,0,0,0,3,15,13,15,22,0,10,0,5,8,17,20,17,0,3,0,3,19,8,20,27,0,7,0,0,16,5,17,15,4,3,0,0,24,10,31,31,8,13,0,5,8,6,6,6,0,4,0,0,17,15,0,8,8,3
Dungog,0,0,0,0,0,0,0,0,0,0,3,0,0,0,0,0,0,0,0,0,0,0,0,0,0,4,0,0,8,3,0,4,0,3,4,5,5,5,0,0,0,0,5,8,9,19,0,6,0,0,8,9,11,19,7,3,0,0,15,4,19,28,0,3,0,0,7,13,22,15,4,3,0,0,21,12,22,23,0,7,0,0,20,8,23,10,3,8,0,0,26,23,39,23,8,8,0,0,9,6,4,4,0,0,0,0,19,18,0,10,3,5
Kurri Kurri - Abermain,0,0,0,0,0,0,0,0,0,3,0,0,3,0,0,0,0,0,0,0,0,0,0,0,0,0,6,4,3,8,0,0,0,0,5,6,5,11,0,0,0,0,12,3,16,21,3,5,0,0,16,3,25,22,0,7,0,0,26,4,30,48,3,17,0,0,28,13,31,45,11,16,0,0,24,17,22,40,8,14,0,0,22,8,37,38,4,17,0,0,29,25,46,40,19,8,0,0,4,6,0,0,3,0,0,0,5,3,0,5,3,0
Singleton,0,0,0,0,3,0,0,0,0,0,0,0,6,0,0,0,0,0,0,0,3,0,0,3,0,0,0,0,7,9,0,0,0,0,0,0,7,10,0,5,0,5,8,0,16,16,0,5,0,0,9,3,18,17,0,8,0,0,24,7,21,37,3,13,0,3,22,19,30,30,0,17,0,0,43,14,40,27,0,9,0,0,16,19,38,22,4,5,3,0,55,99,43,26,10,9,0,0,19,32,0,4,0,0,0,0,17,49,0,10,6,4
Singleton Surrounds,0,0,0,0,0,4,0,0,0,0,4,3,4,0,0,0,0,0,0,3,0,0,0,0,0,0,0,3,0,3,0,0,0,0,0,0,0,3,0,0,0,0,0,0,6,3,0,0,0,0,0,3,3,6,0,0,0,0,9,8,6,8,0,0,0,0,11,3,5,9,0,3,0,0,0,0,4,10,0,0,0,0,0,11,11,0,0,0,0,5,7,19,17,9,0,4,0,0,10,8,0,3,0,0,0,0,14,17,0,3,0,4
Maitland,0,0,0,0,3,0,0,0,0,0,0,5,3,0,0,0,0,0,4,0,0,0,0,0,0,5,0,0,10,0,0,4,0,0,0,4,0,3,0,0,0,0,9,0,7,8,0,3,0,3,6,5,4,16,7,8,0,0,18,7,9,25,3,11,0,0,19,15,17,30,3,8,0,0,13,11,26,45,3,12,0,0,9,14,31,25,5,6,4,3,15,32,46,28,7,4,0,0,7,8,0,8,0,0,0,0,9,8,0,17,0,0
Maitland - North,0,0,3,0,4,0,0,0,3,0,0,0,0,5,0,0,0,0,0,0,4,3,0,0,0,0,0,4,5,5,0,0,0,5,3,0,13,10,0,0,0,5,0,0,20,16,0,8,0,5,11,3,14,19,3,5,0,0,20,9,24,35,3,8,0,0,21,9,34,22,3,10,0,0,19,13,39,42,0,9,0,0,16,15,54,22,0,14,0,0,61,46,73,54,10,19,0,0,7,12,9,3,0,6,0,0,21,25,5,24,0,7
East Maitland - Metford,0,0,0,0,5,4,0,0,0,0,0,0,7,0,0,3,0,0,0,0,7,0,0,9,0,0,0,0,5,9,0,10,0,7,7,6,11,7,0,3,0,0,16,0,7,13,4,8,0,6,14,12,26,24,5,10,0,5,37,13,37,67,10,15,0,0,46,23,41,59,10,21,0,0,44,19,47,56,9,21,0,0,36,22,70,39,17,14,0,5,56,70,102,62,25,18,0,0,9,21,3,20,3,3,0,0,16,15,0,33,4,6
Rutherford (North) - Aberglasslyn,0,4,0,0,6,0,0,0,0,0,9,3,3,4,0,0,0,4,4,0,5,6,0,0,0,0,0,0,9,0,0,7,0,3,3,5,7,14,0,0,0,0,7,3,13,12,0,0,0,5,16,7,20,22,0,3,0,5,27,13,30,52,5,11,0,3,28,7,26,58,4,12,0,4,27,15,35,49,0,19,3,0,30,16,37,46,13,12,0,8,55,36,57,50,11,12,0,0,10,19,0,7,0,5,0,0,8,15,5,12,5,5
Rutherford (South) - Telarah,0,0,0,5,0,0,3,0,0,0,0,0,0,0,0,0,0,0,0,3,3,0,0,0,0,0,0,0,0,5,0,0,0,0,0,0,0,5,0,0,0,5,8,5,0,6,0,0,0,0,10,0,6,12,0,0,0,0,14,5,7,24,4,4,0,0,6,7,15,18,0,6,0,0,14,9,19,23,0,8,3,0,9,7,12,21,0,10,0,0,12,13,15,15,3,5,0,0,0,0,0,0,0,0,0,0,0,4,0,3,0,0
Tenambit - East Maitland,0,0,0,0,3,0,0,0,0,0,0,0,3,0,0,0,0,4,0,0,4,0,0,0,0,0,0,0,0,0,0,0,0,0,0,0,9,7,0,3,0,0,0,4,14,12,0,3,0,5,4,6,16,15,0,0,0,0,20,9,21,21,0,13,0,0,22,13,28,29,4,18,0,0,21,14,41,46,6,17,0,0,23,7,34,27,8,11,0,0,44,33,59,28,9,9,0,0,5,8,3,9,0,0,0,0,12,16,0,5,0,4
Thornton - Millers Forest,0,0,0,0,0,0,0,0,0,0,3,0,0,4,0,0,0,0,0,0,4,3,0,0,0,0,6,0,9,8,0,0,0,0,4,0,16,3,0,0,0,5,15,3,12,18,0,0,0,0,18,8,20,34,0,5,3,0,47,18,30,52,8,12,0,0,31,31,42,68,13,13,0,0,39,16,44,78,5,28,3,0,38,24,63,53,13,21,3,0,83,60,80,66,44,28,0,0,10,13,6,6,8,4,0,0,19,18,0,17,3,3
Anna Bay,0,0,3,0,0,0,0,0,0,0,0,4,0,3,0,0,0,0,0,0,3,5,0,0,0,0,0,0,0,0,0,0,0,0,5,0,0,7,0,0,0,0,13,3,9,4,0,8,0,0,9,3,12,8,0,0,0,0,4,7,15,17,0,0,0,3,7,8,9,16,0,4,0,0,8,14,11,15,0,0,3,0,7,8,16,5,0,8,0,0,17,25,25,6,5,5,0,0,4,4,0,3,0,0,0,0,9,10,0,7,5,0
Lemon Tree Passage - Tanilba Bay,0,0,0,0,3,0,0,0,0,6,0,0,0,0,0,0,0,0,5,0,0,0,0,0,0,0,0,0,3,0,0,0,0,0,5,0,0,5,0,0,0,0,0,0,5,12,0,4,0,0,0,0,5,8,0,5,0,0,6,0,7,15,0,0,0,0,6,3,3,11,0,6,0,0,9,4,5,7,0,0,0,0,11,4,9,6,0,0,0,0,8,12,16,12,10,0,0,0,3,0,0,0,0,0,0,0,4,6,0,0,3,0
Nelson Bay Peninsula,0,3,0,3,4,0,0,0,0,0,0,8,3,0,0,0,0,0,6,4,0,4,0,8,0,0,3,5,6,7,0,3,0,3,10,3,23,14,0,4,0,3,23,7,22,27,0,8,0,3,21,10,34,31,4,8,0,4,38,19,21,36,7,15,0,0,32,26,37,43,5,13,0,0,36,16,48,53,12,23,0,6,34,19,59,28,5,3,3,0,73,71,87,33,27,22,0,0,28,18,12,10,4,0,0,0,36,24,3,46,8,5
Raymond Terrace,0,0,0,0,4,3,0,0,0,3,0,0,3,0,0,0,0,0,0,0,3,7,0,5,0,0,0,0,6,5,0,0,0,3,7,0,7,9,0,4,0,3,6,0,11,16,0,3,0,4,11,0,6,23,0,3,0,0,30,11,24,27,4,12,0,0,11,8,18,27,0,10,0,0,24,8,22,25,7,10,5,0,17,6,25,23,6,0,0,0,18,11,31,15,18,4,0,0,0,3,0,3,0,0,0,0,0,5,0,4,0,0
Seaham - Woodville,0,0,0,0,4,0,0,0,0,0,0,0,0,0,0,0,0,0,0,0,0,6,0,0,0,0,0,5,0,5,0,0,0,0,4,0,5,8,0,0,0,0,9,0,9,15,0,0,0,0,7,8,4,16,0,4,0,0,6,5,10,28,0,0,0,0,17,3,8,12,0,4,0,0,9,12,22,20,0,4,0,0,9,8,17,14,3,3,0,0,22,23,38,17,12,9,0,0,4,7,6,0,3,4,0,0,17,14,4,10,0,10
Tea Gardens - Hawks Nest,0,0,0,0,0,0,0,0,0,0,0,0,0,0,0,0,0,0,0,0,0,4,0,0,0,3,4,0,5,5,0,0,0,0,0,0,0,4,0,5,0,0,3,5,4,7,0,0,0,0,0,0,7,3,0,5,0,0,4,5,4,8,0,0,0,0,9,0,6,10,0,6,0,0,0,3,5,9,0,0,0,0,5,0,7,13,0,4,0,0,8,8,13,7,4,9,0,0,0,0,0,4,0,0,0,0,11,8,0,6,0,4
Williamtown - Medowie - Karuah,0,4,5,0,0,0,0,0,0,0,0,4,5,0,0,0,0,5,6,4,0,0,0,7,0,0,0,0,3,0,0,0,0,0,7,0,12,12,0,3,0,3,12,0,14,22,0,10,0,0,15,7,14,21,0,5,0,4,20,10,16,47,8,20,0,0,19,6,29,28,5,10,0,0,22,16,37,39,8,15,0,0,20,15,27,24,11,9,0,0,31,42,51,45,22,8,0,0,7,18,0,0,8,0,0,0,12,23,0,4,5,4
Muswellbrook,0,0,0,0,0,0,0,3,0,0,0,0,0,0,0,0,0,0,4,0,0,0,0,0,0,0,0,0,4,0,0,0,0,5,3,0,3,9,0,0,0,0,7,0,8,9,0,0,0,3,5,6,10,10,0,6,0,9,9,5,24,13,0,0,0,0,9,9,12,14,0,9,0,0,6,14,24,21,0,13,0,0,6,11,27,14,0,5,0,0,13,41,50,31,8,0,0,0,0,11,0,4,0,0,0,0,6,6,0,8,0,0
Muswellbrook Surrounds,0,0,0,0,0,0,0,0,0,0,0,0,0,0,0,0,0,0,0,0,0,0,0,0,0,0,3,0,0,0,0,0,0,0,0,0,3,0,0,0,0,0,3,3,3,0,0,0,0,0,3,0,3,10,0,0,0,0,0,4,6,8,0,3,0,0,4,4,10,8,0,4,0,0,6,6,5,4,0,0,0,0,7,0,10,0,3,0,0,0,7,7,18,5,6,0,0,0,4,4,0,0,0,0,0,0,9,4,3,0,0,0
Scone,0,0,0,0,3,0,0,0,0,0,0,0,0,0,0,0,0,0,0,0,0,0,0,0,0,0,0,3,0,3,0,0,0,0,0,0,5,5,0,0,0,0,0,0,6,12,0,0,0,0,4,3,6,3,0,0,0,0,9,12,14,18,0,5,0,3,5,8,16,16,0,5,0,4,8,10,15,12,0,3,0,0,5,7,31,12,4,6,0,0,18,28,43,11,4,8,0,0,5,5,0,3,0,0,0,0,8,9,0,7,0,4
Scone Surrounds,0,0,0,0,0,0,0,0,0,0,0,0,0,0,0,0,0,0,0,3,4,0,0,0,0,0,0,0,5,8,0,0,0,0,3,4,9,6,0,0,0,0,4,0,0,11,0,0,0,0,7,3,17,11,0,0,0,3,11,10,9,12,0,3,0,0,3,6,23,17,0,3,3,0,10,8,6,12,0,3,0,0,5,6,20,8,0,0,0,0,12,14,37,9,0,8,0,0,5,6,0,3,0,0,0,0,8,6,0,3,0,0
Dapto - Avondale,0,5,0,0,9,0,0,0,0,3,0,0,8,0,0,0,0,0,4,0,5,4,0,4,0,6,6,4,3,8,0,3,0,3,10,4,10,24,0,3,0,5,12,8,24,36,6,7,0,4,26,12,23,36,4,7,5,0,38,12,40,52,10,24,0,4,27,16,42,53,9,21,5,5,42,23,46,62,10,20,3,4,39,12,59,55,14,16,8,4,57,42,79,62,30,9,0,0,7,9,4,11,3,4,0,0,12,9,0,14,9,5
Horsley - Kembla Grange,0,0,0,0,0,0,0,0,0,0,0,0,7,0,0,0,0,0,5,0,9,0,0,0,0,0,0,0,3,3,0,0,0,0,9,4,7,7,0,6,0,0,13,8,19,14,0,7,0,4,12,5,29,24,6,11,5,0,31,16,23,34,11,12,0,3,36,12,39,37,8,21,3,3,43,16,35,60,13,14,0,0,20,18,37,57,12,13,9,0,47,29,70,54,33,16,0,0,20,16,0,11,3,6,0,0,4,5,3,16,10,0
Port Kembla Industrial,0,0,0,0,0,0,0,0,0,0,0,0,0,0,0,0,0,0,0,0,0,0,0,0,0,0,0,0,0,0,0,0,0,0,0,0,0,0,0,0,0,0,0,0,0,0,0,0,0,0,0,0,0,0,0,0,0,0,0,0,0,0,0,0,0,0,0,0,0,0,0,0,0,0,0,0,0,0,0,0,0,0,0,0,0,0,0,0,0,0,0,0,0,0,0,0,0,0,0,0,0,0,0,0,0,0,0,0,0,0,0,0
Unanderra - Mount Kembla,0,5,3,0,4,0,0,0,0,0,3,3,3,5,0,3,0,0,0,3,7,3,0,3,0,0,5,0,10,4,0,0,0,7,9,9,17,3,0,5,7,0,15,4,20,13,4,4,0,6,24,9,24,28,5,15,3,0,40,16,51,44,12,22,6,4,42,26,32,50,8,17,0,0,48,25,49,58,11,22,7,3,32,33,70,51,16,16,3,0,63,77,130,75,29,25,0,0,15,22,6,10,4,3,4,0,23,22,0,42,4,0
Berkeley - Lake Heights - Cringila,0,0,0,0,3,0,0,0,0,0,0,0,0,5,0,0,0,0,0,4,3,0,0,0,0,0,0,0,7,6,0,0,0,0,4,0,4,12,0,4,0,5,8,6,11,18,0,6,0,7,11,4,13,14,0,10,0,0,23,12,17,32,8,12,0,0,23,21,19,16,4,19,0,0,18,10,31,22,0,11,0,4,16,12,30,19,5,8,0,10,21,29,40,14,9,5,0,0,4,3,5,0,8,4,0,0,5,3,0,7,5,0
Port Kembla - Warrawong,0,0,0,0,0,3,0,0,0,0,0,0,0,0,0,0,0,0,0,0,0,0,0,0,0,0,0,0,4,0,0,0,0,0,4,0,4,11,0,0,0,0,5,4,7,9,0,5,0,0,9,0,9,16,0,10,0,0,10,7,14,18,3,8,0,0,17,5,21,15,0,5,0,0,19,12,12,24,0,9,3,4,8,13,13,17,4,5,0,0,21,16,25,20,9,7,0,0,4,9,3,9,3,0,0,0,5,3,0,8,0,0
Windang - Primbee,0,0,0,0,0,0,0,0,0,0,0,0,0,0,0,0,0,0,0,0,0,0,0,0,0,0,6,0,0,0,0,0,0,0,0,0,0,0,0,0,0,0,0,0,3,3,0,4,0,0,0,0,4,3,0,5,0,0,4,0,6,7,7,3,0,0,14,4,11,0,0,7,0,0,4,3,15,10,0,3,0,0,5,5,13,0,0,6,0,0,9,5,18,10,4,4,0,0,4,0,0,3,0,0,0,0,4,4,3,5,0,3
Illawarra Catchment Reserve,0,0,0,0,0,0,0,0,0,0,0,0,0,0,0,0,0,0,0,0,0,0,0,0,0,0,0,0,0,0,0,0,0,0,0,0,0,0,0,0,0,0,0,0,0,0,0,0,0,0,0,0,0,0,0,0,0,0,0,0,0,0,0,0,0,0,0,0,0,0,0,0,0,0,0,0,0,0,0,0,0,0,0,0,0,0,0,0,0,0,0,0,0,0,0,0,0,0,0,0,0,0,0,0,0,0,0,0,0,0,0,0
Albion Park - Macquarie Pass,0,0,0,4,8,0,0,0,0,0,5,0,5,0,0,0,0,0,0,0,12,0,0,0,0,0,3,3,4,8,0,0,0,0,7,9,18,17,0,7,0,0,8,3,17,23,4,10,0,5,26,8,31,34,4,18,0,0,49,12,41,65,10,18,3,5,51,21,46,70,14,27,0,0,59,19,59,67,15,23,3,0,27,19,71,46,10,11,3,11,63,54,113,65,33,20,0,0,11,13,3,8,3,0,0,0,10,13,0,4,10,0
Albion Park Rail,0,0,0,0,0,0,0,0,0,0,0,0,0,0,0,0,0,0,0,0,3,0,0,3,0,0,0,0,0,5,0,0,0,3,0,0,0,0,0,4,0,0,5,0,0,11,0,7,3,0,8,0,7,11,0,7,0,3,3,7,6,15,0,10,0,0,13,3,15,15,0,8,0,0,5,7,6,9,4,3,0,0,6,4,16,20,0,4,0,0,12,6,19,4,3,0,0,0,4,5,3,0,0,0,0,0,0,0,0,5,0,0
Kiama,0,4,3,0,0,0,0,0,0,3,0,0,7,0,0,0,0,0,0,0,5,0,0,4,0,0,5,0,8,4,0,3,0,0,5,4,5,10,0,4,0,5,14,5,14,10,3,0,0,4,6,3,15,20,5,3,0,10,21,11,35,21,0,18,0,6,28,18,35,35,0,3,0,0,25,21,30,45,0,16,0,5,20,16,38,28,5,9,0,7,40,41,69,47,18,21,0,3,12,23,10,9,6,4,0,5,19,15,0,37,5,8
Kiama Downs - Minnamurra,0,0,0,0,0,0,0,0,0,0,3,0,0,0,0,0,0,3,0,0,0,0,0,0,0,0,0,0,3,9,0,0,0,0,0,0,8,3,0,0,0,0,0,0,11,17,0,6,0,4,11,9,15,17,0,10,0,5,16,10,17,30,3,7,0,0,16,13,28,25,4,7,0,3,15,9,23,16,3,7,0,6,19,4,47,19,0,9,0,0,21,36,69,32,14,12,0,0,7,3,3,6,0,0,0,0,14,13,3,20,6,3
Kiama Hinterland - Gerringong,0,0,0,0,0,0,0,0,0,0,5,0,5,0,0,4,0,3,7,3,7,5,0,0,0,0,0,0,3,0,0,0,0,6,6,6,9,11,0,3,0,11,4,3,12,16,3,4,0,3,11,6,30,18,0,3,4,10,15,13,27,20,0,11,3,0,22,12,28,28,0,18,0,5,23,14,30,36,8,11,3,0,16,17,47,19,4,10,0,9,35,48,69,42,7,26,0,0,17,12,3,15,5,0,0,3,43,33,0,28,7,9
Shellharbour - Flinders,0,0,0,0,0,0,0,0,0,0,5,3,6,5,0,4,0,3,4,3,11,0,0,0,0,4,3,5,7,5,0,0,0,0,12,5,8,8,0,4,3,3,12,5,33,30,3,5,0,5,32,12,33,36,9,11,3,0,44,19,67,47,4,21,4,4,62,18,60,51,11,20,0,0,40,31,66,58,18,27,5,0,40,19,73,52,14,31,0,5,96,88,106,95,39,27,0,4,27,28,9,22,14,0,0,0,41,28,0,49,11,6
Shellharbour - Oak Flats,0,0,0,0,0,0,0,0,0,0,0,0,3,0,0,4,0,0,0,0,0,0,0,0,0,0,4,0,0,0,0,0,0,0,3,0,4,8,0,0,0,0,4,6,8,5,0,5,0,0,14,7,20,20,0,3,0,0,12,8,27,27,7,11,0,3,20,6,26,21,5,14,0,5,29,12,24,32,4,10,0,0,12,9,32,17,3,5,0,4,26,20,49,34,17,12,0,0,5,4,0,6,5,0,0,0,7,7,0,15,0,0
Warilla,0,0,0,0,0,0,0,0,0,0,0,0,0,0,0,4,0,0,0,5,3,0,0,3,0,0,5,0,13,3,0,0,0,3,9,4,5,5,0,0,0,0,13,4,12,13,0,12,0,5,19,12,12,30,5,14,0,3,12,13,40,43,4,12,0,3,26,9,34,45,4,18,0,6,31,12,36,52,4,11,0,0,17,19,49,38,14,10,0,0,31,18,48,38,21,8,0,0,10,10,4,5,0,0,0,0,7,3,3,8,3,0
Balgownie - Fairy Meadow,0,0,0,0,5,0,0,0,0,4,4,6,9,8,0,0,0,4,4,0,11,4,0,0,0,0,0,3,15,3,6,5,0,4,13,10,27,9,0,8,0,6,17,8,32,19,0,16,3,0,43,23,42,40,7,21,7,16,59,28,61,65,11,29,3,5,67,32,79,69,12,35,10,4,69,57,67,73,22,35,0,7,66,37,93,62,29,26,8,9,115,104,178,84,58,32,0,0,28,16,9,18,10,4,5,0,40,29,12,56,26,18
Corrimal - Tarrawanna - Bellambi,0,0,0,0,8,0,0,0,0,3,0,0,3,0,0,0,0,3,5,0,9,4,0,0,0,4,4,4,5,0,4,4,0,3,7,3,8,5,0,11,0,10,12,6,25,19,0,9,0,7,31,11,28,17,6,12,3,3,37,20,48,54,9,18,4,13,36,21,50,47,17,28,8,10,33,31,62,53,9,26,4,0,44,30,62,49,14,17,0,4,79,59,125,59,30,28,0,3,9,15,9,12,4,0,0,4,33,11,0,13,12,7
Figtree - Keiraville,0,0,0,0,9,0,0,6,6,7,0,3,23,3,4,3,3,0,11,4,21,7,3,8,0,6,7,8,22,6,8,3,0,0,10,15,40,15,4,9,0,0,23,14,34,32,8,16,3,4,44,33,38,41,12,10,3,6,62,46,77,73,19,35,3,6,60,47,93,82,13,21,0,5,76,45,86,105,33,36,11,9,50,43,133,76,30,19,15,10,127,109,212,117,70,40,3,5,28,30,28,19,13,4,0,0,33,30,33,99,24,19
Helensburgh,0,0,0,4,3,0,0,0,0,0,0,0,6,0,0,0,0,0,4,0,5,0,0,0,0,3,0,0,5,5,0,3,0,0,6,8,8,0,0,4,0,0,3,5,22,11,0,0,6,5,11,7,18,17,0,4,3,7,21,20,33,19,3,9,0,7,29,21,40,22,0,17,0,4,20,28,34,22,3,10,3,4,28,11,50,24,5,10,5,14,62,62,72,43,29,24,0,3,27,15,10,4,9,6,0,0,50,14,4,20,22,8
Thirroul - Austinmer - Coalcliff,3,4,0,0,6,0,0,3,0,0,0,0,10,5,0,0,0,5,0,3,9,0,0,0,0,4,9,3,4,10,0,0,0,6,7,5,16,13,0,4,3,6,11,14,29,19,4,0,0,14,20,11,34,32,0,14,4,21,28,20,42,46,4,20,6,18,45,31,45,46,3,30,3,21,39,38,56,40,9,24,6,13,31,35,68,41,8,30,15,28,89,72,150,58,26,45,0,5,31,20,21,23,3,4,3,11,95,46,37,100,20,34
Woonona - Bulli - Russell Vale,0,3,3,0,8,0,0,0,3,5,7,0,3,9,0,4,0,4,4,4,15,5,3,0,0,5,4,3,10,9,0,0,0,4,14,15,17,15,0,7,0,12,14,16,35,27,0,6,3,4,23,19,51,43,0,15,3,12,55,27,83,72,4,25,0,10,62,30,70,79,4,23,11,11,66,49,89,78,18,36,3,7,66,40,117,66,8,32,17,8,135,104,196,124,56,43,4,0,33,33,14,21,19,5,3,0,54,51,12,58,19,12
Wollongong - East,0,0,0,5,6,5,0,0,3,3,5,0,8,0,0,4,0,6,7,0,5,3,0,8,0,0,11,0,7,3,0,3,9,7,14,9,25,5,5,8,0,10,24,9,24,21,3,13,5,20,38,34,29,27,0,19,8,13,72,43,48,61,17,39,10,10,67,62,73,93,26,36,8,4,76,66,71,99,22,42,12,9,53,45,88,73,22,22,6,3,122,112,126,116,54,49,6,0,24,15,11,22,12,8,3,0,32,20,17,83,15,15
Wollongong - West,0,4,0,0,5,5,0,6,0,0,5,0,9,4,3,4,0,4,5,9,17,4,0,0,0,4,6,6,8,4,6,0,9,0,20,6,18,9,4,3,0,8,13,9,28,19,4,11,3,6,32,21,31,26,9,32,3,11,56,36,52,74,17,32,0,0,51,44,46,72,26,32,6,9,63,53,73,99,39,30,13,8,32,19,80,92,26,20,13,10,79,84,116,101,58,16,0,0,13,21,14,27,21,3,0,3,9,24,9,52,12,11
Bulahdelah - Stroud,0,0,0,0,0,0,0,0,0,0,0,0,0,0,0,0,0,0,0,0,0,4,0,0,0,0,0,0,0,0,0,0,0,0,0,0,0,3,0,0,0,0,7,3,4,8,0,0,0,0,4,4,8,12,0,0,0,0,6,0,6,12,0,0,0,0,3,0,5,10,0,3,0,0,10,0,12,11,0,0,0,0,3,0,9,5,0,0,0,0,12,12,12,9,7,3,0,0,3,0,0,0,0,0,4,0,4,4,0,0,0,0
Forster,0,0,0,0,4,0,0,0,0,0,0,0,4,0,0,0,0,3,3,7,5,3,0,3,0,0,5,0,11,6,0,0,0,3,13,7,6,16,0,10,0,6,8,0,13,21,3,3,0,0,16,3,14,42,0,0,0,6,18,9,24,38,5,22,0,0,12,13,26,50,0,13,0,0,17,7,39,49,4,15,0,0,13,16,42,47,0,6,0,0,23,18,55,52,3,21,0,0,6,0,0,8,0,0,0,0,11,3,4,45,0,4
Forster-Tuncurry Surrounds,0,0,0,0,0,0,0,0,0,0,4,4,0,0,0,0,0,0,0,0,0,0,0,0,0,4,0,6,0,3,0,0,0,5,0,0,7,8,0,3,0,5,6,6,3,6,0,0,0,0,3,0,6,17,0,0,0,0,13,8,14,18,0,0,0,0,8,9,5,12,0,12,0,0,12,4,20,12,0,6,0,0,8,4,25,10,4,6,0,0,20,11,22,13,5,0,0,0,5,0,4,3,0,0,0,0,24,0,0,10,3,8
Tuncurry,0,0,0,0,0,0,0,0,0,0,0,0,0,0,0,0,0,0,0,0,0,0,0,3,0,0,0,0,4,0,0,4,0,5,0,0,0,6,0,5,0,0,0,0,3,11,0,0,0,0,10,0,9,14,0,6,0,0,3,4,7,14,0,4,0,0,8,0,9,14,0,3,0,0,10,5,7,12,0,0,0,0,3,6,8,12,0,4,0,0,7,5,21,15,0,0,0,0,0,0,0,4,6,0,0,0,6,0,0,5,0,0
Kempsey,0,0,0,0,3,0,0,0,0,0,0,0,5,0,0,0,0,4,6,0,0,0,0,3,0,0,0,0,5,6,0,3,0,0,6,0,8,11,3,4,0,0,6,7,17,20,0,5,0,0,9,4,17,21,0,11,0,0,28,7,18,41,0,8,0,0,11,3,31,41,0,16,0,0,11,0,28,29,0,14,0,0,9,3,34,17,0,12,0,0,9,9,51,45,0,11,0,0,5,0,0,3,0,0,0,0,4,4,0,17,0,5
Kempsey Surrounds,0,0,0,0,0,0,0,0,0,4,0,0,3,0,0,0,0,0,0,0,5,5,0,0,0,6,7,0,0,3,0,3,0,0,0,0,4,11,0,5,0,4,5,0,12,11,0,6,0,0,7,4,15,24,0,7,0,4,11,0,28,20,3,7,0,0,18,3,25,25,0,5,0,0,13,12,31,33,0,15,0,5,10,4,31,17,0,7,0,5,25,20,32,25,0,6,0,0,4,3,0,3,0,7,0,0,5,0,0,6,0,0
Macksville - Scotts Head,0,0,0,0,0,0,0,0,0,0,0,0,0,0,0,0,0,0,4,0,0,0,0,0,0,0,0,3,4,4,0,0,0,0,0,0,4,3,0,3,0,0,0,0,3,5,0,0,0,3,4,0,13,5,0,3,0,0,5,0,13,23,0,4,0,0,4,0,11,14,0,5,0,0,9,4,14,20,0,3,0,0,4,0,20,8,0,4,4,0,9,4,23,6,0,4,0,0,0,4,0,0,0,0,0,0,4,3,0,0,0,0
Nambucca Heads,0,0,0,0,0,0,0,0,0,0,0,0,0,0,0,0,0,0,0,0,0,3,0,0,0,0,0,6,8,3,0,0,0,0,0,4,4,0,0,0,0,0,3,0,9,6,0,0,0,0,8,0,0,10,0,3,0,0,9,3,16,18,0,4,0,0,11,3,12,17,0,13,0,0,11,6,12,15,0,3,0,0,0,0,11,3,0,4,0,0,5,4,36,11,4,0,0,0,0,0,0,0,0,0,0,0,6,0,0,6,0,5
Nambucca Heads Surrounds,0,3,0,0,0,0,0,0,0,0,0,0,3,0,0,0,0,3,3,0,5,3,0,0,0,4,0,4,0,5,0,0,0,0,4,3,7,9,0,3,0,5,7,0,3,13,0,0,0,3,11,4,14,17,0,0,0,0,11,3,24,22,0,5,0,5,6,12,22,19,0,6,0,6,4,4,19,17,0,12,0,0,8,12,37,11,0,9,0,0,9,7,46,15,0,3,0,0,5,0,0,3,0,0,0,0,9,4,0,14,0,0
South West Rocks,0,0,0,0,0,0,0,0,0,0,0,0,0,0,0,0,0,4,0,0,0,0,0,0,0,0,0,0,5,0,0,0,0,4,4,0,3,3,0,4,0,0,4,3,4,10,0,0,0,0,0,0,5,6,0,6,0,0,9,5,14,4,0,4,0,0,8,5,8,14,0,3,0,0,3,7,21,12,0,0,0,0,6,6,17,11,0,3,0,0,9,6,18,16,0,8,0,0,0,3,3,3,0,0,0,0,0,0,4,5,0,3
Lord Howe Island,0,0,0,0,0,0,0,0,0,0,0,0,0,0,0,0,0,0,0,0,0,0,0,0,0,0,0,0,0,0,0,0,0,0,0,0,0,0,0,0,0,0,0,4,0,0,0,0,0,0,0,6,0,0,0,0,0,0,0,4,0,0,0,0,0,0,0,0,0,0,0,0,0,0,0,0,0,0,0,0,0,0,0,0,0,0,0,0,0,0,0,0,0,0,0,0,0,0,0,0,0,0,0,0,0,0,0,0,0,0,0,0
Laurieton - Bonny Hills,0,3,0,0,4,0,0,0,0,0,0,5,7,4,0,0,0,5,0,6,7,4,4,7,0,0,4,6,9,10,0,0,0,3,3,10,9,9,0,12,0,3,10,8,13,25,0,4,0,6,24,6,31,32,3,13,0,3,26,12,25,44,6,18,0,0,17,13,35,42,8,15,0,0,23,14,58,55,4,11,0,0,12,6,86,40,3,13,4,0,42,14,118,26,11,20,0,0,9,0,0,3,0,0,0,0,9,4,3,9,6,0
Port Macquarie - West,0,0,0,0,0,6,0,0,0,0,0,5,9,4,0,0,0,3,3,6,5,3,0,4,0,0,7,3,13,10,0,3,0,0,6,9,5,15,0,7,0,0,13,8,18,36,5,9,4,0,27,0,33,49,3,13,0,3,34,19,30,69,4,28,0,0,36,27,40,108,3,29,0,6,29,13,63,112,8,15,0,3,31,15,69,81,9,13,0,3,49,38,85,114,13,23,0,0,9,11,4,15,0,0,0,0,11,15,0,51,11,9
Port Macquarie Surrounds,0,0,0,0,0,0,0,0,0,0,0,7,0,0,0,0,0,0,0,0,0,0,0,0,0,4,4,0,0,4,0,0,0,0,6,0,0,8,0,0,0,0,0,0,6,8,0,5,0,0,0,0,9,12,0,0,0,0,5,3,10,11,0,8,0,0,14,0,7,13,0,4,0,0,9,3,13,19,0,5,0,0,4,4,9,8,5,5,0,0,13,3,21,8,8,13,0,0,0,0,0,0,4,0,0,0,0,0,3,6,0,0
Wauchope,0,0,0,0,0,0,0,0,0,0,0,0,9,0,0,0,0,0,5,0,3,0,0,0,0,0,0,0,3,7,0,0,0,0,0,0,3,4,0,0,0,0,8,0,11,14,0,6,0,3,16,3,8,24,0,6,0,4,15,4,23,33,0,9,0,0,17,4,24,44,0,18,0,0,17,4,28,39,4,7,0,0,20,4,35,38,0,7,0,0,19,11,59,34,3,19,0,0,5,0,0,6,0,0,0,0,8,5,0,30,0,0
Port Macquarie - East,0,0,0,0,11,0,0,0,0,3,0,3,3,3,0,3,0,0,3,4,5,0,4,0,0,0,5,0,8,6,0,4,0,0,8,0,15,10,0,0,0,0,3,8,17,16,6,17,0,10,13,10,15,28,0,3,0,3,35,17,34,55,5,13,0,0,24,13,48,59,3,21,5,0,23,15,45,82,3,17,3,4,16,20,79,65,11,28,0,0,51,44,105,77,8,26,0,0,19,5,3,22,4,7,0,0,26,8,4,108,0,11
Port Macquarie - South,0,0,0,3,5,0,0,0,0,0,3,0,4,0,0,3,0,4,5,3,3,0,0,0,0,0,3,0,11,4,0,0,0,5,11,0,16,14,0,5,0,5,17,7,32,19,0,12,0,5,21,16,33,37,3,9,0,3,30,21,47,64,8,23,3,3,40,14,46,78,5,34,5,0,44,19,68,72,4,26,4,0,36,19,93,75,11,18,0,7,56,59,151,100,22,19,0,0,18,7,5,17,7,3,0,0,23,15,5,56,4,3
Gloucester,0,0,0,0,0,0,0,0,0,3,0,0,0,0,0,0,0,0,0,0,0,0,0,0,0,0,0,0,5,0,0,0,0,0,4,0,8,4,0,0,0,0,4,3,7,8,0,0,0,0,4,0,6,7,0,0,0,0,5,0,4,11,0,0,0,0,4,0,9,14,0,4,0,0,9,10,11,10,0,7,0,0,5,4,8,0,0,0,0,0,3,7,27,8,0,0,0,0,0,0,0,0,0,0,0,0,9,6,0,4,6,0
Old Bar - Manning Point - Red Head,0,4,0,0,0,0,0,3,0,0,3,0,4,0,0,0,0,10,0,0,8,3,0,0,0,3,0,0,10,0,0,0,0,7,7,3,12,18,0,0,0,0,3,4,13,26,0,3,0,3,15,8,25,32,0,10,0,5,21,15,36,44,0,19,4,0,18,13,47,52,3,24,0,0,16,13,43,52,3,18,0,0,15,17,65,30,0,15,0,0,33,15,94,50,9,18,0,0,8,3,0,12,0,0,0,4,11,0,0,33,7,6
Taree,0,0,0,0,4,0,0,0,0,0,0,4,7,3,0,0,0,3,5,0,7,0,0,0,0,3,4,7,4,10,0,3,0,0,0,4,3,13,0,13,0,0,5,0,15,26,0,10,0,3,7,3,12,36,0,6,0,4,16,10,30,55,0,20,0,4,12,9,36,60,4,17,0,0,26,10,35,96,7,24,0,0,15,8,62,61,0,27,0,0,22,11,63,71,8,7,0,0,10,3,3,10,0,0,0,0,3,0,5,32,0,6
Taree Surrounds,0,5,0,0,3,0,0,0,0,4,0,0,3,4,0,0,0,0,3,4,0,4,0,4,0,0,0,0,3,4,0,0,0,7,0,8,14,12,0,3,0,4,5,4,8,17,0,4,0,0,19,7,12,22,0,8,0,0,19,11,19,34,0,14,0,9,17,7,28,24,0,3,0,3,16,5,31,33,7,6,0,3,9,7,35,31,0,9,0,0,21,21,54,29,12,6,0,0,7,0,0,6,0,0,0,0,16,10,0,11,3,8
Wingham,0,0,0,0,3,3,0,0,0,0,0,0,0,0,0,0,0,0,0,0,3,3,0,0,0,0,0,0,3,6,0,0,0,0,0,0,4,5,0,0,0,0,4,0,3,9,0,3,0,0,9,0,3,8,0,0,0,0,0,0,3,13,0,6,0,0,6,4,10,17,0,11,0,0,0,6,4,20,0,0,0,4,6,0,15,11,0,3,0,0,6,0,13,19,0,0,0,0,0,0,0,0,0,0,0,0,0,0,0,8,0,0
Albury - East,0,0,0,0,7,0,0,0,0,0,3,0,8,0,0,0,0,0,4,4,12,4,0,0,0,4,0,0,16,16,0,0,0,8,17,10,11,13,0,4,0,4,15,5,30,29,3,3,0,3,27,18,29,43,5,9,0,7,67,23,71,83,8,27,0,9,47,23,80,92,10,43,3,7,74,28,91,115,14,30,0,0,43,12,96,70,13,23,7,4,76,40,148,115,15,29,0,0,14,13,3,20,0,0,0,0,19,10,3,67,0,5
Albury - North,0,0,0,0,0,0,0,0,0,0,0,0,0,0,0,0,0,0,3,0,0,0,0,0,0,0,3,0,3,0,0,0,0,0,9,3,4,6,0,6,0,0,9,4,12,3,4,0,0,0,18,8,11,14,0,8,0,0,25,13,24,26,0,18,0,3,25,6,35,36,3,13,0,5,28,16,34,32,3,16,0,0,22,9,43,22,8,8,0,0,14,14,59,25,10,15,0,0,6,0,0,3,0,0,0,0,4,5,3,13,0,0
Albury - South,0,0,0,0,0,3,0,0,0,0,4,0,0,0,0,0,0,3,0,0,3,0,0,0,0,0,4,4,3,4,0,3,0,5,3,3,7,3,0,0,0,7,5,11,13,19,0,3,0,5,15,14,34,26,4,12,0,5,28,18,32,57,6,14,0,7,38,21,43,54,0,16,4,6,43,21,34,57,3,17,4,4,27,17,43,41,0,13,3,0,61,37,75,66,9,28,0,0,13,4,5,18,0,6,0,0,16,8,0,74,0,16
Albury Surrounds,0,0,0,0,4,0,0,0,0,4,6,0,9,3,0,0,0,5,0,0,3,5,0,0,0,0,0,0,3,3,0,0,0,0,7,6,7,13,0,0,0,0,4,3,14,28,0,5,0,6,12,4,15,20,0,4,0,0,17,4,22,39,3,12,0,3,10,11,36,31,3,14,5,0,22,15,46,32,3,9,0,0,10,9,51,25,5,3,0,0,26,30,67,36,6,7,0,0,12,10,3,4,0,4,0,0,3,10,8,20,0,7
Lavington,0,0,0,0,0,0,0,0,0,0,0,0,6,0,0,0,0,0,0,0,4,3,0,0,0,3,3,4,8,3,5,0,0,0,0,4,8,13,0,5,0,0,8,3,5,9,0,4,0,0,20,11,16,20,0,12,5,4,35,10,26,34,4,10,4,0,26,12,29,36,10,11,0,4,14,12,33,35,9,10,3,3,20,6,43,23,0,11,0,0,16,5,41,30,3,6,0,0,6,0,0,4,0,0,0,0,4,3,0,3,0,0
Hay,0,0,0,0,0,0,0,0,0,0,0,0,0,0,0,0,0,0,0,0,0,0,0,0,0,0,0,0,0,0,0,0,0,0,4,0,0,0,0,0,0,0,0,0,5,0,0,0,0,0,0,0,0,0,0,0,0,0,0,0,4,9,0,0,0,0,3,0,7,0,0,0,0,0,0,3,8,3,0,0,0,0,0,0,11,3,0,0,0,0,4,3,25,5,0,0,0,0,0,3,0,0,0,0,0,0,0,0,0,3,0,0
Wentworth - Buronga,0,0,0,0,0,0,0,0,0,0,0,0,0,0,5,0,0,0,0,0,3,3,0,0,0,4,0,0,0,0,0,0,0,0,0,0,3,4,0,5,0,0,4,4,8,9,0,0,0,0,3,4,4,12,0,3,0,0,15,4,18,14,0,4,0,0,9,7,24,10,0,7,0,0,11,9,13,13,0,4,0,0,8,3,18,9,0,3,0,0,10,5,36,19,4,4,0,0,0,0,3,0,0,3,0,0,7,0,0,15,0,0
Wentworth-Balranald Region,0,0,0,0,0,0,0,0,0,0,0,0,0,0,0,0,0,0,0,0,0,0,0,0,0,0,0,0,0,0,0,0,0,0,0,0,4,3,0,0,0,0,0,0,0,3,0,0,0,0,0,0,5,0,0,0,0,0,0,3,9,5,0,0,0,0,4,6,11,0,0,0,3,0,4,3,5,5,0,0,0,0,0,3,5,9,0,0,0,0,4,9,14,3,0,3,0,0,0,3,0,0,0,0,0,0,0,0,0,3,0,0
Corowa,0,0,0,0,0,0,0,0,0,0,0,0,0,0,0,0,0,0,0,0,0,0,0,0,0,0,0,0,0,0,0,0,0,0,3,0,0,0,0,0,0,0,3,0,5,6,0,3,0,0,6,9,10,19,0,0,0,0,0,0,8,9,0,3,0,0,3,4,8,17,0,5,0,0,9,4,11,12,3,10,0,0,3,3,17,11,0,0,0,0,13,4,27,7,0,0,0,0,4,3,0,0,0,0,0,0,0,0,0,3,0,0
Corowa Surrounds,0,0,0,0,0,0,0,0,0,0,0,0,4,0,0,0,0,0,0,0,0,0,0,0,0,0,0,0,3,0,0,0,0,0,3,0,0,0,0,0,0,7,3,0,5,9,0,0,0,0,3,0,6,17,0,6,0,4,11,8,9,17,0,0,0,0,9,3,12,23,0,0,0,0,4,0,14,14,0,3,0,0,6,6,15,11,0,0,0,0,9,9,21,13,0,0,0,0,0,0,0,7,0,0,0,0,0,0,0,6,0,0
Deniliquin,0,0,0,0,0,0,0,0,0,0,0,0,0,0,0,0,0,0,0,3,0,3,0,0,0,0,0,0,0,3,0,0,0,0,0,0,5,3,0,4,0,5,8,0,7,10,0,4,0,0,12,6,9,9,0,0,0,0,12,8,11,13,0,9,0,3,21,4,19,16,3,14,0,0,8,7,33,13,3,13,0,0,12,8,29,10,0,6,0,0,17,14,27,23,6,10,0,0,6,0,0,14,0,3,0,0,8,0,0,5,0,0
Deniliquin Surrounds,0,0,0,0,0,0,0,0,0,0,0,0,0,0,0,0,0,0,0,3,5,0,0,0,0,0,0,0,0,3,0,0,0,0,0,0,0,7,0,0,0,0,5,0,6,9,0,0,0,0,0,3,4,9,0,0,0,0,13,6,16,11,0,10,0,0,0,9,20,14,0,4,0,0,15,3,14,7,0,5,0,0,6,5,13,9,0,0,0,0,10,9,15,0,0,0,0,0,5,0,0,0,0,0,0,0,8,3,0,0,0,0
Moama,0,0,0,0,0,0,0,0,0,0,0,0,0,0,0,0,0,0,0,0,4,0,0,0,0,0,3,4,4,3,0,0,0,0,0,0,6,6,0,0,0,5,7,0,12,10,0,0,0,0,8,3,8,14,0,7,0,0,13,0,11,20,0,10,0,0,13,7,31,25,0,3,0,0,17,7,26,20,0,7,0,0,11,12,20,15,0,3,0,0,17,15,39,17,0,4,0,0,0,3,0,0,0,0,0,0,3,0,3,17,0,0
Tocumwal - Finley - Jerilderie,0,0,0,4,0,0,0,0,0,0,0,0,0,0,0,0,0,0,3,0,0,3,0,0,0,0,0,0,4,0,0,5,0,0,3,0,12,6,0,4,0,0,10,5,7,13,0,0,0,0,3,8,8,15,0,3,0,0,12,4,18,11,0,4,0,0,10,7,9,22,3,9,0,0,19,8,29,19,0,5,0,0,5,10,23,14,0,3,0,0,12,15,38,17,0,3,0,0,0,4,0,7,0,0,0,0,0,4,0,5,0,0
Armidale,0,4,0,3,11,0,0,0,0,0,0,8,21,6,4,3,0,12,0,3,29,6,3,8,0,4,9,3,15,3,0,4,3,3,10,3,23,6,4,11,3,3,10,11,34,19,3,13,3,5,34,20,40,37,0,23,6,11,60,19,74,67,9,37,3,3,52,37,87,97,11,42,6,4,73,32,99,86,20,38,19,0,47,41,133,74,22,38,21,3,76,80,329,70,31,40,0,0,17,20,38,18,3,4,3,0,31,15,31,55,3,15
Armidale Surrounds - North,0,0,0,0,0,0,0,0,0,0,0,0,0,4,0,5,0,0,0,0,0,0,0,0,0,0,0,0,0,3,0,6,0,0,5,0,3,6,0,0,0,0,6,0,0,3,0,0,0,0,4,4,3,3,0,3,0,0,0,3,6,10,0,0,0,0,7,7,8,6,0,4,0,0,4,0,7,4,0,5,0,0,5,0,11,9,0,6,0,0,8,9,21,13,0,4,0,0,0,5,3,5,0,0,0,0,4,5,0,5,0,0
Armidale Surrounds - South,0,0,0,0,0,0,0,0,0,0,0,0,0,0,0,0,0,0,0,0,4,0,0,0,0,0,4,0,7,0,0,0,0,0,0,0,9,3,0,5,0,5,4,5,3,0,0,0,0,0,8,3,3,4,0,3,0,0,9,4,11,16,0,9,0,0,9,14,21,15,0,0,0,5,9,12,26,19,0,3,5,0,9,9,28,14,0,0,5,0,13,24,48,13,4,8,0,0,4,0,0,4,0,0,0,0,0,3,8,12,0,0
Walcha,0,0,0,0,0,0,0,0,0,0,3,0,0,0,0,0,0,0,0,0,4,0,0,0,0,0,0,0,0,0,0,0,0,0,0,3,0,3,0,0,0,0,0,0,0,4,0,0,0,0,5,0,0,4,0,5,0,0,4,4,8,6,0,0,0,0,3,3,6,3,0,4,0,0,0,0,4,6,0,0,0,0,5,4,12,0,0,0,0,0,3,5,7,0,3,3,0,0,0,0,0,0,0,0,0,0,3,5,0,3,0,0
Glen Innes,0,0,0,0,0,3,0,0,0,0,0,0,0,0,0,0,0,4,0,0,0,0,0,0,0,0,0,0,0,3,0,0,0,0,0,4,5,3,0,0,0,0,5,0,10,7,0,8,0,0,6,0,7,21,0,4,0,0,10,5,12,16,0,8,0,0,11,9,18,13,0,4,0,0,0,4,14,14,0,7,0,0,5,3,23,15,0,6,0,0,5,14,32,17,0,8,0,0,4,0,4,3,0,0,0,0,3,4,0,8,0,4
Inverell,0,0,0,0,0,0,0,0,0,0,0,0,0,0,0,0,0,0,0,3,0,0,0,3,0,0,0,0,4,4,0,3,0,3,7,3,8,4,0,3,0,0,13,0,9,17,0,4,0,0,11,8,8,20,3,0,0,0,32,8,33,20,0,14,4,0,23,5,33,16,3,5,0,0,13,3,31,29,6,12,0,0,3,4,59,24,0,14,0,0,19,16,76,17,0,5,0,0,0,6,5,0,0,0,0,0,13,5,3,18,0,0
Inverell Surrounds - East,0,0,0,0,0,0,0,0,0,0,0,0,0,0,0,0,0,0,0,0,0,0,0,0,0,0,0,0,0,5,0,0,0,0,0,4,0,0,0,0,0,0,0,3,3,5,0,0,0,0,3,0,3,5,0,6,0,0,4,0,9,7,0,0,0,0,3,4,7,8,0,3,0,0,0,3,9,3,0,3,0,0,0,0,16,4,0,0,0,0,3,0,14,7,0,4,0,0,0,0,0,0,0,0,0,0,0,4,0,0,0,4
Inverell Surrounds - West,0,0,0,0,0,0,0,0,0,0,0,0,0,0,0,0,0,0,0,0,0,4,0,0,0,0,0,0,0,5,0,0,0,0,0,0,3,6,0,0,0,0,8,0,7,12,0,3,0,0,5,7,13,8,0,0,0,0,7,0,8,8,0,3,0,0,6,0,18,8,0,9,0,0,5,7,3,11,0,0,0,3,3,0,16,3,0,0,0,0,7,9,32,5,0,3,0,0,0,0,0,3,0,0,0,0,0,0,0,6,0,0
Tenterfield,0,0,0,0,0,0,0,0,0,0,0,4,3,0,0,0,0,3,0,0,0,0,0,0,0,0,0,0,0,6,0,6,0,3,7,0,4,6,0,0,0,0,3,5,3,7,0,0,0,0,6,6,12,8,4,0,0,4,4,8,6,4,0,0,0,0,4,4,15,8,0,7,0,0,9,13,16,13,0,4,0,0,3,0,22,5,0,0,0,0,7,10,28,5,0,0,0,0,0,3,0,5,0,0,0,0,0,6,0,6,0,0
Moree,0,0,0,0,0,0,0,0,0,0,0,0,0,0,0,0,0,0,0,0,5,0,0,0,0,0,0,0,0,4,0,4,0,0,6,0,0,4,0,3,0,0,3,0,0,9,0,3,0,5,11,3,8,8,0,8,0,0,21,14,18,9,0,9,0,0,16,5,25,23,0,15,0,0,15,10,25,12,0,19,0,0,12,10,26,10,0,10,0,0,29,21,49,16,0,6,0,0,8,12,8,5,0,6,0,0,10,9,6,12,0,3
Moree Surrounds,0,0,0,0,0,0,0,0,0,0,0,0,0,0,0,0,0,0,0,0,0,0,0,0,0,0,0,0,0,0,0,0,0,0,4,0,3,5,0,0,0,0,5,0,4,4,0,0,0,0,3,0,7,6,0,0,0,3,13,0,7,0,0,4,0,0,3,3,9,7,0,0,0,0,3,5,13,10,0,0,0,0,6,3,13,0,0,0,0,0,9,4,16,7,0,3,0,0,3,0,0,0,0,0,0,0,0,7,0,0,0,0
Narrabri,0,0,0,0,0,0,0,0,0,0,0,0,0,0,0,0,0,0,0,0,0,0,0,0,0,0,0,0,4,0,0,0,0,0,4,0,0,4,0,6,0,0,4,0,4,7,0,0,0,0,6,6,9,14,0,11,0,0,12,8,22,16,0,9,0,0,13,15,19,13,5,4,4,0,8,19,27,13,0,7,0,0,5,16,21,12,3,4,0,0,13,33,39,15,3,8,0,0,3,13,0,5,0,0,0,0,5,6,4,7,0,0
Narrabri Surrounds,0,0,0,0,0,0,0,0,0,0,0,0,0,0,0,0,0,0,0,0,0,3,0,0,0,0,0,0,3,0,0,0,0,0,3,0,4,0,0,0,0,4,0,0,9,4,0,0,0,0,3,0,3,11,4,3,0,0,5,0,12,8,0,0,0,0,5,4,14,9,3,0,0,0,4,6,10,12,0,0,0,0,6,3,11,10,0,0,0,0,3,11,18,9,0,3,0,0,0,0,0,3,0,0,0,0,0,3,0,0,0,0
Gunnedah,0,0,0,0,0,0,0,0,0,0,0,0,0,0,0,0,0,0,4,0,4,4,0,5,0,0,0,3,3,5,0,0,0,0,3,4,6,6,0,0,0,6,5,0,9,9,0,6,0,3,5,5,14,6,0,9,0,0,12,6,34,19,3,13,0,0,13,11,31,15,0,14,0,0,16,9,42,12,0,5,0,0,9,11,30,8,0,3,0,0,19,29,48,20,0,8,0,0,3,11,0,4,3,3,0,0,6,22,4,10,0,0
Gunnedah Surrounds,0,0,0,0,0,0,0,0,0,0,0,0,4,0,0,0,0,0,0,0,0,0,0,0,0,6,0,0,0,0,0,0,0,0,0,0,3,0,0,0,0,0,0,0,7,3,0,0,0,0,7,0,3,7,0,0,0,0,3,6,3,15,0,7,0,0,0,6,15,6,0,0,0,0,8,4,17,8,0,0,0,0,0,0,4,9,0,0,0,0,3,13,17,10,0,5,0,0,0,4,0,0,0,0,0,0,4,9,3,4,0,0
Quirindi,0,0,0,0,0,0,0,0,0,0,0,0,0,0,0,0,0,3,0,0,5,0,0,4,0,0,0,0,0,3,0,0,0,0,4,0,4,4,0,3,0,0,4,4,7,16,0,0,0,0,8,5,6,10,0,3,0,0,7,7,17,11,0,3,0,0,9,8,17,9,0,5,0,0,13,0,14,9,0,4,0,0,8,9,21,11,0,4,0,0,12,8,32,11,0,0,0,0,3,0,0,5,0,0,0,0,3,8,0,0,0,0
Tamworth - East,0,0,0,0,4,0,0,0,0,4,0,0,6,0,0,0,0,0,8,4,7,0,0,0,0,0,3,3,5,9,0,0,0,0,4,0,11,5,0,10,0,0,18,3,22,21,0,8,0,10,20,8,31,25,0,11,5,3,60,12,57,55,3,31,0,4,46,10,63,61,3,29,6,5,38,10,60,65,3,35,4,0,33,10,94,61,6,26,0,0,62,36,141,63,4,21,0,0,9,4,11,16,0,0,0,3,5,9,5,31,0,4
Tamworth - North,0,0,0,0,7,0,0,0,0,0,4,4,6,6,0,0,0,0,4,0,9,3,0,0,0,0,5,9,7,6,3,3,0,3,6,5,12,7,0,0,0,5,15,5,16,20,0,4,0,9,31,10,31,31,0,9,0,7,38,17,42,80,0,35,0,11,26,18,58,128,6,39,4,0,33,12,65,126,3,32,0,5,18,21,67,96,8,23,4,0,38,51,104,134,9,34,0,0,11,6,3,37,0,3,0,0,22,8,0,79,0,6
Tamworth - West,0,0,0,0,0,0,0,0,0,0,0,0,0,0,0,0,0,0,0,0,0,0,0,0,0,0,0,0,0,3,0,0,0,0,0,0,0,0,0,0,0,0,5,0,0,5,0,0,0,0,3,0,4,6,0,3,0,0,5,3,7,6,0,9,0,0,5,4,5,7,0,4,0,0,8,5,5,8,0,7,0,0,6,0,10,9,0,0,0,0,3,0,13,7,0,0,0,0,0,3,0,4,0,0,0,0,0,0,0,0,0,0
Tamworth Surrounds,0,5,0,0,0,0,0,0,0,0,0,0,5,0,0,3,0,4,4,0,8,8,0,0,5,0,0,0,11,7,0,0,0,7,3,4,6,12,0,8,0,0,13,0,15,33,0,8,0,0,25,14,20,29,0,4,0,0,36,12,48,67,3,23,0,3,31,15,43,58,3,21,0,3,28,14,64,51,6,27,0,0,22,9,68,44,3,17,3,0,57,38,123,61,9,23,0,0,5,3,6,13,0,5,0,0,21,10,4,40,0,4
Belmont - Bennetts Green,0,0,0,0,5,0,0,0,0,3,0,0,3,3,0,0,0,0,0,0,3,8,0,0,0,0,6,0,4,3,0,4,3,7,8,9,12,16,0,0,0,0,17,5,20,24,0,4,4,0,19,8,27,22,0,13,3,7,29,25,49,58,5,16,0,3,47,17,45,62,6,16,7,3,52,22,60,52,9,14,0,0,33,30,63,63,6,15,7,4,78,66,91,64,26,28,0,0,16,23,6,13,9,0,0,0,22,27,0,39,4,9
Belmont South - Blacksmiths,0,0,0,0,3,0,0,0,0,0,0,0,0,0,0,0,0,0,0,0,0,4,0,0,0,0,4,0,3,0,0,0,0,0,0,0,4,4,0,0,0,0,9,0,5,0,0,0,0,4,4,7,10,5,0,6,0,0,6,7,13,8,0,5,0,0,15,3,13,14,0,3,0,0,12,3,18,16,0,9,0,0,4,6,21,5,0,4,0,0,15,9,22,7,0,5,0,0,7,3,3,4,0,0,0,0,9,3,0,4,0,3
Charlestown - Dudley,0,3,0,4,7,0,0,0,0,4,3,7,12,0,3,0,0,5,5,3,10,3,0,3,0,9,5,7,14,3,0,6,0,4,13,9,23,16,0,16,4,7,22,18,39,42,0,15,0,9,27,21,57,50,4,15,4,8,58,35,81,105,9,34,3,8,83,55,95,136,15,43,6,13,91,61,97,155,16,42,3,5,78,70,114,107,24,22,8,7,154,173,163,192,45,60,0,0,27,44,6,31,11,3,0,0,51,43,7,78,0,20
Glendale - Cardiff - Hillsborough,0,0,0,5,11,0,5,3,0,0,0,3,6,0,0,0,0,4,4,0,8,0,0,5,0,3,4,5,10,8,3,5,0,3,8,11,21,19,4,10,0,5,8,8,33,41,0,12,0,8,33,13,42,53,3,19,13,0,69,34,61,94,9,35,3,3,66,35,81,98,11,42,3,9,83,55,81,126,20,34,0,4,66,35,101,99,19,30,8,0,118,138,144,131,53,54,0,0,25,26,9,28,15,5,0,0,21,28,6,57,4,15
Mount Hutton - Windale,0,0,0,0,0,0,0,6,0,0,0,0,0,3,0,0,0,0,0,0,0,0,0,0,0,0,0,0,0,3,0,0,0,3,3,0,6,4,0,0,0,0,5,0,3,5,4,8,0,0,7,5,8,16,0,0,0,0,20,6,11,27,0,8,0,6,20,8,14,30,0,9,0,4,18,18,17,16,5,14,0,0,17,10,22,19,0,5,3,0,36,15,39,31,14,8,0,0,4,4,3,3,3,4,0,0,3,3,0,11,0,0
Redhead,0,0,0,0,0,0,0,0,0,0,0,3,0,0,0,0,0,0,0,0,5,0,0,0,0,0,0,0,0,0,0,0,0,0,0,0,4,3,0,4,0,0,0,0,15,7,0,3,0,0,0,4,9,8,0,0,0,4,8,3,8,12,0,3,0,0,12,9,9,9,0,9,0,0,16,9,9,19,0,3,0,0,8,8,12,15,0,8,0,4,23,22,21,24,9,6,0,0,8,11,3,0,0,5,0,0,14,16,3,23,4,7
Swansea - Caves Beach,0,0,0,0,9,0,0,0,0,0,0,0,0,0,0,0,0,0,3,4,6,7,0,0,0,0,0,0,4,4,0,0,0,0,12,0,9,12,0,3,0,0,8,9,12,3,0,10,0,7,16,0,18,33,0,10,0,0,22,11,35,28,3,10,0,3,22,12,31,35,6,11,4,5,16,19,46,42,4,5,0,3,22,17,59,21,6,11,0,0,52,30,76,36,17,10,0,0,9,11,3,7,6,5,0,0,35,25,5,11,7,5
Valentine - Eleebana,0,0,0,0,9,0,0,0,0,0,0,0,3,7,0,3,0,0,3,3,16,3,0,6,0,0,0,0,9,3,0,0,0,0,11,4,11,8,0,9,0,3,13,4,18,23,0,3,0,0,17,8,38,31,0,14,0,3,29,20,51,56,4,18,0,4,29,18,42,57,6,21,5,0,42,11,40,73,8,13,4,0,41,23,55,42,12,18,0,8,95,77,121,83,24,33,0,0,24,25,6,21,3,3,0,3,35,30,11,64,0,16
Warners Bay - Boolaroo,0,0,0,0,0,0,0,0,0,4,0,3,4,4,0,0,0,0,0,0,0,3,0,5,0,0,0,0,12,6,0,0,0,3,13,6,15,12,4,4,4,3,12,3,20,16,0,6,0,3,18,9,28,34,0,0,0,0,37,15,40,54,3,14,3,0,33,25,52,69,8,13,0,3,50,17,51,68,9,21,9,0,38,21,65,55,4,15,3,7,82,78,100,108,30,27,0,0,28,21,3,13,5,8,0,0,30,34,3,55,7,5
Bolton Point - Teralba,0,0,0,5,3,0,0,0,0,0,0,0,0,0,0,0,0,0,0,3,0,3,0,0,0,0,0,0,0,5,4,0,0,0,4,4,3,10,0,0,0,5,11,3,10,13,0,5,0,0,9,0,12,16,0,3,0,4,9,17,15,36,0,7,4,5,18,6,18,36,6,6,5,3,20,19,26,34,3,18,0,0,11,8,31,14,3,5,0,3,23,20,52,46,10,13,0,0,10,10,4,0,3,0,0,0,4,5,3,10,5,3
Bonnells Bay - Silverwater,0,0,0,0,8,0,0,0,0,0,3,0,10,0,0,0,0,0,0,0,3,0,0,0,0,0,5,0,5,4,0,3,0,0,3,0,11,6,0,0,0,0,9,0,9,16,0,4,0,4,8,3,15,28,0,6,0,4,23,10,10,26,3,14,0,3,10,11,22,38,0,6,0,0,18,5,11,31,0,14,0,0,17,9,25,19,5,7,0,0,20,22,39,29,17,7,0,0,5,3,0,10,8,0,0,0,11,4,0,5,3,0
Edgeworth - Cameron Park,0,0,3,0,0,0,0,5,0,0,0,0,4,5,0,0,0,0,0,0,4,5,0,0,0,0,0,0,4,5,0,0,0,0,6,4,9,10,0,0,0,0,14,6,10,26,0,7,0,4,10,9,21,34,0,10,0,6,31,13,38,51,8,17,5,0,40,20,32,85,15,22,9,0,44,18,40,89,17,26,4,0,34,26,59,45,10,11,0,0,60,67,67,88,40,14,0,0,10,12,4,16,4,0,0,0,0,10,0,42,0,4
Morisset - Cooranbong,0,0,3,3,3,4,0,0,0,5,0,0,8,0,0,6,0,3,9,0,9,4,0,0,0,3,3,3,9,6,0,11,0,8,9,10,13,21,0,9,0,3,15,0,13,33,3,6,0,3,14,14,30,50,6,13,0,7,22,10,24,56,4,23,0,4,41,9,40,56,12,27,0,3,10,19,33,47,10,28,0,4,23,13,64,43,15,15,6,3,44,29,91,51,22,11,0,0,4,8,7,3,4,0,0,0,10,9,3,10,7,0
Toronto - Awaba,0,0,0,0,0,0,0,0,0,0,0,3,0,0,0,0,0,0,3,0,0,4,0,0,0,0,3,5,5,3,5,3,0,0,4,0,10,3,0,8,0,3,5,8,10,19,3,3,0,3,13,11,19,30,6,5,0,6,32,4,22,34,0,18,0,0,31,7,31,34,4,15,0,0,33,14,34,28,6,12,0,0,36,16,37,40,9,21,0,3,49,42,48,46,12,24,0,0,13,11,10,7,0,3,0,0,14,25,5,24,4,7
Wangi Wangi - Rathmines,0,0,0,0,4,4,0,0,0,0,3,0,0,0,0,0,0,0,0,0,3,3,0,5,0,0,4,0,3,3,0,0,0,0,5,4,4,4,0,3,0,0,4,5,4,13,0,8,0,0,16,3,12,15,3,3,0,0,11,4,29,28,3,11,0,0,16,4,19,27,3,9,0,0,14,8,23,33,5,4,0,0,25,14,38,24,4,6,0,3,24,31,44,31,11,15,0,0,6,9,0,6,3,0,0,0,13,16,4,14,5,3
West Wallsend - Barnsley - Killingworth,0,0,0,4,0,0,0,0,0,0,0,0,0,0,0,0,0,0,0,0,4,0,0,0,0,0,0,0,0,7,0,0,0,0,0,0,3,9,0,0,0,0,0,0,9,3,0,7,0,0,3,0,11,19,0,4,0,0,13,7,19,22,0,5,0,0,11,4,13,14,4,3,0,0,17,7,10,22,3,16,0,0,15,8,14,16,11,3,0,0,11,19,27,13,9,8,0,0,4,0,0,0,0,0,0,0,0,3,0,0,0,0
Adamstown - Kotara,0,3,0,3,9,0,0,0,0,3,0,4,10,0,0,0,0,6,3,5,9,8,0,5,4,4,4,8,10,4,0,6,3,6,3,6,25,14,0,8,0,3,17,13,30,26,5,9,3,4,28,24,25,47,3,21,7,0,32,28,45,70,3,24,9,9,69,41,60,83,10,48,6,6,64,51,69,110,7,36,4,5,53,47,83,101,17,37,3,5,164,155,149,144,56,46,0,3,26,47,14,22,16,11,0,0,44,51,12,72,8,14
Beresfield - Hexham,0,0,0,0,0,0,0,0,0,3,0,0,4,0,0,0,0,0,0,0,6,0,0,0,0,0,0,0,0,0,0,0,0,0,6,0,4,0,0,0,0,0,4,3,0,3,0,3,0,0,4,0,3,10,0,4,0,0,15,7,7,15,0,3,0,0,10,8,7,10,3,9,0,0,12,5,7,18,0,10,0,0,6,7,9,7,4,4,0,0,11,8,9,17,7,0,0,0,0,0,0,0,0,0,0,0,3,3,0,6,0,0
Hamilton - Broadmeadow,0,3,0,0,4,0,0,0,0,0,0,3,4,3,0,0,0,0,4,3,4,0,0,0,0,9,10,7,10,4,6,8,0,8,5,5,5,4,0,3,0,5,14,15,22,9,0,11,0,10,19,15,19,20,0,17,0,9,28,37,49,59,8,22,3,4,46,34,55,64,5,26,11,4,42,33,48,74,11,38,7,8,46,33,59,42,9,27,5,5,100,79,100,111,25,40,0,3,13,27,13,24,5,9,5,3,37,44,10,105,3,30
Lambton - New Lambton,0,4,0,0,4,0,3,0,0,4,0,9,6,3,0,0,0,0,6,3,12,0,0,3,0,3,4,0,15,8,0,3,0,8,8,12,21,16,0,8,0,4,9,15,35,27,0,14,0,7,20,22,39,53,6,16,0,7,50,21,58,84,6,30,7,6,59,24,67,104,10,39,7,4,62,42,76,100,9,40,5,7,64,36,97,111,15,33,9,10,118,139,158,159,37,46,0,0,32,40,10,29,10,14,0,0,55,51,16,144,16,30
Maryland - Fletcher - Minmi,0,0,0,0,15,3,0,0,0,0,3,3,11,0,0,0,0,3,0,4,3,3,0,0,0,0,4,4,5,6,0,0,0,3,6,3,8,16,0,0,4,0,11,10,14,27,4,6,3,0,21,10,21,28,3,10,3,0,41,16,33,65,5,21,4,4,33,27,43,96,13,25,4,5,41,29,52,120,18,23,11,0,45,38,48,83,28,26,6,0,76,91,92,118,42,21,0,0,15,24,3,23,5,0,0,0,12,17,4,46,3,0
Mayfield - Warabrook,0,4,0,0,6,0,0,0,0,0,0,0,5,4,0,7,0,8,6,4,12,4,0,0,0,3,9,6,12,0,0,3,3,6,8,5,12,20,4,8,6,0,5,15,14,23,3,8,0,8,32,16,21,23,7,12,0,11,40,31,39,69,11,42,4,8,54,42,51,69,13,38,9,11,64,57,53,78,19,36,3,3,58,48,74,68,21,38,11,4,80,95,106,119,45,40,0,0,11,12,7,20,3,0,0,0,14,18,8,23,4,8
Merewether - The Junction,0,0,0,0,4,0,0,0,0,0,0,7,14,3,0,0,0,4,12,0,5,6,0,0,0,10,6,3,11,7,0,5,0,9,8,5,14,8,0,8,6,7,21,17,20,31,0,8,3,11,37,10,33,42,3,4,6,8,44,32,69,87,8,20,0,6,51,50,67,100,14,28,8,8,70,33,65,101,8,27,3,7,45,46,66,96,13,24,7,5,129,96,111,153,32,59,3,0,40,36,17,36,11,13,7,3,89,72,20,265,5,44
Newcastle - Cooks Hill,0,0,0,4,0,0,0,0,3,0,0,0,12,0,3,4,0,4,0,7,14,5,0,0,0,4,3,0,7,0,0,6,0,9,8,7,9,8,0,0,0,10,13,14,16,10,4,12,6,13,37,21,29,27,3,17,6,11,38,54,40,50,4,25,9,7,67,54,56,90,9,38,6,14,72,89,54,101,21,47,11,3,59,56,66,95,13,41,6,12,132,123,116,164,38,70,0,4,33,27,12,32,7,19,4,0,56,34,23,217,6,42
Newcastle Port - Kooragang,0,0,0,0,0,0,0,0,0,0,0,0,0,0,0,0,0,0,0,0,0,0,0,0,0,0,0,0,0,0,0,0,0,0,0,0,0,0,0,0,0,0,0,0,0,0,0,0,0,0,0,0,0,0,0,0,0,0,0,0,0,0,0,0,0,0,0,0,0,0,0,0,0,0,0,0,0,0,0,0,0,0,0,0,0,0,0,0,0,0,0,0,0,0,0,0,0,0,0,0,0,0,0,0,0,0,0,0,0,0,0,0
Shortland - Jesmond,0,0,0,0,10,0,0,3,0,0,0,0,12,5,0,3,0,0,3,0,7,0,0,7,5,0,4,8,5,0,0,4,5,3,8,8,18,12,8,8,0,6,10,4,15,14,0,6,6,0,16,8,14,16,9,9,0,0,22,25,33,43,9,10,6,0,27,36,43,61,15,13,9,0,22,28,30,38,10,9,9,0,11,20,19,32,10,11,3,0,14,28,20,29,20,0,0,0,0,5,0,4,0,0,0,0,0,5,3,5,0,0
Stockton - Fullerton Cove,0,0,0,0,4,0,0,0,0,4,0,3,0,0,0,0,0,0,0,3,0,5,0,0,0,0,0,0,3,0,0,0,0,0,0,3,6,4,0,0,0,0,3,4,8,9,0,0,0,0,4,0,15,15,0,8,0,0,18,3,22,20,8,15,3,0,26,7,16,30,0,15,0,0,27,13,32,33,10,20,0,5,16,13,25,22,4,4,0,0,48,40,45,44,14,19,0,0,9,11,0,7,3,0,0,0,9,17,0,6,0,5
Wallsend - Elermore Vale,0,7,4,0,6,6,0,0,0,0,0,0,12,9,0,0,0,4,0,4,13,3,4,4,0,4,5,6,7,6,3,6,7,5,8,4,21,32,4,5,3,0,12,10,23,30,0,15,6,8,23,20,35,36,5,11,0,12,41,25,48,79,7,34,0,5,41,33,58,110,12,33,7,0,67,50,56,137,23,30,6,0,50,47,72,96,22,19,12,5,65,90,107,112,46,34,3,0,14,15,12,17,6,5,0,0,19,22,4,38,9,8
Waratah - North Lambton,0,0,0,0,3,0,0,3,0,0,4,4,7,3,0,0,0,0,0,4,6,3,0,0,7,3,3,0,5,7,6,11,3,0,10,3,14,13,3,5,0,4,13,3,27,28,0,11,6,5,17,17,25,32,9,16,5,8,30,32,41,77,10,17,0,0,38,38,54,91,13,34,3,10,34,46,43,87,17,29,8,0,26,35,47,59,13,20,0,0,65,75,86,93,32,29,0,0,13,13,0,10,4,0,0,0,8,12,0,19,3,8
Wickham - Carrington - Tighes Hill,0,0,0,0,3,0,0,0,0,4,3,4,0,0,0,3,3,3,0,5,5,3,0,3,0,3,3,0,3,4,0,4,0,10,3,3,7,8,0,3,6,12,3,12,17,13,0,8,0,11,24,21,23,21,0,17,4,12,44,39,37,48,4,23,4,3,25,41,40,81,4,21,6,9,49,41,32,52,13,40,4,8,46,31,54,60,4,25,11,11,67,77,78,87,29,45,3,0,20,17,10,18,6,3,0,0,17,14,3,42,0,6
Ballina,0,0,0,0,4,3,0,0,0,0,3,0,0,0,0,0,0,3,4,3,4,6,0,4,0,5,3,6,4,8,0,3,0,8,0,7,12,15,3,11,0,4,14,16,14,26,4,3,0,8,31,12,26,24,0,16,0,3,28,25,37,77,0,16,0,9,30,12,49,60,0,21,0,3,33,23,56,76,3,17,0,0,26,14,70,50,3,13,0,3,41,29,86,64,11,26,0,0,3,9,6,13,4,4,0,3,25,18,7,38,0,3
Ballina Surrounds,0,0,0,3,4,0,0,5,0,3,3,7,4,3,0,6,0,5,5,4,11,4,0,0,0,4,8,10,6,6,5,8,0,6,5,8,17,8,0,16,0,6,12,8,26,24,0,7,0,9,21,12,39,43,4,10,0,13,37,21,48,63,10,24,4,8,22,24,40,61,5,20,0,12,36,24,61,62,5,32,0,10,32,23,67,42,11,23,3,5,59,44,135,88,13,37,0,0,8,11,7,15,3,6,0,11,31,8,4,74,3,12
Bangalow,0,3,0,4,0,0,0,0,0,0,4,4,0,0,0,0,0,3,0,7,3,0,0,3,6,4,0,4,4,3,0,4,4,5,4,14,7,5,0,4,4,11,7,5,9,7,0,0,0,11,11,13,12,15,0,10,3,5,22,21,22,21,0,4,0,14,11,17,23,22,0,14,3,9,30,27,22,22,0,10,3,16,14,11,12,16,8,11,0,13,39,19,30,30,5,17,0,0,15,13,6,7,0,7,0,12,38,10,0,32,3,15
Brunswick Heads - Ocean Shores,0,0,0,0,3,0,0,0,0,5,6,4,3,0,0,0,0,5,0,4,11,4,0,0,0,0,8,11,11,0,0,0,0,11,4,5,8,11,0,7,0,14,13,7,12,10,0,6,0,12,14,12,22,32,6,14,0,12,20,20,30,35,0,23,4,7,18,17,28,17,10,14,0,6,16,16,33,31,11,6,0,4,25,16,30,20,5,9,3,7,19,24,34,30,13,22,0,5,15,8,10,8,6,3,0,0,12,7,3,12,0,3
Byron Bay,0,4,0,0,4,0,0,0,0,4,7,4,0,0,0,3,0,4,7,6,0,3,0,4,0,5,4,7,8,5,0,0,0,9,11,17,20,9,0,8,0,17,18,18,16,13,5,6,0,22,19,40,14,21,0,8,3,20,34,27,30,37,3,16,0,20,35,25,25,24,6,16,0,11,26,30,25,30,8,22,0,13,32,22,26,27,7,20,3,15,50,41,32,35,8,24,0,5,16,12,5,23,3,6,0,15,45,16,4,33,14,19
Evans Head,0,0,0,0,0,0,0,0,0,0,0,0,3,0,0,0,0,0,0,0,5,5,0,0,0,0,0,4,0,0,0,0,0,0,0,3,4,5,0,0,0,0,3,7,9,10,0,3,0,0,3,0,12,12,0,3,0,5,7,3,11,13,0,7,0,0,5,0,28,13,0,6,0,0,9,8,18,15,0,6,0,0,0,0,26,7,3,3,0,0,5,9,28,8,0,0,0,0,0,0,0,0,0,0,0,0,0,0,0,0,0,0
Lennox Head - Skennars Head,0,4,0,0,0,0,0,0,0,0,0,0,3,0,0,0,0,0,0,0,3,0,0,0,0,0,0,3,6,7,0,3,0,3,5,7,8,12,0,6,0,4,14,5,18,28,0,8,0,10,15,12,30,13,8,4,0,4,19,20,23,53,0,14,0,6,20,17,39,52,4,18,5,6,22,29,53,41,4,16,0,9,23,20,71,30,0,13,0,4,46,28,86,73,6,26,0,0,10,3,4,16,3,3,0,0,49,11,4,77,5,14
Mullumbimby,0,0,0,0,0,3,0,0,0,3,3,5,0,3,0,0,0,10,3,0,4,4,5,0,0,9,4,12,8,0,0,3,0,12,11,9,12,9,0,9,0,17,9,17,16,12,0,12,3,16,19,9,22,26,5,11,0,15,24,13,18,34,0,29,0,15,20,14,20,27,6,10,0,7,14,14,17,23,7,16,0,0,8,8,30,18,3,9,6,7,16,13,33,27,3,12,0,0,7,0,3,9,0,0,0,0,25,3,7,21,8,7
Casino,0,0,0,0,0,0,0,0,0,0,4,0,0,0,0,0,0,3,0,0,0,4,0,0,0,0,3,0,0,8,0,0,0,0,4,0,4,6,0,0,0,0,4,4,5,9,0,8,0,0,15,3,11,19,0,6,0,0,22,0,15,32,5,9,0,0,16,4,20,18,0,6,0,0,7,0,26,20,0,8,0,0,8,5,20,17,3,7,0,0,5,5,41,12,0,0,0,0,0,0,0,3,0,0,0,0,0,0,0,12,0,0
Casino Surrounds,0,0,0,0,0,0,0,0,0,0,0,0,0,0,0,0,0,0,0,0,0,0,0,0,4,0,0,0,0,4,0,0,0,0,6,3,0,5,0,0,0,0,0,0,7,13,0,0,0,0,5,0,6,14,0,0,0,0,12,4,12,9,0,0,0,0,8,4,11,15,0,4,0,0,3,3,7,18,0,6,0,0,0,0,8,13,0,6,0,0,3,7,29,12,0,5,0,0,0,0,0,0,0,0,0,0,4,4,0,3,0,0
Goonellabah,0,0,0,0,0,0,0,0,0,0,0,0,3,0,0,0,0,0,0,0,3,3,0,5,0,0,0,0,5,4,0,0,0,8,8,6,7,8,0,7,0,0,12,5,12,18,0,10,0,3,17,10,25,19,3,8,0,0,36,20,42,49,4,9,0,0,34,18,36,62,9,25,0,0,27,13,52,59,12,28,0,0,21,17,42,53,4,25,0,0,27,10,81,69,7,20,3,0,4,0,5,16,0,0,0,0,8,3,8,25,0,0
Kyogle,0,0,0,0,0,0,0,0,0,0,0,0,0,0,0,0,0,5,0,0,0,0,0,3,0,0,0,0,3,11,0,0,0,5,12,5,8,3,0,0,0,0,0,3,8,10,0,3,0,5,9,8,13,10,0,6,0,6,8,8,14,17,0,14,0,0,6,7,16,18,0,4,0,3,6,4,16,16,0,6,0,0,7,3,13,18,0,3,0,0,15,5,25,17,4,0,0,0,0,0,3,3,0,0,0,0,5,0,0,3,0,3
Lismore,0,0,0,3,0,0,0,0,0,4,0,0,10,3,0,0,0,0,0,0,9,3,0,4,0,3,4,0,6,3,0,4,3,3,5,8,11,8,0,12,0,3,8,9,13,20,6,18,0,12,21,7,28,32,4,17,0,8,32,12,30,75,9,35,0,7,32,16,40,62,3,32,5,6,16,17,54,64,10,41,0,0,12,12,57,63,8,29,7,7,15,12,85,60,15,25,0,0,3,9,0,12,0,9,0,0,10,3,0,31,0,0
Lismore Surrounds,0,6,0,0,4,0,0,0,0,5,0,0,9,0,0,0,0,10,0,9,6,4,4,7,0,3,0,7,8,9,0,10,0,10,4,8,23,11,0,10,0,6,14,12,27,30,0,13,4,5,11,17,38,32,0,12,0,9,14,28,36,57,0,20,0,12,23,17,54,76,3,18,3,6,39,19,56,63,5,21,0,0,19,22,54,53,4,9,0,3,45,33,98,67,16,32,0,0,8,4,0,11,6,4,0,3,13,10,3,53,10,7
Kingscliff - Fingal Head,0,0,0,0,7,0,0,0,0,3,7,5,9,3,0,0,0,0,6,0,4,0,0,3,0,6,14,3,7,0,0,0,0,4,12,11,8,14,3,10,0,9,21,8,18,29,0,5,0,4,24,11,26,45,4,18,5,13,28,15,28,59,4,18,0,9,26,17,66,52,8,20,0,11,36,22,57,55,8,13,0,7,35,12,64,52,7,10,3,20,61,41,113,64,13,30,0,5,27,15,3,24,0,5,0,7,44,27,3,57,15,15
Murwillumbah,0,4,0,3,6,0,0,0,0,0,0,3,0,0,0,0,0,3,6,0,0,0,0,0,0,6,0,3,0,4,0,0,0,3,6,4,6,9,0,5,0,5,3,4,5,12,0,5,3,4,0,3,6,16,0,4,0,4,13,11,28,28,5,15,0,4,20,12,23,31,0,5,0,5,10,6,30,28,3,6,0,0,7,6,30,24,0,8,0,0,24,15,34,20,3,3,0,0,0,8,0,4,0,0,0,0,0,0,0,5,0,0
Murwillumbah Surrounds,0,4,0,0,0,4,0,0,0,8,3,0,0,3,0,4,0,3,0,4,0,4,0,3,0,3,5,4,7,6,0,6,0,9,0,6,10,3,0,12,3,6,8,11,18,20,0,3,3,4,7,7,17,23,0,4,0,4,18,15,13,30,3,18,0,0,14,6,22,34,3,14,0,0,11,15,27,24,4,11,0,0,18,15,34,21,3,6,0,0,15,22,37,17,6,15,0,3,3,3,3,12,0,4,0,0,8,9,3,8,0,4
Pottsville,0,0,0,0,0,4,0,0,0,3,4,3,0,5,0,0,0,6,0,9,4,0,0,0,0,0,3,10,5,3,0,5,0,13,6,0,11,22,0,0,0,5,13,12,25,13,0,6,0,10,16,16,36,22,4,17,0,6,21,25,46,52,3,23,0,7,36,18,38,43,6,15,8,5,21,13,61,45,5,22,0,4,16,18,74,29,4,12,0,5,36,36,84,58,13,16,0,0,11,4,0,5,0,0,0,0,15,14,9,20,0,3
Tweed Heads,0,0,0,0,4,0,0,0,0,0,0,3,4,0,0,5,0,3,0,5,7,5,0,0,0,5,8,0,0,15,0,3,4,12,7,3,18,21,3,9,4,11,11,11,23,33,3,13,0,8,25,19,22,33,3,13,5,11,34,15,33,68,3,25,0,12,40,26,48,54,9,17,0,7,28,20,47,93,5,14,0,3,32,19,71,64,5,9,7,3,46,36,64,75,8,14,0,0,10,4,4,22,4,0,0,0,13,11,0,23,4,6
Banora Point,0,5,0,0,0,0,0,0,0,0,0,0,3,8,0,5,0,0,0,0,4,10,0,3,0,0,5,0,12,8,0,0,0,3,7,5,12,17,3,0,0,4,8,13,15,26,0,8,0,3,13,4,16,18,5,8,0,3,20,3,28,52,3,10,0,0,25,10,35,50,9,19,0,0,25,14,49,62,4,14,0,3,14,5,43,48,5,12,0,0,32,18,70,53,5,14,0,0,8,3,8,7,0,5,0,0,11,7,0,14,5,0
Terranora - North Tumbulgum,0,0,0,0,0,0,0,0,0,0,0,0,0,4,0,0,0,0,3,0,0,0,0,0,0,0,0,0,0,0,0,0,0,5,3,4,0,4,0,0,0,0,6,3,9,9,0,0,0,0,3,0,11,7,0,3,0,0,4,7,9,11,0,4,0,0,9,3,3,11,0,7,0,3,10,0,23,19,0,8,0,0,6,0,24,5,0,3,0,0,16,3,31,21,0,8,0,0,3,0,0,7,0,0,0,0,0,0,0,13,0,3
Tweed Heads South,0,0,0,0,0,0,0,0,0,0,0,0,0,0,0,0,0,3,0,0,0,0,0,0,0,0,0,4,0,0,0,3,0,0,4,0,4,0,0,0,0,3,6,0,7,12,0,4,0,6,8,3,5,5,3,4,0,0,12,7,3,17,0,9,0,0,14,6,15,21,4,8,0,0,14,5,11,22,6,4,0,0,10,10,18,17,0,4,0,0,11,4,23,11,3,9,0,0,0,0,0,6,7,0,0,0,0,0,0,4,0,0
Griffith (NSW),0,0,0,0,8,0,0,0,0,0,0,0,0,0,0,3,0,0,0,0,6,0,0,3,0,0,0,0,0,0,0,6,0,0,7,5,8,7,3,3,0,0,21,5,14,14,0,4,0,4,34,12,20,27,6,17,0,4,45,25,47,40,4,17,0,0,44,21,55,69,7,31,0,0,37,23,49,72,4,27,0,0,29,22,74,62,4,7,3,0,60,38,103,64,9,20,0,0,12,8,7,7,0,4,0,0,14,7,3,42,0,6
Griffith Surrounds,0,0,0,0,0,0,0,0,0,0,0,0,4,0,0,0,0,0,0,4,0,0,0,0,0,0,0,5,3,6,0,0,0,0,0,3,4,6,0,0,0,0,0,7,11,11,0,0,0,3,16,8,6,14,0,6,0,0,29,11,19,17,0,10,0,0,19,13,24,17,0,9,0,0,17,19,41,16,0,5,0,0,12,11,36,9,0,0,0,0,23,16,52,10,0,5,0,0,8,8,6,0,0,0,0,0,4,3,0,9,0,5
Leeton,0,0,0,0,0,0,0,0,0,0,0,0,0,0,3,0,0,0,4,0,5,0,0,0,0,0,0,0,6,0,0,4,0,0,0,0,11,3,0,0,0,0,3,0,13,10,0,4,0,0,6,0,8,11,0,5,0,0,16,3,13,26,0,12,0,0,24,9,36,20,4,9,0,0,15,8,40,14,3,4,0,0,5,9,47,19,0,7,0,0,12,20,76,14,3,4,0,0,3,5,9,0,0,0,0,0,3,5,0,14,0,0
Narrandera,0,0,0,0,0,0,0,0,0,0,0,0,0,0,0,0,0,0,0,0,0,0,0,3,0,0,0,0,0,0,0,0,0,0,0,0,4,3,0,0,0,4,4,0,4,4,0,0,0,0,0,0,4,3,0,0,0,0,5,3,10,12,0,0,0,0,10,0,18,6,0,6,0,0,9,3,16,5,4,4,0,0,0,3,19,11,0,3,5,0,3,9,29,6,0,3,0,0,0,3,0,3,0,0,0,0,0,0,0,4,0,0
Tumbarumba,0,0,0,0,0,0,0,0,0,0,0,0,0,0,0,0,0,0,0,0,0,0,0,0,0,0,0,0,0,3,0,0,0,0,0,0,0,0,0,0,0,0,0,3,0,3,0,0,0,0,0,6,0,3,0,0,0,0,3,3,3,5,0,0,0,0,3,5,10,0,0,0,0,0,3,3,13,11,0,0,0,0,0,5,12,0,0,0,0,0,0,12,11,7,0,5,0,0,0,0,0,4,0,0,0,0,0,0,3,0,0,0
Tumut,0,0,0,0,0,0,0,0,0,0,0,3,0,0,0,0,0,0,0,0,0,0,0,0,0,0,0,0,0,0,0,0,0,0,3,3,0,4,0,3,0,0,3,0,6,3,0,4,0,0,3,0,8,4,0,4,0,0,8,5,13,19,0,6,0,0,5,19,20,8,0,5,0,0,7,14,17,11,6,4,0,0,10,10,24,14,0,3,0,0,7,31,35,19,0,0,0,0,0,4,3,0,0,0,0,0,4,8,0,10,0,0
Tumut Surrounds,0,0,0,0,0,0,0,0,0,0,0,0,0,0,0,0,0,5,0,0,0,0,0,0,0,0,0,0,0,0,0,0,0,0,0,0,3,0,0,0,0,0,0,0,0,6,0,0,0,0,4,0,7,6,0,0,0,0,5,3,7,7,0,8,0,0,4,10,7,11,0,3,0,0,0,7,9,6,0,3,0,0,5,3,12,6,0,0,0,0,10,21,26,9,0,0,0,0,0,10,0,3,0,0,0,0,5,4,0,0,0,0
Cootamundra,0,0,0,0,6,0,0,0,0,0,0,0,0,0,0,0,0,0,0,3,0,0,0,4,0,0,0,0,0,0,0,0,0,0,0,0,8,7,0,0,0,4,0,4,6,12,0,3,0,0,6,5,16,15,0,4,0,0,9,0,17,8,3,5,0,0,17,5,15,11,0,0,0,0,11,4,21,11,3,4,0,0,4,5,24,9,0,0,0,0,15,17,30,12,4,7,0,0,7,3,0,3,0,0,0,0,5,0,0,7,0,0
Gundagai,0,0,0,0,0,0,0,0,0,0,0,0,0,0,0,0,0,0,0,0,0,0,0,0,0,0,0,0,0,0,0,0,0,0,0,0,6,0,0,0,0,3,0,0,0,3,0,0,0,0,0,4,8,4,0,4,0,0,3,3,13,6,0,7,0,0,0,0,9,7,0,0,0,0,3,6,12,4,0,0,0,0,8,0,8,3,0,0,0,0,5,5,13,5,0,0,0,0,0,0,0,0,0,0,0,0,0,0,0,3,0,0
Junee,0,0,0,0,0,0,0,0,0,0,0,0,0,0,0,0,0,5,0,0,0,0,0,0,0,0,0,0,0,0,0,0,0,0,0,0,0,3,0,0,0,0,0,3,9,4,0,3,0,0,0,0,5,3,0,0,0,0,0,3,13,7,0,0,0,0,9,6,5,10,0,5,0,0,7,4,4,14,0,3,0,0,6,9,15,10,0,3,0,0,6,12,25,18,0,10,0,0,3,5,3,4,0,5,0,0,6,4,0,4,0,0
Temora,0,0,0,0,0,0,0,0,0,0,0,0,5,0,0,0,0,0,0,0,0,0,0,4,0,0,0,0,4,0,0,0,0,0,5,0,8,9,0,0,0,0,4,6,12,14,0,0,0,4,3,0,7,11,0,10,0,3,13,3,11,13,0,4,0,0,4,5,19,18,0,5,0,0,6,3,26,17,0,8,0,0,9,4,27,5,0,5,0,0,15,9,28,11,0,6,0,0,5,4,3,6,0,0,0,0,4,5,0,9,0,3
Wagga Wagga - East,0,4,0,0,5,0,0,0,0,0,0,0,5,0,0,4,0,6,0,0,4,0,0,3,0,3,3,0,6,3,0,0,0,0,11,4,11,11,0,6,4,3,8,3,26,19,3,11,0,5,15,4,23,20,6,12,0,5,35,16,36,51,5,32,3,0,49,24,50,63,4,22,0,5,43,12,79,71,13,36,6,3,37,19,81,66,6,19,3,0,66,33,148,84,8,31,0,0,11,6,10,12,0,3,0,0,31,10,9,65,0,9
Wagga Wagga - North,0,0,0,0,5,0,0,0,0,0,0,0,3,0,0,0,0,0,0,0,0,3,0,0,0,0,0,0,0,0,0,0,0,0,5,0,7,0,0,4,0,0,0,0,0,8,0,4,0,0,12,3,5,15,0,3,3,5,11,8,14,25,0,5,0,0,21,10,24,25,0,7,4,0,34,9,22,35,4,12,0,0,23,9,34,28,4,3,4,3,25,22,55,45,7,12,0,0,3,3,5,5,5,0,0,0,3,0,0,15,0,0
Wagga Wagga - South,0,0,0,0,0,0,0,4,0,0,6,0,8,0,0,0,0,3,5,0,0,5,0,0,0,0,0,4,8,6,0,3,0,5,9,8,8,8,0,11,0,0,9,10,21,33,0,5,0,5,28,8,31,49,3,27,0,3,38,21,55,89,5,30,0,5,61,18,49,83,12,34,3,6,77,14,71,105,11,27,6,4,54,34,101,102,6,19,0,3,83,55,191,120,19,35,0,0,17,8,15,32,0,6,0,0,24,10,8,53,0,7
Wagga Wagga - West,0,5,0,0,7,0,0,0,0,0,0,0,6,0,0,3,0,0,0,4,5,5,0,4,0,3,5,6,4,3,0,3,0,3,13,0,9,8,0,3,0,4,30,4,7,8,5,8,0,10,31,14,22,13,0,5,4,6,52,15,24,40,12,23,0,7,37,15,28,79,4,24,4,5,42,17,43,83,0,19,0,5,37,10,53,55,9,19,0,4,53,28,54,108,3,18,0,0,14,0,3,22,5,8,0,0,16,6,0,52,0,9
Wagga Wagga Surrounds,0,0,0,0,3,0,0,0,0,0,0,0,4,0,0,0,0,0,7,0,9,4,0,0,0,4,3,3,4,8,0,0,0,6,5,8,9,11,0,0,0,0,11,8,11,23,0,4,0,6,18,8,27,36,3,16,5,6,29,14,31,59,4,12,5,5,26,20,49,58,0,21,0,9,40,28,62,56,4,27,5,4,40,18,68,45,4,11,5,3,48,45,107,69,5,14,0,0,11,10,7,13,0,0,0,0,28,8,3,24,0,11
Berry - Kangaroo Valley,0,0,0,0,5,0,0,0,0,3,0,0,6,0,0,0,0,0,0,0,9,0,0,0,0,5,3,4,7,4,0,0,0,3,11,4,13,12,0,8,0,5,11,7,12,13,0,7,0,5,9,14,21,12,0,10,0,0,21,12,12,37,4,12,0,0,16,24,19,28,3,10,0,5,18,14,26,34,0,7,0,0,19,24,36,30,0,8,0,3,35,25,48,36,9,15,0,4,13,16,8,4,0,6,6,3,40,21,5,34,3,27
Callala Bay - Currarong,0,0,0,0,3,0,0,0,0,0,0,3,0,0,0,0,0,0,0,0,0,0,0,3,0,0,0,0,5,4,0,0,0,0,0,0,0,0,0,3,0,0,0,0,3,4,0,0,0,0,3,0,4,6,0,0,0,0,7,3,8,10,0,3,0,0,8,3,9,8,0,0,0,0,9,8,11,12,0,8,0,0,11,8,11,10,0,4,0,0,9,12,14,9,7,3,0,0,4,0,0,0,0,0,0,0,8,4,0,3,0,5
Culburra Beach,0,0,0,0,0,0,0,0,0,0,0,0,0,4,0,0,0,0,0,0,0,0,0,0,0,0,0,0,0,5,0,0,0,0,3,0,8,7,0,0,0,0,3,0,6,10,0,0,0,3,3,3,8,15,0,5,0,0,10,0,8,18,0,9,0,3,9,9,10,14,0,4,0,0,8,5,11,13,0,0,0,3,11,3,9,13,0,0,0,0,17,16,22,13,0,9,0,0,0,4,0,6,6,0,0,0,8,3,4,3,0,4
Ettrema - Sassafras - Budawang,0,0,0,0,0,0,0,0,0,0,0,0,0,0,0,0,0,0,0,0,0,0,0,0,0,0,0,0,0,0,0,0,0,0,0,0,0,0,0,0,0,0,0,0,0,0,0,0,0,0,3,0,0,0,0,0,0,0,0,0,0,0,0,0,0,0,0,0,0,0,0,0,0,0,0,0,0,0,0,0,0,0,0,0,0,0,0,0,0,0,3,0,0,0,0,0,0,0,0,0,0,0,0,0,0,0,0,0,0,0,0,0
Huskisson - Vincentia,0,0,0,0,0,0,0,0,0,0,0,0,0,0,0,0,0,0,0,0,3,0,0,0,0,0,0,0,6,0,0,5,0,0,7,6,13,3,0,0,0,0,3,0,12,5,0,5,0,3,6,6,6,11,0,7,0,0,10,9,21,17,0,7,0,0,4,7,22,17,0,4,0,5,9,21,21,18,3,6,0,0,12,15,21,19,0,8,3,3,20,34,35,16,8,12,0,0,4,11,0,5,4,0,0,0,19,11,3,17,0,9
North Nowra - Bomaderry,0,3,0,0,0,0,0,3,0,0,0,4,3,3,0,0,0,3,5,4,6,3,0,0,0,0,3,3,12,6,0,3,0,4,10,10,13,15,0,8,0,6,7,7,15,21,0,19,0,0,13,5,26,28,4,7,5,4,25,20,21,50,6,16,0,4,22,19,33,69,9,21,0,0,24,26,43,74,3,16,4,0,16,26,62,57,4,19,0,0,35,51,59,68,15,19,0,0,8,14,4,10,0,0,0,0,13,17,0,35,9,4
Nowra,0,0,0,0,4,0,0,0,0,0,0,3,4,7,0,4,0,0,0,0,3,0,0,3,0,4,3,0,9,6,0,0,0,5,0,3,11,8,0,0,0,0,4,7,13,23,0,9,0,0,14,3,17,49,0,16,0,3,30,17,27,54,5,28,0,0,19,25,27,74,7,27,0,0,26,32,37,52,3,29,0,7,15,30,20,61,10,20,5,5,29,46,64,77,12,15,0,0,0,5,0,9,0,0,0,0,6,6,3,15,0,3
St Georges Basin - Erowal Bay,0,0,0,0,5,0,0,0,0,0,4,4,0,0,3,0,0,0,6,0,7,0,0,5,0,0,8,4,6,5,0,0,0,0,3,5,5,6,0,4,0,3,0,3,8,25,0,6,0,4,14,5,14,25,0,7,0,4,20,6,30,23,0,7,0,0,16,10,33,26,0,9,0,6,17,21,22,23,3,14,0,0,16,17,44,24,0,12,0,0,19,20,39,43,3,9,0,0,7,0,0,0,0,0,0,0,4,3,0,4,0,4
Sussex Inlet - Berrara,0,0,0,0,0,0,0,0,0,0,0,0,0,0,0,0,0,0,0,0,0,4,0,0,0,0,0,0,4,0,0,0,0,0,0,5,0,7,0,0,0,0,0,4,4,9,0,0,0,0,4,0,4,3,0,0,0,0,0,3,3,11,0,0,0,0,0,0,9,7,0,0,0,0,3,7,0,9,0,0,0,0,6,6,7,5,0,4,0,0,4,6,15,0,0,0,0,0,0,0,0,3,0,0,0,0,0,0,0,0,0,0
Tomerong - Wandandian - Woollamia,0,0,0,0,0,0,0,0,0,0,0,0,0,0,0,0,0,0,0,0,0,0,0,0,0,0,0,0,0,0,0,0,0,0,0,4,8,8,0,0,0,3,3,0,6,3,0,0,0,0,9,3,4,4,0,4,0,0,3,3,10,16,6,4,0,0,8,4,16,14,0,3,0,0,12,3,11,13,0,4,0,0,3,6,12,6,3,6,0,0,16,8,19,7,0,3,0,0,5,0,0,3,3,0,0,0,3,4,0,3,0,0
Ulladulla,0,0,0,0,0,0,0,0,0,0,0,5,7,4,0,0,0,6,3,7,11,7,0,5,0,4,9,0,6,4,0,0,0,0,12,3,20,18,6,0,0,0,10,6,20,20,0,5,5,8,18,14,21,32,4,15,0,0,17,13,34,40,3,15,0,3,13,17,44,48,0,20,0,3,18,18,32,35,0,15,0,0,14,21,73,33,0,10,0,8,38,23,69,29,7,14,0,0,6,0,7,8,0,0,0,0,28,11,4,26,11,5
Ulladulla Surrounds,0,0,0,3,6,0,0,0,0,3,0,0,0,0,0,3,0,6,0,4,0,7,0,0,0,6,0,0,7,6,0,0,0,0,3,5,0,5,0,5,0,0,5,5,6,10,0,6,0,3,9,5,12,11,3,6,0,0,8,6,9,8,0,5,0,0,5,5,16,5,4,12,0,0,7,4,15,4,0,0,0,3,0,9,16,12,0,3,0,0,14,12,25,8,4,5,0,0,12,5,0,4,0,3,0,3,11,5,0,5,0,6
Bowral,0,4,0,3,0,0,0,0,0,3,3,0,4,4,0,3,0,10,3,6,8,6,0,0,0,9,11,4,10,0,0,0,0,4,11,0,12,12,0,9,0,5,18,10,21,22,0,10,0,6,17,11,13,26,0,10,0,3,37,14,27,34,3,14,0,9,31,20,28,45,8,28,3,6,34,21,34,42,5,19,0,0,28,20,32,30,5,18,5,15,85,38,103,55,8,29,0,0,25,10,11,19,5,8,0,7,102,52,0,61,26,34
Hill Top - Colo Vale,0,0,0,0,0,0,0,3,0,0,0,0,0,0,0,0,0,0,0,0,0,0,0,0,0,6,0,5,6,0,0,0,0,0,3,0,4,8,0,0,0,0,3,3,8,10,0,0,0,0,4,0,6,11,0,3,0,0,7,0,17,16,0,7,0,0,8,6,13,15,5,8,0,0,11,9,21,13,0,3,0,0,14,0,27,6,5,10,0,3,10,13,28,9,4,10,0,0,5,3,4,0,0,0,0,0,3,4,0,4,0,0
Mittagong,0,4,0,5,6,0,0,0,0,4,0,3,0,0,0,0,0,0,3,6,9,0,0,0,0,8,0,0,3,4,0,3,0,3,6,4,13,3,0,0,4,6,4,11,15,16,0,0,0,9,10,3,12,30,3,4,0,0,26,7,28,43,3,12,0,4,21,19,24,37,3,6,0,5,19,15,37,43,6,7,0,3,27,13,38,15,5,10,0,10,40,36,81,38,13,16,0,0,19,11,7,8,3,4,0,5,45,17,0,26,9,13
Moss Vale - Berrima,0,0,0,0,3,0,0,0,0,4,0,0,8,0,0,3,0,5,0,0,9,4,0,0,0,3,5,0,4,3,0,0,0,7,0,0,7,11,0,0,3,5,8,8,11,8,0,6,0,6,9,6,18,13,0,12,0,11,13,10,11,29,3,14,0,5,11,12,33,22,4,7,0,9,21,15,29,30,3,13,0,0,19,15,35,15,7,4,3,4,52,22,72,28,8,19,3,3,11,7,0,8,3,9,4,6,22,8,3,21,10,6
Robertson - Fitzroy Falls,0,0,0,0,0,0,0,0,0,0,0,0,0,0,0,0,0,0,0,0,0,0,0,3,0,4,0,0,3,0,0,3,0,3,0,0,6,0,0,0,0,5,6,3,3,3,0,5,0,0,0,0,6,7,0,0,0,11,6,5,13,10,5,0,0,3,9,10,9,9,0,3,0,9,10,7,16,10,0,6,0,3,6,8,14,7,3,5,0,5,17,12,34,16,4,10,0,0,0,3,0,0,0,0,0,3,32,7,4,8,5,13
Southern Highlands,0,4,0,0,0,0,0,0,0,0,0,3,4,0,0,0,0,0,4,4,5,4,0,0,0,5,0,0,0,0,0,0,0,6,0,3,0,4,4,0,0,5,7,5,8,16,0,7,0,0,3,0,13,11,0,0,0,4,12,14,12,16,4,10,0,8,10,11,14,13,3,11,4,3,13,10,15,13,6,7,0,0,9,12,24,19,0,7,0,3,21,37,30,14,9,14,0,0,10,5,0,5,4,4,0,0,44,20,8,22,5,21
