"INCP Legal, Social and Welfare Professionals Total Personal Income (weekly)","$1-$149 ($1-$7,799)","$150-$299 ($7,800-$15,599)","$300-$399 ($15,600-$20,799)","$400-$499 ($20,800-$25,999)","$500-$649 ($26,000-$33,799)","$650-$799 ($33,800-$41,599)","$800-$999 ($41,600-$51,999)","$1,000-$1,249 ($52,000-$64,999)","$1,250-$1,499 ($65,000-$77,999)","$1,500-$1,749 ($78,000-$90,999)","$1,750-$1,999 ($91,000-$103,999)","$2,000-$2,999 ($104,000-$155,999)","$3,000-$3,499 ($156,000-$181,999)","$3,500 or more ($182,000 or more)",Total,Average,Round Down,Return Val
Braidwood,0,0,0,0,0,0,0,0,4,5,0,7,0,3,19,1960.526316,1960,"$1,750-$1,999 ($91,000-$103,999)"
Karabar,0,0,4,0,0,0,3,5,10,12,4,15,5,4,62,1795.967742,1795,"$1,750-$1,999 ($91,000-$103,999)"
Queanbeyan,0,0,4,0,0,4,0,12,14,15,10,23,4,5,91,1758.791209,1758,"$1,750-$1,999 ($91,000-$103,999)"
Queanbeyan - East,0,0,0,0,0,5,10,7,5,6,10,9,0,3,55,1627.272727,1627,"$1,500-$1,749 ($78,000-$90,999)"
Queanbeyan West - Jerrabomberra,0,0,0,5,5,6,6,13,9,14,13,35,8,16,130,1882.692308,1882,"$1,750-$1,999 ($91,000-$103,999)"
Googong,0,0,0,0,4,0,0,3,4,9,6,16,5,0,47,1852.12766,1852,"$1,750-$1,999 ($91,000-$103,999)"
Queanbeyan Surrounds,0,0,0,3,6,9,9,9,13,24,17,42,13,36,181,2076.933702,2076,"$2,000-$2,999 ($104,000-$155,999)"
Bombala,0,0,0,0,0,0,0,0,0,0,0,0,0,0,0,0,0,0
Cooma,0,0,0,0,0,3,7,6,3,9,7,11,0,0,46,1567.391304,1567,"$1,500-$1,749 ($78,000-$90,999)"
Cooma Surrounds,0,0,0,0,0,0,0,0,0,5,0,0,0,3,8,2328.125,2328,"$2,000-$2,999 ($104,000-$155,999)"
Jindabyne - Berridale,0,0,3,0,3,0,7,15,12,13,5,26,5,33,122,2103.07377,2103,"$2,000-$2,999 ($104,000-$155,999)"
Batemans Bay,0,0,0,0,4,4,4,7,18,8,4,7,0,3,59,1492.372881,1492,"$1,250-$1,499 ($65,000-$77,999)"
Batemans Bay - South,0,0,0,0,6,7,7,11,13,10,4,4,0,5,67,1437.686567,1437,"$1,250-$1,499 ($65,000-$77,999)"
Bega - Tathra,0,0,4,3,0,5,4,7,18,12,4,11,0,0,68,1363.602941,1363,"$1,250-$1,499 ($65,000-$77,999)"
Bega-Eden Hinterland,0,4,0,0,4,6,3,8,10,4,4,3,0,3,49,1339.285714,1339,"$1,250-$1,499 ($65,000-$77,999)"
Broulee - Tomakin,0,0,0,0,0,0,3,0,12,5,5,8,0,0,33,1661.363636,1661,"$1,500-$1,749 ($78,000-$90,999)"
Deua - Wadbilliga,0,0,0,0,0,0,0,0,0,0,0,0,0,0,0,0,0,0
Eden,0,0,0,0,0,0,0,0,0,0,0,0,0,0,0,0,0,0
Eurobodalla Hinterland,0,0,0,0,0,0,0,5,5,0,3,4,0,3,20,1900,1900,"$1,750-$1,999 ($91,000-$103,999)"
Merimbula - Tura Beach,0,0,0,3,3,5,12,15,11,5,11,10,0,4,79,1492.088608,1492,"$1,250-$1,499 ($65,000-$77,999)"
Moruya - Tuross Head,0,0,9,3,6,4,9,9,15,7,9,8,3,9,91,1536.538462,1536,"$1,500-$1,749 ($78,000-$90,999)"
Narooma - Bermagui,0,0,7,0,0,3,11,10,11,6,5,4,0,0,57,1239.473684,1239,"$1,000-$1,249 ($52,000-$64,999)"
Goulburn,0,0,3,4,7,7,10,25,39,28,21,19,3,5,171,1541.374269,1541,"$1,500-$1,749 ($78,000-$90,999)"
Goulburn Surrounds,4,0,3,0,0,4,4,16,8,9,12,8,6,14,88,1874.715909,1874,"$1,750-$1,999 ($91,000-$103,999)"
Yass,0,0,0,0,0,0,3,3,3,6,6,9,0,3,33,1888.636364,1888,"$1,750-$1,999 ($91,000-$103,999)"
Yass Surrounds,0,0,0,0,3,0,5,5,12,9,18,29,7,22,110,2200.909091,2200,"$2,000-$2,999 ($104,000-$155,999)"
Young,0,5,0,3,0,0,4,11,6,12,6,5,0,0,52,1357.211538,1357,"$1,250-$1,499 ($65,000-$77,999)"
Young Surrounds,0,0,0,0,0,3,3,0,5,3,0,9,0,0,23,1456.521739,1456,"$1,250-$1,499 ($65,000-$77,999)"
Avoca Beach - Copacabana,0,0,0,3,12,0,3,14,11,12,16,18,4,15,108,1857.175926,1857,"$1,750-$1,999 ($91,000-$103,999)"
Box Head - MacMasters Beach,0,0,0,0,9,4,6,10,10,14,21,24,8,29,135,2120.185185,2120,"$2,000-$2,999 ($104,000-$155,999)"
Calga - Kulnura,0,0,4,0,0,7,3,6,0,9,0,5,5,6,45,1715,1715,"$1,500-$1,749 ($78,000-$90,999)"
Erina - Green Point,0,0,3,4,5,8,8,11,16,12,24,15,0,9,115,1671.521739,1671,"$1,500-$1,749 ($78,000-$90,999)"
Gosford - Springfield,0,0,4,0,8,10,14,25,29,31,19,25,6,7,178,1587.640449,1587,"$1,500-$1,749 ($78,000-$90,999)"
Kariong,0,0,3,0,0,5,4,3,4,5,5,14,0,3,46,1620.108696,1620,"$1,500-$1,749 ($78,000-$90,999)"
Kincumber - Picketts Valley,0,0,5,0,4,4,3,7,7,14,10,8,0,3,65,1544.615385,1544,"$1,500-$1,749 ($78,000-$90,999)"
Narara,0,0,5,0,5,7,3,6,15,14,8,16,0,0,79,1424.367089,1424,"$1,250-$1,499 ($65,000-$77,999)"
Niagara Park - Lisarow,0,0,0,0,0,5,3,3,5,9,9,6,0,0,40,1623.75,1623,"$1,500-$1,749 ($78,000-$90,999)"
Point Clare - Koolewong,0,0,0,0,4,3,4,7,8,9,10,6,3,0,54,1621.759259,1621,"$1,500-$1,749 ($78,000-$90,999)"
Saratoga - Davistown,0,0,0,0,3,7,0,3,4,9,4,19,3,3,55,1748.636364,1748,"$1,500-$1,749 ($78,000-$90,999)"
Terrigal - North Avoca,0,0,0,5,4,6,10,17,16,21,16,37,8,25,165,1915.30303,1915,"$1,750-$1,999 ($91,000-$103,999)"
Umina - Booker Bay - Patonga,0,0,4,3,12,10,11,14,21,17,18,35,0,21,166,1705.873494,1705,"$1,500-$1,749 ($78,000-$90,999)"
Wamberal - Forresters Beach,0,0,3,0,5,11,10,12,15,12,17,28,8,9,130,1746.346154,1746,"$1,500-$1,749 ($78,000-$90,999)"
Woy Woy - Blackwall,0,0,0,8,0,7,9,10,9,7,10,12,11,10,93,1828.225806,1828,"$1,750-$1,999 ($91,000-$103,999)"
Wyoming,0,0,0,6,5,0,8,17,13,9,10,8,0,0,76,1373.684211,1373,"$1,250-$1,499 ($65,000-$77,999)"
Bateau Bay - Killarney Vale,0,0,3,0,13,13,12,28,19,22,25,22,0,3,160,1477.34375,1477,"$1,250-$1,499 ($65,000-$77,999)"
Blue Haven - San Remo,0,0,0,0,0,7,7,6,13,10,5,3,0,0,51,1379.901961,1379,"$1,250-$1,499 ($65,000-$77,999)"
Budgewoi - Buff Point - Halekulani,0,0,0,0,0,0,5,9,9,9,0,4,0,0,36,1364.583333,1364,"$1,250-$1,499 ($65,000-$77,999)"
Chittaway Bay - Tumbi Umbi,0,0,0,0,6,7,7,19,22,25,20,11,0,3,120,1568.333333,1568,"$1,500-$1,749 ($78,000-$90,999)"
Gorokan - Kanwal - Charmhaven,0,3,0,0,3,0,6,17,16,28,8,10,0,0,91,1463.461538,1463,"$1,250-$1,499 ($65,000-$77,999)"
Jilliby - Yarramalong,0,0,0,0,0,5,0,5,5,0,0,0,0,4,19,1585.526316,1585,"$1,500-$1,749 ($78,000-$90,999)"
Lake Munmorah - Mannering Park,0,0,0,3,0,3,4,4,7,8,3,3,0,0,35,1353.571429,1353,"$1,250-$1,499 ($65,000-$77,999)"
Ourimbah - Fountaindale,0,0,0,0,0,5,4,0,7,7,3,8,3,3,40,1774.375,1774,"$1,750-$1,999 ($91,000-$103,999)"
Summerland Point - Gwandalan,0,0,0,0,0,0,5,6,6,11,4,3,0,3,38,1671.052632,1671,"$1,500-$1,749 ($78,000-$90,999)"
The Entrance,0,0,0,4,5,4,0,10,15,17,21,17,0,9,102,1793.627451,1793,"$1,750-$1,999 ($91,000-$103,999)"
Toukley - Norah Head,0,0,0,0,0,0,5,3,11,7,8,4,0,5,43,1845.930233,1845,"$1,750-$1,999 ($91,000-$103,999)"
Tuggerah - Kangy Angy,0,0,0,0,0,11,9,3,5,0,4,8,0,0,40,1283.125,1283,"$1,250-$1,499 ($65,000-$77,999)"
Warnervale - Wadalba,0,0,0,8,0,7,3,20,26,21,8,21,0,0,114,1430.921053,1430,"$1,250-$1,499 ($65,000-$77,999)"
Wyong,0,4,0,0,0,3,7,11,8,7,3,3,3,0,49,1367.346939,1367,"$1,250-$1,499 ($65,000-$77,999)"
Bathurst - East,0,0,0,0,3,8,4,14,17,16,6,17,0,0,85,1448.529412,1448,"$1,250-$1,499 ($65,000-$77,999)"
Bathurst Surrounds,0,0,0,0,0,0,5,6,8,7,11,8,0,8,53,1964.622642,1964,"$1,750-$1,999 ($91,000-$103,999)"
Oberon,0,0,0,3,0,0,3,4,5,0,0,5,0,0,20,1240,1240,"$1,000-$1,249 ($52,000-$64,999)"
Bathurst - South,0,3,0,0,3,4,9,15,17,16,15,20,0,7,109,1643.577982,1643,"$1,500-$1,749 ($78,000-$90,999)"
Bathurst - West,0,0,0,0,5,5,13,18,18,26,16,15,3,3,122,1588.729508,1588,"$1,500-$1,749 ($78,000-$90,999)"
Condobolin,0,0,0,0,3,4,0,4,5,4,0,3,0,0,23,1222.826087,1222,"$1,000-$1,249 ($52,000-$64,999)"
Cowra,0,0,0,4,4,0,0,4,3,5,7,9,5,0,41,1743.292683,1743,"$1,500-$1,749 ($78,000-$90,999)"
Cowra Surrounds,0,0,0,0,3,0,4,3,0,6,0,4,0,5,25,1738,1738,"$1,500-$1,749 ($78,000-$90,999)"
Forbes,0,0,4,0,4,0,4,9,10,3,5,10,5,0,54,1547.222222,1547,"$1,500-$1,749 ($78,000-$90,999)"
Grenfell,0,0,0,0,0,0,0,0,0,4,0,3,0,0,7,1732.142857,1732,"$1,500-$1,749 ($78,000-$90,999)"
Parkes (NSW),0,0,0,0,4,0,4,9,10,7,7,7,0,3,51,1613.235294,1613,"$1,500-$1,749 ($78,000-$90,999)"
Parkes Surrounds,0,0,0,0,0,0,0,0,4,0,3,4,0,0,11,1863.636364,1863,"$1,750-$1,999 ($91,000-$103,999)"
West Wyalong,0,0,0,0,0,0,0,0,3,0,0,5,0,0,8,1687.5,1687,"$1,500-$1,749 ($78,000-$90,999)"
Lithgow,0,0,0,4,3,4,3,9,17,10,3,7,0,4,64,1460.9375,1460,"$1,250-$1,499 ($65,000-$77,999)"
Lithgow Surrounds,0,0,0,3,0,3,3,9,0,5,5,8,0,18,54,2129.166667,2129,"$2,000-$2,999 ($104,000-$155,999)"
Mudgee,0,0,0,0,4,3,0,13,11,3,9,14,5,7,69,1863.768116,1863,"$1,750-$1,999 ($91,000-$103,999)"
Mudgee Surrounds - East,0,0,0,0,0,0,0,0,0,0,5,0,0,0,5,2500,2500,"$2,000-$2,999 ($104,000-$155,999)"
Mudgee Surrounds - West,5,6,0,0,5,5,3,4,12,4,7,0,0,0,51,1096.568627,1096,"$1,000-$1,249 ($52,000-$64,999)"
Wollangambe - Wollemi,0,0,0,0,0,0,0,0,0,0,0,0,0,0,0,0,0,0
Blayney,0,0,0,0,0,0,11,8,10,7,7,4,0,0,47,1468.617021,1468,"$1,250-$1,499 ($65,000-$77,999)"
Orange,0,0,3,4,4,11,10,27,40,26,28,34,7,11,205,1681.707317,1681,"$1,500-$1,749 ($78,000-$90,999)"
Orange - North,0,0,0,5,0,5,12,27,42,39,38,37,4,5,214,1696.495327,1696,"$1,500-$1,749 ($78,000-$90,999)"
Orange Surrounds,0,0,0,0,0,5,12,15,16,7,10,14,0,5,84,1588.392857,1588,"$1,500-$1,749 ($78,000-$90,999)"
Grafton,0,0,0,0,9,7,8,33,23,23,16,17,0,3,139,1481.654676,1481,"$1,250-$1,499 ($65,000-$77,999)"
Grafton Surrounds,4,0,0,4,5,7,10,12,16,17,5,9,3,8,100,1493,1493,"$1,250-$1,499 ($65,000-$77,999)"
Maclean - Yamba - Iluka,3,0,6,0,3,8,12,17,16,15,9,11,4,5,109,1465.825688,1465,"$1,250-$1,499 ($65,000-$77,999)"
Bellingen,0,0,7,0,7,7,9,9,16,11,4,18,3,3,94,1421.808511,1421,"$1,250-$1,499 ($65,000-$77,999)"
Coffs Harbour - North,0,0,0,11,11,8,3,29,29,24,13,30,4,6,168,1512.053571,1512,"$1,500-$1,749 ($78,000-$90,999)"
Coffs Harbour - South,0,7,4,0,9,9,8,19,10,16,11,15,3,4,115,1411.956522,1411,"$1,250-$1,499 ($65,000-$77,999)"
Coramba - Nana Glen - Bucca,0,0,0,4,0,0,3,8,5,7,9,3,0,0,39,1535.25641,1535,"$1,500-$1,749 ($78,000-$90,999)"
Dorrigo,0,0,0,0,6,4,0,3,0,6,0,0,0,0,19,1025,1025,"$1,000-$1,249 ($52,000-$64,999)"
Korora - Emerald Beach,0,0,0,5,0,4,13,18,11,20,12,21,11,5,120,1727.916667,1727,"$1,500-$1,749 ($78,000-$90,999)"
Sawtell - Boambee,0,6,0,0,0,12,27,31,33,24,13,19,4,15,184,1561.005435,1561,"$1,500-$1,749 ($78,000-$90,999)"
Urunga,0,0,0,0,5,4,4,8,4,6,4,4,0,0,39,1310.897436,1310,"$1,250-$1,499 ($65,000-$77,999)"
Woolgoolga - Arrawarra,0,4,0,0,0,0,8,18,14,21,19,17,0,0,101,1595.049505,1595,"$1,500-$1,749 ($78,000-$90,999)"
Bourke - Brewarrina,0,0,0,0,0,0,3,3,3,9,4,0,0,0,22,1582.954545,1582,"$1,500-$1,749 ($78,000-$90,999)"
Cobar,0,0,0,0,0,0,4,4,0,0,3,0,0,0,11,1418.181818,1418,"$1,250-$1,499 ($65,000-$77,999)"
Coonamble,0,0,0,0,0,0,0,4,3,6,0,0,0,0,13,1413.461538,1413,"$1,250-$1,499 ($65,000-$77,999)"
Nyngan - Warren,0,0,0,0,0,0,0,0,4,3,6,6,3,0,22,2107.954545,2107,"$2,000-$2,999 ($104,000-$155,999)"
Walgett - Lightning Ridge,0,0,0,0,0,0,0,4,0,0,4,3,0,0,11,1829.545455,1829,"$1,750-$1,999 ($91,000-$103,999)"
Broken Hill,0,0,3,4,5,14,12,18,21,38,19,34,3,0,171,1511.988304,1511,"$1,500-$1,749 ($78,000-$90,999)"
Far West,0,0,0,0,0,0,0,0,0,0,4,0,0,0,4,2500,2500,"$2,000-$2,999 ($104,000-$155,999)"
Coonabarabran,0,3,0,0,0,0,0,6,8,5,4,4,0,0,30,1468.333333,1468,"$1,250-$1,499 ($65,000-$77,999)"
Dubbo - East,0,0,0,0,3,7,5,17,19,27,18,13,5,9,123,1768.699187,1768,"$1,750-$1,999 ($91,000-$103,999)"
Dubbo - South,0,5,7,7,3,9,19,41,48,47,39,57,6,11,299,1615.217391,1615,"$1,500-$1,749 ($78,000-$90,999)"
Dubbo - West,0,0,0,3,0,3,5,16,19,17,15,14,8,3,103,1747.815534,1747,"$1,500-$1,749 ($78,000-$90,999)"
Dubbo Surrounds,0,0,0,0,0,0,3,5,5,11,8,7,0,3,42,1826.190476,1826,"$1,750-$1,999 ($91,000-$103,999)"
Gilgandra,0,0,0,0,0,0,3,5,3,0,3,3,0,0,17,1504.411765,1504,"$1,500-$1,749 ($78,000-$90,999)"
Narromine,0,0,0,0,0,0,0,4,0,9,4,4,0,0,21,1744.047619,1744,"$1,500-$1,749 ($78,000-$90,999)"
Wellington,0,0,0,0,5,5,0,10,4,9,7,0,0,0,40,1384.375,1384,"$1,250-$1,499 ($65,000-$77,999)"
Branxton - Greta - Pokolbin,0,0,4,0,0,4,6,13,12,13,5,8,0,7,72,1582.638889,1582,"$1,500-$1,749 ($78,000-$90,999)"
Cessnock,0,0,0,0,5,3,8,0,13,15,13,10,4,0,71,1672.535211,1672,"$1,500-$1,749 ($78,000-$90,999)"
Cessnock Surrounds,0,0,3,0,0,4,0,10,3,7,3,13,4,3,50,1721.5,1721,"$1,500-$1,749 ($78,000-$90,999)"
Dungog,0,0,0,4,0,6,3,3,3,7,8,8,0,5,47,1706.914894,1706,"$1,500-$1,749 ($78,000-$90,999)"
Kurri Kurri - Abermain,0,0,0,0,0,5,7,17,16,14,17,8,0,0,84,1563.095238,1563,"$1,500-$1,749 ($78,000-$90,999)"
Singleton,0,0,3,0,5,5,8,13,17,9,5,9,0,4,78,1419.871795,1419,"$1,250-$1,499 ($65,000-$77,999)"
Singleton Surrounds,0,0,0,0,0,0,0,0,3,0,0,4,0,4,11,2329.545455,2329,"$2,000-$2,999 ($104,000-$155,999)"
Maitland,0,0,0,4,0,3,8,11,8,12,6,4,0,0,56,1366.964286,1366,"$1,250-$1,499 ($65,000-$77,999)"
Maitland - North,0,0,0,0,0,8,5,8,10,9,14,19,6,7,86,1887.209302,1887,"$1,750-$1,999 ($91,000-$103,999)"
East Maitland - Metford,0,3,9,10,3,8,10,15,21,21,14,18,3,6,141,1448.404255,1448,"$1,250-$1,499 ($65,000-$77,999)"
Rutherford (North) - Aberglasslyn,0,0,0,7,0,0,3,11,12,19,12,12,5,5,86,1765.697674,1765,"$1,750-$1,999 ($91,000-$103,999)"
Rutherford (South) - Telarah,0,0,0,0,0,0,0,4,6,8,10,5,0,0,33,1821.969697,1821,"$1,750-$1,999 ($91,000-$103,999)"
Tenambit - East Maitland,0,0,0,0,3,3,0,13,18,17,11,9,0,4,78,1657.371795,1657,"$1,500-$1,749 ($78,000-$90,999)"
Thornton - Millers Forest,0,0,0,0,0,0,5,12,13,28,21,28,4,3,114,1841.008772,1841,"$1,750-$1,999 ($91,000-$103,999)"
Anna Bay,0,0,0,0,0,8,0,0,4,0,8,5,0,0,25,1627,1627,"$1,500-$1,749 ($78,000-$90,999)"
Lemon Tree Passage - Tanilba Bay,0,0,0,0,0,4,5,0,6,0,0,0,0,0,15,1043.333333,1043,"$1,000-$1,249 ($52,000-$64,999)"
Nelson Bay Peninsula,0,0,8,3,4,8,8,15,13,23,3,22,0,5,112,1409.151786,1409,"$1,250-$1,499 ($65,000-$77,999)"
Raymond Terrace,0,0,5,0,4,3,3,12,10,10,0,4,0,0,51,1175,1175,"$1,000-$1,249 ($52,000-$64,999)"
Seaham - Woodville,0,0,0,0,0,0,4,0,4,4,3,9,4,10,38,2315.131579,2315,"$2,000-$2,999 ($104,000-$155,999)"
Tea Gardens - Hawks Nest,0,0,0,0,5,0,5,0,6,0,4,9,0,4,33,1712.121212,1712,"$1,500-$1,749 ($78,000-$90,999)"
Williamtown - Medowie - Karuah,0,0,7,0,3,10,5,20,10,15,9,8,0,4,91,1407.142857,1407,"$1,250-$1,499 ($65,000-$77,999)"
Muswellbrook,3,0,0,0,0,0,6,0,9,13,5,0,0,0,36,1434.027778,1434,"$1,250-$1,499 ($65,000-$77,999)"
Muswellbrook Surrounds,0,0,0,0,0,0,0,3,4,0,0,0,0,0,7,1267.857143,1267,"$1,250-$1,499 ($65,000-$77,999)"
Scone,0,0,0,0,0,0,0,5,5,3,6,8,0,4,31,1979.83871,1979,"$1,750-$1,999 ($91,000-$103,999)"
Scone Surrounds,0,0,0,0,0,0,0,3,3,3,0,8,0,0,17,1610.294118,1610,"$1,500-$1,749 ($78,000-$90,999)"
Dapto - Avondale,0,0,4,3,3,7,7,24,21,20,16,9,4,5,123,1557.723577,1557,"$1,500-$1,749 ($78,000-$90,999)"
Horsley - Kembla Grange,0,0,0,0,6,7,11,12,21,14,13,16,6,0,106,1561.792453,1561,"$1,500-$1,749 ($78,000-$90,999)"
Port Kembla Industrial,0,0,0,0,0,0,0,0,0,0,0,0,0,0,0,0,0,0
Unanderra - Mount Kembla,0,3,3,0,5,4,15,22,17,22,16,25,3,0,135,1492.592593,1492,"$1,250-$1,499 ($65,000-$77,999)"
Berkeley - Lake Heights - Cringila,0,0,0,0,4,6,10,12,19,11,8,5,4,0,79,1462.341772,1462,"$1,250-$1,499 ($65,000-$77,999)"
Port Kembla - Warrawong,0,0,0,0,0,5,10,8,5,9,5,7,0,0,49,1403.061224,1403,"$1,250-$1,499 ($65,000-$77,999)"
Windang - Primbee,0,0,0,0,0,4,5,3,7,3,6,4,0,3,35,1665,1665,"$1,500-$1,749 ($78,000-$90,999)"
Illawarra Catchment Reserve,0,0,0,0,0,0,0,0,0,0,0,0,0,0,0,0,0,0
Albion Park - Macquarie Pass,0,0,0,0,7,10,18,18,27,23,11,20,0,0,134,1397.201493,1397,"$1,250-$1,499 ($65,000-$77,999)"
Albion Park Rail,0,0,3,0,4,7,7,10,8,3,4,0,0,0,46,1127.173913,1127,"$1,000-$1,249 ($52,000-$64,999)"
Kiama,0,0,4,3,4,0,3,18,3,16,9,21,4,8,93,1731.182796,1731,"$1,500-$1,749 ($78,000-$90,999)"
Kiama Downs - Minnamurra,0,0,0,0,0,6,10,7,7,7,9,12,0,3,61,1602.04918,1602,"$1,500-$1,749 ($78,000-$90,999)"
Kiama Hinterland - Gerringong,0,4,0,0,3,4,3,11,18,11,10,26,0,9,99,1701.767677,1701,"$1,500-$1,749 ($78,000-$90,999)"
Shellharbour - Flinders,0,4,0,0,4,5,11,21,20,27,31,27,0,6,156,1672.115385,1672,"$1,500-$1,749 ($78,000-$90,999)"
Shellharbour - Oak Flats,0,4,0,0,0,5,3,11,14,10,5,12,0,0,64,1407.8125,1407,"$1,250-$1,499 ($65,000-$77,999)"
Warilla,0,4,3,0,0,12,14,12,18,11,10,8,0,0,92,1297.554348,1297,"$1,250-$1,499 ($65,000-$77,999)"
Balgownie - Fairy Meadow,0,0,0,5,8,16,21,29,35,35,26,32,4,18,229,1641.812227,1641,"$1,500-$1,749 ($78,000-$90,999)"
Corrimal - Tarrawanna - Bellambi,0,0,0,4,11,9,12,18,28,26,17,28,0,7,160,1537.1875,1537,"$1,500-$1,749 ($78,000-$90,999)"
Figtree - Keiraville,6,3,8,3,9,16,10,35,21,36,19,40,4,19,229,1571.179039,1571,"$1,500-$1,749 ($78,000-$90,999)"
Helensburgh,0,0,0,3,4,0,4,9,17,10,10,24,6,8,95,1836.842105,1836,"$1,750-$1,999 ($91,000-$103,999)"
Thirroul - Austinmer - Coalcliff,3,0,0,0,4,0,14,20,30,24,30,45,4,34,208,1967.548077,1967,"$1,750-$1,999 ($91,000-$103,999)"
Woonona - Bulli - Russell Vale,0,4,0,0,7,6,15,25,23,36,32,43,5,12,208,1730.288462,1730,"$1,500-$1,749 ($78,000-$90,999)"
Wollongong - East,0,4,8,3,8,13,19,39,36,42,22,49,8,15,266,1590.883459,1590,"$1,500-$1,749 ($78,000-$90,999)"
Wollongong - West,6,4,0,0,3,11,32,32,32,30,20,16,3,11,200,1484.25,1484,"$1,250-$1,499 ($65,000-$77,999)"
Bulahdelah - Stroud,0,0,0,0,0,0,0,0,3,0,0,3,0,0,6,1625,1625,"$1,500-$1,749 ($78,000-$90,999)"
Forster,0,0,3,0,10,3,0,22,13,15,6,21,0,4,97,1488.14433,1488,"$1,250-$1,499 ($65,000-$77,999)"
Forster-Tuncurry Surrounds,0,0,0,0,3,0,0,0,12,6,6,0,0,8,35,2027.857143,2027,"$2,000-$2,999 ($104,000-$155,999)"
Tuncurry,0,0,3,4,5,0,6,4,3,0,4,0,0,0,29,1025.862069,1025,"$1,000-$1,249 ($52,000-$64,999)"
Kempsey,0,0,3,3,4,5,11,8,16,14,12,11,0,5,92,1522.826087,1522,"$1,500-$1,749 ($78,000-$90,999)"
Kempsey Surrounds,0,0,0,3,5,6,7,7,5,15,7,6,7,0,68,1551.470588,1551,"$1,500-$1,749 ($78,000-$90,999)"
Macksville - Scotts Head,0,0,0,0,3,0,3,4,5,3,4,4,0,0,26,1468.269231,1468,"$1,250-$1,499 ($65,000-$77,999)"
Nambucca Heads,0,0,0,0,0,0,3,4,13,3,4,0,0,5,32,1795.3125,1795,"$1,750-$1,999 ($91,000-$103,999)"
Nambucca Heads Surrounds,0,0,0,0,3,0,0,5,6,12,9,3,0,0,38,1663.815789,1663,"$1,500-$1,749 ($78,000-$90,999)"
South West Rocks,0,0,0,0,4,0,6,4,3,0,3,8,0,3,31,1591.129032,1591,"$1,500-$1,749 ($78,000-$90,999)"
Lord Howe Island,0,0,0,0,0,0,0,0,0,0,0,0,0,0,0,0,0,0
Laurieton - Bonny Hills,0,0,7,0,12,4,13,18,15,11,13,20,0,0,113,1351.327434,1351,"$1,250-$1,499 ($65,000-$77,999)"
Port Macquarie - West,0,0,4,3,7,9,13,28,29,15,13,23,0,9,153,1489.379085,1489,"$1,250-$1,499 ($65,000-$77,999)"
Port Macquarie Surrounds,0,0,0,0,0,5,0,8,4,5,5,13,0,0,40,1578.125,1578,"$1,500-$1,749 ($78,000-$90,999)"
Wauchope,0,0,0,0,0,6,6,9,18,7,7,19,0,0,72,1515.625,1515,"$1,500-$1,749 ($78,000-$90,999)"
Port Macquarie - East,0,3,0,4,0,17,3,13,21,17,28,26,7,11,150,1790.833333,1790,"$1,750-$1,999 ($91,000-$103,999)"
Port Macquarie - South,0,3,0,0,5,12,9,23,34,26,18,19,3,3,155,1523.225806,1523,"$1,500-$1,749 ($78,000-$90,999)"
Gloucester,0,0,0,0,0,0,0,0,4,7,0,0,0,0,11,1534.090909,1534,"$1,500-$1,749 ($78,000-$90,999)"
Old Bar - Manning Point - Red Head,3,0,0,0,0,3,10,19,24,18,15,18,0,6,116,1614.439655,1614,"$1,500-$1,749 ($78,000-$90,999)"
Taree,0,0,0,3,13,10,6,20,17,24,27,7,0,6,133,1563.721805,1563,"$1,500-$1,749 ($78,000-$90,999)"
Taree Surrounds,0,0,4,0,3,4,8,14,3,6,9,6,0,8,65,1609.230769,1609,"$1,500-$1,749 ($78,000-$90,999)"
Wingham,0,0,0,0,0,3,0,6,11,0,3,0,0,0,23,1371.73913,1371,"$1,250-$1,499 ($65,000-$77,999)"
Albury - East,0,0,0,0,4,3,9,27,43,30,23,29,0,5,173,1619.653179,1619,"$1,500-$1,749 ($78,000-$90,999)"
Albury - North,0,0,0,0,6,0,8,18,13,16,8,15,0,0,84,1463.095238,1463,"$1,250-$1,499 ($65,000-$77,999)"
Albury - South,0,0,0,3,0,3,12,14,16,17,13,28,6,16,128,1876.5625,1876,"$1,750-$1,999 ($91,000-$103,999)"
Albury Surrounds,0,0,0,0,0,5,4,12,14,9,3,7,4,7,65,1734.230769,1734,"$1,500-$1,749 ($78,000-$90,999)"
Lavington,0,0,0,0,5,4,12,10,11,10,11,6,0,0,69,1419.565217,1419,"$1,250-$1,499 ($65,000-$77,999)"
Hay,0,0,0,0,0,0,0,0,0,0,0,0,0,0,0,0,0,0
Wentworth - Buronga,0,0,0,0,5,0,3,4,7,4,3,4,3,0,33,1543.939394,1543,"$1,500-$1,749 ($78,000-$90,999)"
Wentworth-Balranald Region,0,0,0,0,0,0,0,0,0,0,0,3,0,0,3,1875,1875,"$1,750-$1,999 ($91,000-$103,999)"
Corowa,0,0,0,0,0,3,0,3,5,10,0,0,0,0,21,1365.47619,1365,"$1,250-$1,499 ($65,000-$77,999)"
Corowa Surrounds,0,0,0,0,0,0,6,0,0,3,0,0,0,0,9,1141.666667,1141,"$1,000-$1,249 ($52,000-$64,999)"
Deniliquin,0,0,0,0,4,4,0,9,14,13,6,10,3,0,63,1574.603175,1574,"$1,500-$1,749 ($78,000-$90,999)"
Deniliquin Surrounds,0,0,0,0,0,0,0,10,4,5,0,0,0,0,19,1309.210526,1309,"$1,250-$1,499 ($65,000-$77,999)"
Moama,0,0,0,0,0,0,7,10,3,7,3,4,0,0,34,1413.235294,1413,"$1,250-$1,499 ($65,000-$77,999)"
Tocumwal - Finley - Jerilderie,0,0,0,5,4,0,3,4,9,5,3,3,0,0,36,1260.416667,1260,"$1,250-$1,499 ($65,000-$77,999)"
Armidale,0,3,8,4,11,13,23,37,42,38,38,40,4,15,276,1588.224638,1588,"$1,500-$1,749 ($78,000-$90,999)"
Armidale Surrounds - North,0,5,0,6,0,0,3,0,4,5,6,4,0,0,33,1292.424242,1292,"$1,250-$1,499 ($65,000-$77,999)"
Armidale Surrounds - South,0,0,0,0,5,0,3,9,0,3,0,8,0,0,28,1270.535714,1270,"$1,250-$1,499 ($65,000-$77,999)"
Walcha,0,0,0,0,0,0,5,0,4,0,0,3,0,0,12,1302.083333,1302,"$1,250-$1,499 ($65,000-$77,999)"
Glen Innes,0,0,0,0,0,8,4,8,4,7,6,8,0,4,49,1617.857143,1617,"$1,500-$1,749 ($78,000-$90,999)"
Inverell,0,0,3,3,3,4,0,14,5,12,14,5,0,0,63,1484.52381,1484,"$1,250-$1,499 ($65,000-$77,999)"
Inverell Surrounds - East,0,0,0,0,0,0,6,0,3,3,0,4,0,4,20,1795,1795,"$1,750-$1,999 ($91,000-$103,999)"
Inverell Surrounds - West,0,0,0,0,0,3,0,3,9,0,0,3,0,0,18,1308.333333,1308,"$1,250-$1,499 ($65,000-$77,999)"
Tenterfield,0,0,0,6,0,0,0,0,7,4,0,0,0,0,17,1107.352941,1107,"$1,000-$1,249 ($52,000-$64,999)"
Moree,0,0,0,4,3,3,8,9,15,19,10,6,6,3,86,1636.918605,1636,"$1,500-$1,749 ($78,000-$90,999)"
Moree Surrounds,0,0,0,0,0,0,0,4,0,0,0,3,0,0,7,1446.428571,1446,"$1,250-$1,499 ($65,000-$77,999)"
Narrabri,0,0,0,0,6,0,11,9,4,7,4,8,0,0,49,1333.673469,1333,"$1,250-$1,499 ($65,000-$77,999)"
Narrabri Surrounds,0,0,0,0,0,0,3,0,0,0,0,3,0,0,6,1387.5,1387,"$1,250-$1,499 ($65,000-$77,999)"
Gunnedah,0,0,5,0,0,6,9,13,14,5,3,8,3,0,66,1340.151515,1340,"$1,250-$1,499 ($65,000-$77,999)"
Gunnedah Surrounds,0,0,0,0,0,0,0,7,0,0,0,5,0,0,12,1437.5,1437,"$1,250-$1,499 ($65,000-$77,999)"
Quirindi,0,0,4,0,3,0,3,3,5,4,4,0,0,0,26,1252.884615,1252,"$1,250-$1,499 ($65,000-$77,999)"
Tamworth - East,0,0,0,0,10,8,11,31,29,35,26,21,0,4,175,1551.142857,1551,"$1,500-$1,749 ($78,000-$90,999)"
Tamworth - North,0,0,0,3,0,4,9,35,39,32,23,34,3,6,188,1645.478723,1645,"$1,500-$1,749 ($78,000-$90,999)"
Tamworth - West,0,0,0,0,0,0,3,9,4,7,0,0,0,0,23,1291.304348,1291,"$1,250-$1,499 ($65,000-$77,999)"
Tamworth Surrounds,0,3,0,0,8,8,4,23,21,27,17,23,5,4,143,1602.622378,1602,"$1,500-$1,749 ($78,000-$90,999)"
Belmont - Bennetts Green,0,0,0,4,0,4,13,16,16,14,15,28,0,9,119,1686.134454,1686,"$1,500-$1,749 ($78,000-$90,999)"
Belmont South - Blacksmiths,0,0,0,0,0,0,6,5,3,9,4,5,0,3,35,1704.285714,1704,"$1,500-$1,749 ($78,000-$90,999)"
Charlestown - Dudley,0,0,3,6,16,15,15,34,43,42,22,60,3,20,279,1613.620072,1613,"$1,500-$1,749 ($78,000-$90,999)"
Glendale - Cardiff - Hillsborough,3,0,5,5,10,12,19,35,42,34,30,54,5,15,269,1610.223048,1610,"$1,500-$1,749 ($78,000-$90,999)"
Mount Hutton - Windale,6,0,0,0,0,8,0,8,9,14,5,8,4,0,62,1465.725806,1465,"$1,250-$1,499 ($65,000-$77,999)"
Redhead,0,0,0,0,4,3,0,3,9,3,8,6,5,7,48,2022.916667,2022,"$2,000-$2,999 ($104,000-$155,999)"
Swansea - Caves Beach,0,0,0,0,3,10,10,10,11,5,11,10,5,5,80,1655.9375,1655,"$1,500-$1,749 ($78,000-$90,999)"
Valentine - Eleebana,0,3,6,0,9,3,14,18,21,13,18,33,3,16,157,1691.719745,1691,"$1,500-$1,749 ($78,000-$90,999)"
Warners Bay - Boolaroo,0,0,5,0,4,6,0,14,13,21,15,27,8,5,118,1760.805085,1760,"$1,750-$1,999 ($91,000-$103,999)"
Bolton Point - Teralba,0,0,0,0,0,5,3,7,6,18,5,13,0,3,60,1651.25,1651,"$1,500-$1,749 ($78,000-$90,999)"
Bonnells Bay - Silverwater,0,0,0,3,0,4,6,14,6,14,7,7,0,0,61,1426.639344,1426,"$1,250-$1,499 ($65,000-$77,999)"
Edgeworth - Cameron Park,5,0,0,0,0,7,10,17,22,26,11,14,0,4,116,1498.491379,1498,"$1,250-$1,499 ($65,000-$77,999)"
Morisset - Cooranbong,0,6,0,11,9,6,13,23,27,28,15,11,0,0,149,1303.020134,1303,"$1,250-$1,499 ($65,000-$77,999)"
Toronto - Awaba,0,0,0,3,8,3,5,18,15,12,21,24,3,7,119,1720.588235,1720,"$1,500-$1,749 ($78,000-$90,999)"
Wangi Wangi - Rathmines,0,0,5,0,3,8,3,11,9,4,6,15,0,3,67,1445.522388,1445,"$1,250-$1,499 ($65,000-$77,999)"
West Wallsend - Barnsley - Killingworth,0,0,0,0,0,7,4,5,3,16,3,8,0,0,46,1454.891304,1454,"$1,250-$1,499 ($65,000-$77,999)"
Adamstown - Kotara,0,0,5,6,8,9,21,24,48,36,37,46,11,14,265,1696.132075,1696,"$1,500-$1,749 ($78,000-$90,999)"
Beresfield - Hexham,0,0,0,0,0,3,4,3,9,10,4,0,0,0,33,1447.727273,1447,"$1,250-$1,499 ($65,000-$77,999)"
Hamilton - Broadmeadow,0,0,0,8,3,11,17,22,26,38,27,40,9,30,231,1851.082251,1851,"$1,750-$1,999 ($91,000-$103,999)"
Lambton - New Lambton,0,0,3,3,8,14,16,30,39,40,33,46,14,30,276,1823.097826,1823,"$1,750-$1,999 ($91,000-$103,999)"
Maryland - Fletcher - Minmi,0,0,0,0,0,6,10,21,25,23,26,21,0,0,132,1614.393939,1614,"$1,500-$1,749 ($78,000-$90,999)"
Mayfield - Warabrook,0,7,0,3,8,8,12,42,38,36,38,40,0,8,240,1583.854167,1583,"$1,500-$1,749 ($78,000-$90,999)"
Merewether - The Junction,0,0,0,5,8,8,4,20,28,27,24,59,13,44,240,2033.333333,2033,"$2,000-$2,999 ($104,000-$155,999)"
Newcastle - Cooks Hill,0,4,0,6,0,12,17,25,38,47,41,70,19,42,321,1952.803738,1952,"$1,750-$1,999 ($91,000-$103,999)"
Newcastle Port - Kooragang,0,0,0,0,0,0,0,0,0,0,0,0,0,0,0,0,0,0
Shortland - Jesmond,3,3,7,4,8,6,9,10,13,9,11,0,0,0,83,1125.903614,1125,"$1,000-$1,249 ($52,000-$64,999)"
Stockton - Fullerton Cove,0,0,0,0,0,0,8,15,15,20,4,19,0,5,86,1631.686047,1631,"$1,500-$1,749 ($78,000-$90,999)"
Wallsend - Elermore Vale,0,0,4,6,5,15,11,34,33,30,19,34,5,8,204,1547.181373,1547,"$1,500-$1,749 ($78,000-$90,999)"
Waratah - North Lambton,3,0,0,11,5,11,16,17,34,29,20,29,0,8,183,1507.103825,1507,"$1,500-$1,749 ($78,000-$90,999)"
Wickham - Carrington - Tighes Hill,0,3,3,4,3,8,17,23,21,40,25,45,3,6,201,1610.572139,1610,"$1,500-$1,749 ($78,000-$90,999)"
Ballina,0,0,4,3,11,3,16,16,21,17,13,26,4,3,137,1495.620438,1495,"$1,250-$1,499 ($65,000-$77,999)"
Ballina Surrounds,5,6,0,8,16,7,10,24,20,32,23,37,6,12,206,1570.26699,1570,"$1,500-$1,749 ($78,000-$90,999)"
Bangalow,0,0,3,4,4,0,10,4,14,10,11,17,7,15,99,1906.818182,1906,"$1,750-$1,999 ($91,000-$103,999)"
Brunswick Heads - Ocean Shores,0,0,0,0,7,6,14,23,14,6,9,22,3,3,107,1493.925234,1493,"$1,250-$1,499 ($65,000-$77,999)"
Byron Bay,0,3,4,0,8,6,8,16,16,22,20,24,6,19,152,1809.046053,1809,"$1,750-$1,999 ($91,000-$103,999)"
Evans Head,0,0,0,0,0,3,3,7,6,6,3,0,0,0,28,1366.071429,1366,"$1,250-$1,499 ($65,000-$77,999)"
Lennox Head - Skennars Head,0,0,0,3,6,8,4,14,18,16,13,26,3,14,125,1765.6,1765,"$1,750-$1,999 ($91,000-$103,999)"
Mullumbimby,0,0,0,3,9,12,11,29,10,16,9,12,0,7,118,1415.254237,1415,"$1,250-$1,499 ($65,000-$77,999)"
Casino,0,0,0,0,0,8,6,9,6,8,7,0,0,0,44,1365.340909,1365,"$1,250-$1,499 ($65,000-$77,999)"
Casino Surrounds,0,0,0,0,0,0,0,0,4,6,6,5,0,0,21,1886.904762,1886,"$1,750-$1,999 ($91,000-$103,999)"
Goonellabah,0,0,5,0,7,10,8,9,25,28,25,20,0,0,137,1534.489051,1534,"$1,500-$1,749 ($78,000-$90,999)"
Kyogle,0,0,3,0,0,3,6,14,4,6,3,0,0,3,42,1372.02381,1372,"$1,250-$1,499 ($65,000-$77,999)"
Lismore,0,0,4,4,12,18,17,35,32,41,29,25,9,0,226,1491.482301,1491,"$1,250-$1,499 ($65,000-$77,999)"
Lismore Surrounds,0,0,7,10,10,13,12,20,18,21,9,32,4,7,163,1437.423313,1437,"$1,250-$1,499 ($65,000-$77,999)"
Kingscliff - Fingal Head,0,0,3,0,10,5,18,18,20,13,10,30,5,15,147,1670.068027,1670,"$1,500-$1,749 ($78,000-$90,999)"
Murwillumbah,0,0,0,0,5,5,4,15,5,6,8,3,0,0,51,1357.352941,1357,"$1,250-$1,499 ($65,000-$77,999)"
Murwillumbah Surrounds,0,4,3,6,12,3,4,18,14,11,6,15,4,4,104,1392.548077,1392,"$1,250-$1,499 ($65,000-$77,999)"
Pottsville,0,0,0,5,0,6,17,23,15,22,12,16,0,3,119,1467.647059,1467,"$1,250-$1,499 ($65,000-$77,999)"
Tweed Heads,0,5,0,3,9,13,13,25,17,14,9,14,0,6,128,1349.804688,1349,"$1,250-$1,499 ($65,000-$77,999)"
Banora Point,0,5,3,0,0,8,8,10,19,14,12,14,5,0,98,1508.163265,1508,"$1,500-$1,749 ($78,000-$90,999)"
Terranora - North Tumbulgum,0,0,0,0,0,0,3,4,7,8,3,8,0,3,36,1745.138889,1745,"$1,500-$1,749 ($78,000-$90,999)"
Tweed Heads South,0,0,0,3,0,4,4,9,8,4,4,9,0,0,45,1385.555556,1385,"$1,250-$1,499 ($65,000-$77,999)"
Griffith (NSW),0,3,3,6,3,4,17,17,31,27,7,20,4,6,148,1479.560811,1479,"$1,250-$1,499 ($65,000-$77,999)"
Griffith Surrounds,0,0,0,0,0,0,6,10,9,5,0,5,0,5,40,1600.625,1600,"$1,500-$1,749 ($78,000-$90,999)"
Leeton,0,0,0,4,0,4,5,12,9,4,7,4,0,0,49,1358.673469,1358,"$1,250-$1,499 ($65,000-$77,999)"
Narrandera,0,0,3,0,0,0,0,0,6,4,3,3,0,0,19,1522.368421,1522,"$1,500-$1,749 ($78,000-$90,999)"
Tumbarumba,0,0,0,0,0,0,0,0,0,0,0,5,0,0,5,1875,1875,"$1,750-$1,999 ($91,000-$103,999)"
Tumut,0,0,0,0,3,4,4,6,5,4,3,0,0,0,29,1236.206897,1236,"$1,000-$1,249 ($52,000-$64,999)"
Tumut Surrounds,0,0,0,0,0,0,0,8,3,3,0,0,0,0,14,1285.714286,1285,"$1,250-$1,499 ($65,000-$77,999)"
Cootamundra,0,0,4,0,0,3,4,5,0,4,0,7,0,0,27,1200.925926,1200,"$1,000-$1,249 ($52,000-$64,999)"
Gundagai,0,0,0,0,0,0,4,7,0,0,0,0,0,0,11,1043.181818,1043,"$1,000-$1,249 ($52,000-$64,999)"
Junee,0,0,0,0,0,3,0,0,5,3,3,10,5,0,29,1945.689655,1945,"$1,750-$1,999 ($91,000-$103,999)"
Temora,0,0,4,0,0,0,10,4,5,8,5,6,0,3,45,1533.888889,1533,"$1,500-$1,749 ($78,000-$90,999)"
Wagga Wagga - East,0,4,3,0,6,11,12,32,22,36,19,31,3,9,188,1573.404255,1573,"$1,500-$1,749 ($78,000-$90,999)"
Wagga Wagga - North,0,0,0,0,4,4,3,5,7,12,3,12,0,0,50,1453,1453,"$1,250-$1,499 ($65,000-$77,999)"
Wagga Wagga - South,4,0,0,3,11,5,27,30,34,27,19,35,6,7,208,1525.961538,1525,"$1,500-$1,749 ($78,000-$90,999)"
Wagga Wagga - West,0,3,4,3,3,8,5,23,24,19,19,18,8,9,146,1670.890411,1670,"$1,500-$1,749 ($78,000-$90,999)"
Wagga Wagga Surrounds,0,0,0,0,0,4,16,12,21,27,11,14,0,11,116,1687.931034,1687,"$1,500-$1,749 ($78,000-$90,999)"
Berry - Kangaroo Valley,0,0,0,0,8,7,10,12,10,7,8,15,6,27,110,1994.772727,1994,"$1,750-$1,999 ($91,000-$103,999)"
Callala Bay - Currarong,0,0,3,0,3,0,0,3,0,8,4,3,0,5,29,1802.586207,1802,"$1,750-$1,999 ($91,000-$103,999)"
Culburra Beach,0,0,0,0,0,0,5,9,4,0,0,9,0,4,31,1645.16129,1645,"$1,500-$1,749 ($78,000-$90,999)"
Ettrema - Sassafras - Budawang,0,0,0,0,0,0,0,0,0,0,0,0,0,0,0,0,0,0
Huskisson - Vincentia,0,0,0,5,0,5,7,7,4,6,8,12,0,9,63,1734.920635,1734,"$1,500-$1,749 ($78,000-$90,999)"
North Nowra - Bomaderry,3,0,0,3,8,19,7,16,21,16,19,19,0,4,135,1453.703704,1453,"$1,250-$1,499 ($65,000-$77,999)"
Nowra,0,4,3,0,0,9,16,28,27,29,20,15,0,3,154,1475.649351,1475,"$1,250-$1,499 ($65,000-$77,999)"
St Georges Basin - Erowal Bay,0,0,5,0,4,6,7,7,9,14,12,9,0,4,77,1539.935065,1539,"$1,500-$1,749 ($78,000-$90,999)"
Sussex Inlet - Berrara,0,0,0,0,0,0,0,0,0,0,4,0,0,0,4,2500,2500,"$2,000-$2,999 ($104,000-$155,999)"
Tomerong - Wandandian - Woollamia,0,0,0,0,0,0,4,4,3,4,6,3,0,0,24,1639.583333,1639,"$1,500-$1,749 ($78,000-$90,999)"
Ulladulla,0,0,5,0,0,5,15,15,20,15,10,14,0,5,104,1503.605769,1503,"$1,500-$1,749 ($78,000-$90,999)"
Ulladulla Surrounds,0,3,0,0,5,6,6,5,12,0,3,5,3,6,54,1537.962963,1537,"$1,500-$1,749 ($78,000-$90,999)"
Bowral,0,3,0,0,9,10,10,14,28,19,18,29,8,34,182,1931.868132,1931,"$1,750-$1,999 ($91,000-$103,999)"
Hill Top - Colo Vale,3,0,0,0,0,0,3,7,8,3,10,10,0,0,44,1600.568182,1600,"$1,500-$1,749 ($78,000-$90,999)"
Mittagong,0,0,0,3,0,0,4,12,6,7,10,16,4,13,75,2021,2021,"$2,000-$2,999 ($104,000-$155,999)"
Moss Vale - Berrima,0,3,0,0,0,6,12,14,7,13,4,19,9,6,93,1701.075269,1701,"$1,500-$1,749 ($78,000-$90,999)"
Robertson - Fitzroy Falls,0,0,3,3,0,5,0,0,3,6,5,10,0,13,48,2013.541667,2013,"$2,000-$2,999 ($104,000-$155,999)"
Southern Highlands,0,0,0,0,0,7,0,10,11,7,7,14,4,21,81,2136.728395,2136,"$2,000-$2,999 ($104,000-$155,999)"
